110.72554 915.31114
110.74215 -9.0573195
110.74215 -19.646781
110.75876 -822.46609
110.75876 -833.0427
110.77537 -396.67212
110.77537 -407.27924
110.7809 -509.70182
110.79198 -142.4467
110.79198 -152.9943
110.80858 -805.92761
110.80858 -816.48313
110.82519 -431.70675
110.82519 -442.25614
110.83627 -489.15554
110.8418 67.463953
110.8418 56.905756
110.85841 91.230835
110.85841 80.707535
110.87502 -77.005553
110.87502 -87.531935
110.89163 432.56124
110.89163 422.01967
110.90824 -372.83409
110.90824 -383.37917
110.92485 -282.96475
110.92485 -293.50136
110.94146 414.27736
110.94146 403.75931
110.94699 -19.614994
110.95806 284.92979
110.95806 274.40718
110.97467 -262.47104
110.97467 -272.98802
110.99128 15.036241
110.99128 4.5127006
111.00235 38.439624
111.00789 -207.00808
111.00789 -217.53469
111.0245 -547.16086
111.0245 -557.687
111.04111 -464.87271
111.04111 -475.39669
111.05772 221.27033
111.05772 210.73277
111.07433 260.61762
111.07433 250.11157
111.09093 -589.30238
111.09093 -599.82771
111.10754 -394.57284
111.10754 -405.0858
111.11308 -453.74401
111.12415 -74.548099
111.12415 -85.062227
111.14076 -351.67652
111.14076 -362.2058
111.15737 -629.85382
111.15737 -640.37598
111.16844 -2.2549649
111.17398 -240.10989
111.17398 -250.64003
111.19059 -128.86445
111.19059 -139.36504
111.2072 -968.0137
111.2072 -978.54412
111.22381 -435.61687
111.22381 -446.16509
111.24041 -412.07507
111.24041 -422.57795
111.25702 -479.33682
111.25702 -489.86051
111.27363 -691.89866
111.27363 -702.40956
111.27917 -702.63222
111.29024 -370.82628
111.29024 -381.34046
111.30685 -95.90943
111.30685 -106.41889
111.32346 -480.81397
111.32346 -491.33326
111.33453 -740.9902
111.34007 -487.62369
111.34007 -498.15069
111.35668 -18.009328
111.35668 -28.541134
111.37328 -424.70936
111.37328 -435.19047
111.38989 -469.57196
111.38989 -480.05818
111.4065 -526.92447
111.4065 -537.38801
111.42311 158.96963
111.42311 148.49033
111.43972 -230.58657
111.43972 -241.06394
111.44526 -444.23847
111.45633 -569.71558
111.45633 -580.19849
111.47294 -445.56954
111.47294 -456.06475
111.48955 68.664585
111.48955 58.171745
111.50062 -195.20502
111.50616 -303.94598
111.50616 -314.45443
111.52276 -656.07243
111.52276 -666.58928
111.53937 -634.25616
111.53937 -644.76506
111.55598 -858.08299
111.55598 -868.58904
111.57259 -639.55191
111.57259 -650.04557
111.5892 -176.21102
111.5892 -186.69741
111.60581 -394.14423
111.60581 -404.65173
111.61134 -728.66752
111.62242 -678.91674
111.62242 -689.44066
111.63903 -3.9008246
111.63903 -14.411064
111.65564 -746.35426
111.65564 -756.86663
111.66671 -864.39527
111.67224 -467.90257
111.67224 -478.42328
111.68885 -448.37243
111.68885 -458.86408
111.70546 -517.3626
111.70546 -527.86795
111.72207 -554.80232
111.72207 -565.29043
111.73868 -778.05308
111.73868 -788.5305
111.75529 -280.54452
111.75529 -291.01653
111.7719 -816.40282
111.7719 -826.86678
111.77743 -806.1019
111.78851 -940.06586
111.78851 -950.52483
111.80511 -232.486
111.80511 -242.95543
111.82172 -497.75396
111.82172 -508.18906
111.8328 -1184.0862
111.83833 -1089.868
111.83833 -1100.3048
111.85494 -543.27346
111.85494 -553.70688
111.87155 -453.86277
111.87155 -464.26714
111.88816 -900.11777
111.88816 -910.56461
111.90477 -598.75456
111.90477 -609.19355
111.92138 -613.04549
111.92138 -623.51445
111.93799 -383.83521
111.93799 -394.26046
111.94352 -589.8458
111.95459 -583.16159
111.95459 -593.59851
111.9712 -1120.1381
111.9712 -1130.5882
111.98781 -233.62747
111.98781 -244.03724
111.99888 -1033.3496
112.00442 -640.39405
112.00442 -650.87108
112.02103 -613.7514
112.02103 -624.21817
112.03764 -82.108478
112.03764 -92.574242
112.05425 -873.34416
112.05425 -883.80627
112.07086 -424.46591
112.07086 -434.90372
112.08746 -631.80806
112.08746 -642.27592
112.10407 -134.51638
112.10407 -144.97879
112.10961 -977.40815
112.12068 -722.53798
112.12068 -732.99969
112.13729 -1230.5313
112.13729 -1241.0188
112.1539 -829.16406
112.1539 -839.61419
112.16497 -56.219388
112.17051 -243.13936
112.17051 -253.63329
112.18712 -694.46772
112.18712 -704.95674
112.20373 -1218.8922
112.20373 -1229.3467
112.22034 -919.4998
112.22034 -929.95422
112.23694 -103.96287
112.23694 -114.43336
112.25355 -978.67972
112.25355 -989.13214
112.27016 -762.74584
112.27016 -773.16952
112.2757 -605.36509
112.28677 -418.89098
112.28677 -429.29983
112.30338 -588.76856
112.30338 -599.21446
112.31999 -852.9975
112.31999 -863.4544
112.33106 -897.99138
112.3366 -704.32619
112.3366 -714.74132
112.35321 38.067945
112.35321 27.655436
112.36981 -860.77857
112.36981 -871.22117
112.38642 -1225.2572
112.38642 -1235.6893
112.40303 -296.38225
112.40303 -306.81117
112.41964 -416.98714
112.41964 -427.41471
112.43625 -1271.7506
112.43625 -1282.1652
112.44179 -570.21775
112.45286 -1172.8842
112.45286 -1183.2886
112.46947 -418.8948
112.46947 -429.28466
112.48608 -762.15955
112.48608 -772.58128
112.49715 -543.61866
112.50269 -987.22414
112.50269 -997.68369
112.51929 -426.64501
112.51929 -437.09448
112.5359 -717.70456
112.5359 -728.11013
112.55251 -1150.4115
112.55251 -1160.8179
112.56912 -1119.2833
112.56912 -1129.7101
112.58573 -1485.5341
112.58573 -1495.9487
112.60234 -869.69648
112.60234 -880.11149
112.60787 -462.0794
112.61895 -735.84884
112.61895 -746.28537
112.63556 -554.62764
112.63556 -565.0476
112.65216 -782.71009
112.65216 -793.13631
112.66324 -947.05963
112.66877 -1052.533
112.66877 -1062.9719
112.68538 -618.85857
112.68538 -629.30534
112.70199 -981.08225
112.70199 -991.54692
112.7186 -836.55554
112.7186 -846.99373
112.73521 -1002.2265
112.73521 -1012.6828
112.75182 -702.58092
112.75182 -713.04465
112.76843 -785.29546
112.76843 -795.74981
112.77396 -1123.4849
112.78504 -1115.6031
112.78504 -1126.044
112.80164 -588.00699
112.80164 -598.42438
112.81825 -1089.1987
112.81825 -1099.6284
112.82933 -636.52016
112.83486 -666.74259
112.83486 -677.14052
112.85147 -1321.6787
112.85147 -1332.0783
112.86808 -735.23828
112.86808 -745.59931
112.88469 -628.22797
112.88469 -638.58184
112.9013 -1620.9872
112.9013 -1631.3764
112.91791 -1261.3301
112.91791 -1271.7033
112.93452 -783.6291
112.93452 -794.01555
112.94005 -919.20757
112.95112 -1126.3084
112.95112 -1136.6694
112.96773 -1173.0831
112.96773 -1183.4429
112.98434 -1257.3241
112.98434 -1267.7067
112.99541 -515.48271
113.00095 -849.26076
113.00095 -859.63069
113.01756 -948.32412
113.01756 -958.69406
113.03417 -985.8647
113.03417 -996.23417
113.05078 -804.74429
113.05078 -815.09317
113.06739 -610.35295
113.06739 -620.71353
113.08399 -1064.097
113.08399 -1074.4617
113.1006 -1170.784
113.1006 -1181.112
113.10614 -1213.2705
113.11721 -865.06726
113.11721 -875.43053
113.13382 -1235.5868
113.13382 -1245.9322
113.15043 -854.37662
113.15043 -864.72331
113.1615 -1010.534
113.16704 -485.86365
113.16704 -496.21481
113.18365 -1165.2515
113.18365 -1175.6223
113.20026 -1289.2208
113.20026 -1299.5786
113.21687 -786.79831
113.21687 -797.16824
113.23347 -491.57483
113.23347 -501.9546
113.25008 -1135.8653
113.25008 -1146.2316
113.26669 -1350.1101
113.26669 -1360.4944
113.27223 -1449.9934
113.2833 -899.24375
113.2833 -909.59321
113.29991 -653.26306
113.29991 -663.61234
113.31652 -1170.5501
113.31652 -1180.9175
113.32759 -934.63597
113.33313 -1061.7696
113.33313 -1072.1472
113.34974 -912.23149
113.34974 -922.58094
113.36634 -853.10197
113.36634 -863.45741
113.38295 -1082.7438
113.38295 -1093.0802
113.39956 -1172.4828
113.39956 -1182.8351
113.41617 -715.76441
113.41617 -726.12053
113.43278 -995.37307
113.43278 -1005.7192
113.43832 -669.28142
113.44939 -1213.6503
113.44939 -1224.0076
113.466 -1028.3954
113.466 -1038.7658
113.48261 -944.36402
113.48261 -954.70576
113.49368 -1421.6264
113.49922 -1148.9926
113.49922 -1159.3469
113.51582 -1044.2024
113.51582 -1054.5441
113.53243 -598.68737
113.53243 -609.0
113.54904 -992.05235
113.54904 -1002.3581
113.56565 -1563.0022
113.56565 -1573.3455
113.58226 -1138.1792
113.58226 -1148.4781
113.59887 -572.84647
113.59887 -583.17075
113.6044 -902.7688
113.61548 -1226.4039
113.61548 -1236.7301
113.63209 -1124.7908
113.63209 -1135.1213
113.64869 -1106.4432
113.64869 -1116.7548
113.65977 -1204.0134
113.6653 -1274.8958
113.6653 -1285.2127
113.68191 -1510.3025
113.68191 -1520.6096
113.69852 -1405.669
113.69852 -1415.9663
113.71513 -1206.5869
113.71513 -1216.8834
113.73174 -1358.7773
113.73174 -1369.0884
113.74835 -1121.9749
113.74835 -1132.2661
113.76496 -1399.7879
113.76496 -1410.1003
113.77049 -1501.776
113.78157 -1314.8095
113.78157 -1325.1064
113.79817 -599.52159
113.79817 -609.81128
113.81478 -1425.9975
113.81478 -1436.2853
113.82586 -724.52327
113.83139 -1290.0242
113.83139 -1300.3046
113.848 -1247.4753
113.848 -1257.7698
113.86461 -700.58734
113.86461 -710.86764
113.88122 -1305.1219
113.88122 -1315.3976
113.89783 -1295.6967
113.89783 -1305.9654
113.91444 -919.1674
113.91444 -929.46399
113.93104 -1557.2796
113.93104 -1567.5461
113.93658 -1324.5997
113.94765 -1153.2899
113.94765 -1163.5678
113.96426 -1174.4681
113.96426 -1184.7463
113.98087 -1553.3281
113.98087 -1563.6208
113.99194 -1134.2381
113.99748 -1435.5093
113.99748 -1445.797
114.01409 -1108.9933
114.01409 -1119.2857
114.0307 -963.56108
114.0307 -973.85827
114.04731 -1667.4525
114.04731 -1677.7353
114.06392 -1233.5074
114.06392 -1243.7687
114.08052 -1258.916
114.08052 -1269.1919
114.09713 -2005.5895
114.09713 -2015.8745
114.10267 -1416.3006
114.11374 -1580.8163
114.11374 -1591.1145
114.13035 -1227.92
114.13035 -1238.1877
114.14696 -1149.2809
114.14696 -1159.5665
114.15803 -831.00197
114.16357 -1193.6984
114.16357 -1203.9925
114.18018 -1047.2247
114.18018 -1057.4699
114.19679 -932.86715
114.19679 -943.13984
114.2134 -1573.2588
114.2134 -1583.501
114.23 -1240.7635
114.23 -1251.0109
114.24661 -1285.079
114.24661 -1295.3397
114.26322 -1523.0703
114.26322 -1533.2913
114.26876 -1042.5012
114.27983 -796.38245
114.27983 -806.59944
114.29644 -1152.4749
114.29644 -1162.7125
114.31305 -1083.4061
114.31305 -1093.614
114.32412 -1425.1454
114.32966 -1298.1357
114.32966 -1308.3742
114.34627 -1526.5399
114.34627 -1536.7713
114.36287 -846.5166
114.36287 -856.76417
114.37948 -1083.4047
114.37948 -1093.6397
114.39609 -1773.356
114.39609 -1783.6018
114.4127 -1522.3068
114.4127 -1532.5688
114.42931 -1199.5024
114.42931 -1209.742
114.43485 -1159.5751
114.44592 -1656.7553
114.44592 -1667.0168
114.46253 -1876.9339
114.46253 -1887.1786
114.47914 -1438.8542
114.47914 -1449.1432
114.49021 -1414.0333
114.49575 -1027.807
114.49575 -1038.0566
114.51235 -1657.5272
114.51235 -1667.7714
114.52896 -1602.1713
114.52896 -1612.4182
114.54557 -1275.4713
114.54557 -1285.6991
114.56218 -1162.2399
114.56218 -1172.4906
114.57879 -1564.4796
114.57879 -1574.7127
114.5954 -1674.0695
114.5954 -1684.3277
114.60093 -1791.8842
114.61201 -1543.7544
114.61201 -1553.9839
114.62862 -1630.1225
114.62862 -1640.3465
114.64522 -1591.4785
114.64522 -1601.7022
114.6563 -1571.2125
114.66183 -1311.351
114.66183 -1321.5903
114.67844 -1076.5463
114.67844 -1086.7845
114.69505 -1459.881
114.69505 -1470.0957
114.71166 -1681.9312
114.71166 -1692.1556
114.72827 -1185.3706
114.72827 -1195.5942
114.74488 -1544.8269
114.74488 -1555.0469
114.76149 -1995.612
114.76149 -2005.8191
114.76702 -1967.7832
114.7781 -1491.0254
114.7781 -1501.2425
114.7947 -1450.983
114.7947 -1461.2118
114.81131 -1352.4155
114.81131 -1362.619
114.82239 -1530.701
114.82792 -1668.3857
114.82792 -1678.6065
114.84453 -1614.9333
114.84453 -1625.137
114.86114 -2024.7641
114.86114 -2034.9742
114.87775 -1512.1378
114.87775 -1522.3499
114.89436 -1369.8576
114.89436 -1380.0681
114.91097 -1743.3132
114.91097 -1753.5292
114.92757 -1268.1331
114.92757 -1278.3471
114.93311 -1512.5792
114.94418 -1326.6625
114.94418 -1336.8905
114.96079 -1647.7451
114.96079 -1657.9885
114.9774 -1485.3919
114.9774 -1495.6147
114.98847 -1438.3405
114.99401 -1555.3528
114.99401 -1565.5748
115.01062 -1364.4722
115.01062 -1374.6716
115.02723 -1603.4427
115.02723 -1613.6482
115.04384 -1954.6898
115.04384 -1964.895
115.06045 -1183.7408
115.06045 -1193.9294
115.07705 -1839.6756
115.07705 -1849.8572
115.09366 -1934.4097
115.09366 -1944.5878
115.0992 -1541.9034
115.11027 -1278.8508
115.11027 -1289.0479
115.12688 -1179.9094
115.12688 -1190.095
115.14349 -1440.042
115.14349 -1450.2442
115.15456 -1814.8252
115.1601 -2064.5449
115.1601 -2074.7491
115.17671 -1169.1984
115.17671 -1179.3884
115.19332 -1489.357
115.19332 -1499.5287
115.20992 -2035.685
115.20992 -2045.8664
115.22653 -1470.4623
115.22653 -1480.6232
115.24314 -1548.6672
115.24314 -1558.8417
115.25975 -1656.6386
115.25975 -1666.8015
115.26529 -1474.376
115.27636 -1624.7513
115.27636 -1634.917
115.29297 -1575.5301
115.29297 -1585.7165
115.30958 -1416.3707
115.30958 -1426.5433
115.32065 -1726.8217
115.32619 -1786.0652
115.32619 -1796.2316
115.3428 -1797.9442
115.3428 -1808.1228
115.3594 -1808.6597
115.3594 -1818.8127
115.37601 -2016.2931
115.37601 -2026.4462
115.39262 -1793.036
115.39262 -1803.1898
115.40923 -1906.2384
115.40923 -1916.4058
115.42584 -1572.5963
115.42584 -1582.7523
115.43138 -1945.0556
115.44245 -1190.7833
115.44245 -1200.9489
115.45906 -1524.992
115.45906 -1535.1744
115.47567 -1840.2378
115.47567 -1850.3656
115.48674 -1256.7896
115.49228 -1447.3247
115.49228 -1457.4822
115.50888 -1598.8741
115.50888 -1609.0155
115.52549 -1671.8646
115.52549 -1682.0089
115.5421 -2103.7123
115.5421 -2113.855
115.55871 -1642.8235
115.55871 -1652.9782
115.57532 -1465.7192
115.57532 -1475.8616
115.59193 -1836.5434
115.59193 -1846.6922
115.59746 -1922.6564
115.60854 -1886.8879
115.60854 -1897.0377
115.62515 -1703.9223
115.62515 -1714.0708
115.64175 -1399.4714
115.64175 -1409.6138
115.65283 -1974.392
115.65836 -1633.1215
115.65836 -1643.2366
115.67497 -1895.29
115.67497 -1905.41
115.69158 -1583.8059
115.69158 -1593.9315
115.70819 -2100.067
115.70819 -2110.1926
115.7248 -1830.7689
115.7248 -1840.8838
115.74141 -1280.3808
115.74141 -1290.5157
115.75802 -1371.8143
115.75802 -1381.9356
115.76355 -1803.7686
115.77463 -2006.9477
115.77463 -2017.047
115.79123 -1796.6283
115.79123 -1806.7346
115.80784 -1510.6294
115.80784 -1520.73
115.81892 -1605.1989
115.82445 -1781.3609
115.82445 -1791.4764
115.84106 -1560.8004
115.84106 -1570.9294
115.85767 -1854.0141
115.85767 -1864.1458
115.87428 -1555.7293
115.87428 -1565.8532
115.89089 -1677.6743
115.89089 -1687.7936
115.9075 -1850.8862
115.9075 -1861.0168
115.9241 -1895.2542
115.9241 -1905.3976
115.92964 -2061.8293
115.94071 -1488.6233
115.94071 -1498.7483
115.95732 -1159.3138
115.95732 -1169.4543
115.97393 -1543.1841
115.97393 -1553.3149
115.985 -1977.503
115.99054 -1867.0242
115.99054 -1877.1267
116.00715 -1602.1002
116.00715 -1612.1946
116.02376 -1670.3449
116.02376 -1680.4287
116.04037 -1924.6007
116.04037 -1934.6988
116.05698 -1751.855
116.05698 -1761.9475
116.07358 -1706.9246
116.07358 -1717.0307
116.09019 -2166.1074
116.09019 -2176.2037
116.09573 -1610.7814
116.1068 -1985.4621
116.1068 -1995.5623
116.12341 -1580.7314
116.12341 -1590.8338
116.14002 -1880.7856
116.14002 -1890.9016
116.15109 -2208.2309
116.15663 -2095.1644
116.15663 -2105.2614
116.17324 -1621.7501
116.17324 -1631.8454
116.18985 -1805.7238
116.18985 -1815.8176
116.20645 -2294.7956
116.20645 -2304.8995
116.22306 -1589.7746
116.22306 -1599.888
116.23967 -1734.7682
116.23967 -1744.8657
116.25628 -1987.3231
116.25628 -1997.4065
116.26182 -1876.6594
116.27289 -1640.7412
116.27289 -1650.8164
116.2895 -2150.1547
116.2895 -2160.2484
116.30611 -2077.0368
116.30611 -2087.1031
116.31718 -1688.1731
116.32272 -1876.7681
116.32272 -1886.859
116.33933 -1242.1795
116.33933 -1252.2696
116.35593 -2238.6386
116.35593 -2248.7449
116.37254 -1917.5015
116.37254 -1927.6061
116.38915 -1682.3348
116.38915 -1692.4212
116.40576 -1871.7551
116.40576 -1881.8324
116.42237 -2198.2039
116.42237 -2208.2793
116.42791 -1972.1766
116.43898 -2010.453
116.43898 -2020.5941
116.45559 -1763.6266
116.45559 -1773.7116
116.4722 -1831.0618
116.4722 -1841.142
116.48327 -1943.7259
116.4888 -2032.5978
116.4888 -2042.6543
116.50541 -1743.7302
116.50541 -1753.8007
116.52202 -1877.819
116.52202 -1887.8785
116.53863 -1828.7972
116.53863 -1838.8428
116.55524 -2201.6216
116.55524 -2211.6774
116.57185 -1946.3783
116.57185 -1956.4599
116.58846 -1961.7314
116.58846 -1971.7802
116.59399 -2179.2017
116.60507 -1928.7436
116.60507 -1938.7949
116.62168 -1671.0932
116.62168 -1681.1633
116.63828 -1962.0241
116.63828 -1972.0876
116.64936 -1900.8662
116.65489 -2198.9625
116.65489 -2209.0013
116.6715 -2081.2551
116.6715 -2091.2886
116.68811 -2097.5519
116.68811 -2107.5636
116.70472 -1898.1456
116.70472 -1908.1691
116.72133 -2125.1773
116.72133 -2135.1938
116.73794 -2009.5916
116.73794 -2019.625
116.75455 -1810.5808
116.75455 -1820.6425
116.76008 -1814.7979
116.77116 -1974.7553
116.77116 -1984.7579
116.78776 -1961.1722
116.78776 -1971.2092
116.80437 -2142.8344
116.80437 -2152.8861
116.81545 -2382.4476
116.82098 -1745.7023
116.82098 -1755.7329
116.83759 -1757.4507
116.83759 -1767.4694
116.8542 -2161.5757
116.8542 -2171.625
116.87081 -1932.3205
116.87081 -1942.3453
116.88742 -1961.4849
116.88742 -1971.5085
116.90403 -2338.8955
116.90403 -2348.9019
116.92063 -1923.1373
116.92063 -1933.1713
116.92617 -2105.072
116.93724 -2244.2287
116.93724 -2254.2322
116.95385 -1857.2205
116.95385 -1867.2347
116.97046 -1673.7474
116.97046 -1683.7384
116.98153 -2009.5932
116.98707 -2172.0007
116.98707 -2181.9799
117.00368 -1932.6113
117.00368 -1942.6277
117.02029 -2032.7632
117.02029 -2042.7474
117.0369 -1872.5762
117.0369 -1885.287
117.05351 -1842.7004
117.05351 -1852.7097
117.07011 -2154.3994
117.07011 -2164.392
117.08672 -2387.6411
117.08672 -2397.6483
117.09226 -2228.9341
117.10333 -2179.8487
117.10333 -2189.8791
117.11994 -2106.0734
117.11994 -2116.061
117.13655 -1713.8821
117.13655 -1723.8672
117.14762 -2265.0158
117.15316 -1870.8357
117.15316 -1880.8319
117.16977 -2331.5771
117.16977 -2341.555
117.18638 -1919.5994
117.18638 -1929.5834
117.20298 -1680.1728
117.20298 -1690.1411
117.21959 -2436.2349
117.21959 -2446.2032
117.2362 -2429.0185
117.2362 -2438.9811
117.25281 -1799.9433
117.25281 -1809.9015
117.25835 -2180.2304
117.26942 -1647.6954
117.26942 -1657.6601
117.28603 -2631.1433
117.28603 -2641.1142
117.30264 -2436.0109
117.30264 -2445.9832
117.31371 -1690.1337
117.31925 -1768.7283
117.31925 -1778.6744
117.33586 -2378.9296
117.33586 -2388.9287
117.35246 -2534.2461
117.35246 -2544.2405
117.36907 -2166.0884
117.36907 -2176.0813
117.38568 -1844.2525
117.38568 -1854.2728
117.40229 -1846.7874
117.40229 -1856.7705
117.4189 -1852.3181
117.4189 -1862.3135
117.42444 -1758.8759
117.43551 -2086.3031
117.43551 -2096.2874
117.45212 -2081.725
117.45212 -2091.6895
117.46873 -2221.4894
117.46873 -2231.4575
117.4798 -1813.9731
117.48533 -2152.3782
117.48533 -2162.3422
117.50194 -1831.9315
117.50194 -1841.9027
117.51855 -2241.3756
117.51855 -2251.339
117.53516 -2384.4453
117.53516 -2394.4425
117.55177 -1944.3453
117.55177 -1954.2946
117.56838 -2089.118
117.56838 -2099.0634
117.58499 -1915.4552
117.58499 -1925.3936
117.59052 -1690.222
117.6016 -2633.9721
117.6016 -2643.9287
117.61821 -2006.7525
117.61821 -2016.7106
117.63481 -2182.4255
117.63481 -2192.3824
117.64589 -2129.0183
117.65142 -2161.385
117.65142 -2171.3316
117.66803 -2205.1544
117.66803 -2215.1067
117.68464 -1788.7058
117.68464 -1798.6668
117.70125 -2101.5574
117.70125 -2111.5056
117.71786 -1922.7093
117.71786 -1932.6499
117.73447 -1975.123
117.73447 -1985.0586
117.75108 -1998.2435
117.75108 -2008.1892
117.75661 -2255.7609
117.76768 -2065.5021
117.76768 -2075.4604
117.78429 -1846.6662
117.78429 -1856.6122
117.8009 -1872.2846
117.8009 -1882.2585
117.81198 -2443.4364
117.81751 -2444.8076
117.81751 -2454.7447
117.83412 -2487.6177
117.83412 -2497.5487
117.85073 -2019.1058
117.85073 -2029.0424
117.86734 -2051.2762
117.86734 -2061.226
117.88395 -2742.19
117.88395 -2752.1265
117.90056 -2444.6453
117.90056 -2454.5747
117.91716 -2288.9896
117.91716 -2298.8955
117.9227 -2167.3896
117.93377 -2093.7143
117.93377 -2103.61
117.95038 -2105.9535
117.95038 -2115.8519
117.96699 -2210.2037
117.96699 -2220.1031
117.97806 -1836.0691
117.9836 -1881.0911
117.9836 -1891.0024
118.00021 -2204.9644
118.00021 -2214.9001
118.01682 -2684.6197
118.01682 -2694.5585
118.03343 -1917.9666
118.03343 -1927.8861
118.05003 -2030.7673
118.05003 -2040.7003
118.06664 -2253.3176
118.06664 -2263.2477
118.08325 -2072.4078
118.08325 -2082.3223
118.08879 -2126.3874
118.09986 -2229.4497
118.09986 -2239.362
118.11647 -2667.9308
118.11647 -2677.8568
118.13308 -1898.8067
118.13308 -1908.7578
118.14415 -2101.8391
118.14969 -1772.5258
118.14969 -1782.4648
118.1663 -2047.6442
118.1663 -2057.5763
118.18291 -2720.3985
118.18291 -2730.3284
118.19951 -2142.4629
118.19951 -2152.3796
118.21612 -1957.5757
118.21612 -1967.4808
118.23273 -2631.5682
118.23273 -2641.461
118.24934 -2393.336
118.24934 -2403.2159
118.25488 -2327.3809
118.26595 -1989.0823
118.26595 -1999.0028
118.28256 -2179.6233
118.28256 -2189.5422
118.29917 -1631.7169
118.29917 -1641.6448
118.31024 -2475.3083
118.31578 -2460.4495
118.31578 -2470.3759
118.33239 -2006.4503
118.33239 -2016.367
118.34899 -2311.6592
118.34899 -2321.5521
118.3656 -2364.0631
118.3656 -2373.9664
118.38221 -2177.6803
118.38221 -2187.56
118.39882 -1894.4342
118.39882 -1904.3191
118.41543 -2385.5439
118.41543 -2395.4201
118.42097 -2146.5443
118.43204 -2596.124
118.43204 -2606.0152
118.44865 -1943.8111
118.44865 -1953.7102
118.46526 -1652.9772
118.46526 -1662.86
118.47633 -1843.3657
118.48186 -2151.179
118.48186 -2161.0865
118.49847 -2157.6167
118.49847 -2167.5293
118.51508 -1978.8584
118.51508 -1988.7451
118.53169 -2161.3191
118.53169 -2171.2067
118.5483 -2406.482
118.5483 -2416.3512
118.56491 -2016.4614
118.56491 -2026.3324
118.58152 -2345.551
118.58152 -2355.4262
118.58705 -1809.3673
118.59813 -2173.2116
118.59813 -2183.0652
118.61474 -2430.051
118.61474 -2439.9
118.63134 -2132.1209
118.63134 -2141.9798
118.64242 -1947.8683
118.64795 -2090.2264
118.64795 -2100.0852
118.66456 -2023.3404
118.66456 -2033.2094
118.68117 -2210.913
118.68117 -2220.7691
118.69778 -2752.3333
118.69778 -2762.1972
118.71439 -2426.437
118.71439 -2436.2774
118.731 -2279.762
118.731 -2289.5684
118.74761 -2523.2964
118.74761 -2533.1259
118.75314 -2397.9498
118.76421 -2061.0161
118.76421 -2070.8355
118.78082 -2345.3277
118.78082 -2355.1717
118.79743 -2280.4562
118.79743 -2290.2903
118.8085 -2508.5233
118.81404 -2350.0875
118.81404 -2359.9557
118.83065 -2580.1532
118.83065 -2590.0079
118.84726 -2131.746
118.84726 -2141.5976
118.86387 -2397.9807
118.86387 -2407.8425
118.88048 -2547.784
118.88048 -2557.6481
118.89709 -2079.6069
118.89709 -2089.4662
118.91369 -2401.6712
118.91369 -2411.5447
118.91923 -2212.5245
118.9303 -2449.21
118.9303 -2459.066
118.94691 -2454.2842
118.94691 -2464.1129
118.96352 -2455.5124
118.96352 -2465.3485
118.97459 -2430.3763
118.98013 -2639.0544
118.98013 -2648.8959
118.99674 -2788.2303
118.99674 -2798.0571
119.01335 -2010.9415
119.01335 -2020.7692
119.02996 -1997.5633
119.02996 -2007.3914
119.04656 -2362.7838
119.04656 -2372.6063
119.06317 -2595.9126
119.06317 -2605.7469
119.07978 -2000.6005
119.07978 -2010.4248
119.08532 -1859.9533
119.09639 -2143.9038
119.09639 -2153.7278
119.113 -2540.7954
119.113 -2550.6521
119.12961 -2475.5476
119.12961 -2485.3758
119.14068 -2270.3385
119.14622 -2543.1517
119.14622 -2552.9797
119.16283 -2862.896
119.16283 -2872.7211
119.17944 -2105.3202
119.17944 -2115.1466
119.19604 -1619.917
119.19604 -1629.7499
119.21265 -2275.8373
119.21265 -2285.655
119.22926 -2942.6335
119.22926 -2952.4592
119.24587 -2524.8087
119.24587 -2534.6181
119.25141 -2538.1974
119.26248 -2040.2029
119.26248 -2050.0112
119.27909 -2510.7521
119.27909 -2520.5666
119.2957 -2911.5396
119.2957 -2921.3255
119.30677 -2513.3204
119.31231 -2247.4093
119.31231 -2257.1953
119.32891 -2454.9447
119.32891 -2464.7231
119.34552 -1892.4148
119.34552 -1902.2262
119.36213 -1957.057
119.36213 -1966.8682
119.37874 -2205.584
119.37874 -2215.3894
119.39535 -2569.3012
119.39535 -2579.1273
119.41196 -2278.8077
119.41196 -2288.6552
119.4175 -2474.9142
119.42857 -2135.5453
119.42857 -2145.3482
119.44518 -2898.2761
119.44518 -2908.0725
119.46179 -2237.8704
119.46179 -2247.664
119.47286 -2219.542
119.47839 -2058.2424
119.47839 -2068.0258
119.495 -2174.1896
119.495 -2183.9867
119.51161 -2464.1785
119.51161 -2473.9926
119.52822 -2533.3098
119.52822 -2543.1073
119.54483 -2435.9533
119.54483 -2445.7383
119.56144 -2232.744
119.56144 -2242.5063
119.57805 -2593.5457
119.57805 -2603.3226
119.58358 -2610.6206
119.59466 -2601.7668
119.59466 -2611.532
119.61127 -2320.5561
119.61127 -2330.3243
119.62787 -2437.956
119.62787 -2447.7073
119.63895 -2755.2531
119.64448 -2578.887
119.64448 -2588.6332
119.66109 -1925.199
119.66109 -1934.9595
119.6777 -2711.5835
119.6777 -2721.3456
119.69431 -2469.1379
119.69431 -2478.896
119.71092 -2112.0669
119.71092 -2121.8408
119.72753 -2419.4628
119.72753 -2429.2434
119.74414 -2137.0686
119.74414 -2146.8587
119.74967 -2180.5957
119.76074 -2515.1566
119.76074 -2524.946
119.77735 -2267.162
119.77735 -2276.9461
119.79396 -2235.8089
119.79396 -2245.6014
119.80503 -2146.7184
119.81057 -2116.7659
119.81057 -2126.5688
119.82718 -2239.6273
119.82718 -2249.4095
119.84379 -2576.0618
119.84379 -2585.8619
119.8604 -2433.9368
119.8604 -2443.7278
119.87701 -2129.3962
119.87701 -2139.1576
119.89362 -2330.4658
119.89362 -2340.228
119.91022 -2686.7867
119.91022 -2696.5224
119.91576 -2560.0848
119.92683 -1891.4286
119.92683 -1901.1926
119.94344 -1749.9634
119.94344 -1759.7131
119.96005 -2701.86
119.96005 -2711.6214
119.97112 -2326.729
119.97666 -2351.4227
119.97666 -2361.19
119.99327 -2367.3346
119.99327 -2377.1169
120.00988 -2298.6827
120.00988 -2308.4602
120.02649 -2715.3218
120.02649 -2725.0939
120.04309 -2279.3464
120.04309 -2289.1354
120.0597 -2129.0059
120.0597 -2138.7703
120.07631 -2029.4847
120.07631 -2039.2715
120.08185 -1940.7137
120.09292 -2887.2767
120.09292 -2897.0436
120.10953 -2311.9821
120.10953 -2321.7384
120.12614 -2028.431
120.12614 -2038.1717
120.13721 -2428.4934
120.14275 -2392.8372
120.14275 -2402.5847
120.15936 -2622.1795
120.15936 -2631.9673
120.17597 -2103.9852
120.17597 -2113.7655
120.19257 -2468.6151
120.19257 -2478.3869
120.20918 -2966.1715
120.20918 -2975.9643
120.22579 -2369.0931
120.22579 -2378.8722
120.2424 -2351.1589
120.2424 -2360.9316
120.24794 -2406.1636
120.25901 -2293.2205
120.25901 -2302.9619
120.27562 -2500.1301
120.27562 -2509.8925
120.29223 -2323.4563
120.29223 -2333.2075
120.3033 -2388.1821
120.30884 -2210.3828
120.30884 -2220.1387
120.32544 -2636.3225
120.32544 -2646.0431
120.34205 -2499.659
120.34205 -2509.3986
120.35866 -2204.8513
120.35866 -2214.5671
120.37527 -2315.2405
120.37527 -2324.9555
120.39188 -2541.2565
120.39188 -2550.9934
120.40849 -2186.3851
120.40849 -2196.0938
120.41403 -2384.4821
120.4251 -2318.6477
120.4251 -2328.3825
120.44171 -2005.7547
120.44171 -2015.491
120.45832 -2439.5886
120.45832 -2449.3134
120.46939 -2789.2282
120.47492 -2349.0917
120.47492 -2358.7797
120.49153 -2399.9868
120.49153 -2409.6758
120.50814 -2350.0477
120.50814 -2359.7539
120.52475 -2330.1047
120.52475 -2339.8172
120.54136 -2477.7652
120.54136 -2487.474
120.55797 -1883.3869
120.55797 -1893.0917
120.57458 -1914.7361
120.57458 -1924.4459
120.58011 -2114.0443
120.59119 -2586.6517
120.59119 -2596.3288
120.60779 -2400.4326
120.60779 -2410.1149
120.6244 -2118.3834
120.6244 -2128.0691
120.63548 -3039.0664
120.64101 -2864.5844
120.64101 -2874.2642
120.65762 -2597.9563
120.65762 -2607.6345
120.67423 -2474.5555
120.67423 -2484.245
120.69084 -2327.7006
120.69084 -2337.4012
120.70745 -2306.823
120.70745 -2316.5212
120.72406 -1933.0365
120.72406 -1942.7372
120.74067 -2261.2651
120.74067 -2270.9661
120.7462 -2070.076
120.75727 -2913.1976
120.75727 -2922.878
120.77388 -2521.4228
120.77388 -2531.1073
120.79049 -2665.6135
120.79049 -2675.2987
120.80156 -2155.2661
120.8071 -2648.0247
120.8071 -2657.6829
120.82371 -2514.5076
120.82371 -2524.1931
120.84032 -1982.0566
120.84032 -1991.725
120.85693 -2395.09
120.85693 -2404.7658
120.87354 -2449.1852
120.87354 -2458.8406
120.89015 -2497.4247
120.89015 -2507.1092
120.90675 -2791.8165
120.90675 -2801.4745
120.91229 -2406.1617
120.92336 -2655.997
120.92336 -2665.6605
120.93997 -2135.8012
120.93997 -2145.4502
120.95658 -1937.526
120.95658 -1947.2012
120.96765 -2084.118
120.97319 -2399.8274
120.97319 -2409.4961
120.9898 -2443.5261
120.9898 -2453.2115
121.00641 -2027.7215
121.00641 -2037.3894
121.02302 -2162.0477
121.02302 -2171.7121
121.03962 -2878.4015
121.03962 -2888.0613
121.05623 -2866.7744
121.05623 -2876.4303
121.07284 -2523.6958
121.07284 -2533.3523
121.07838 -2452.2986
121.08945 -2064.6866
121.08945 -2074.3437
121.10606 -2548.3252
121.10606 -2557.9535
121.12267 -2679.4337
121.12267 -2689.0516
121.13374 -2577.01
121.13928 -2275.6032
121.13928 -2285.2293
121.15589 -2226.4865
121.15589 -2236.1553
121.1725 -2115.8043
121.1725 -2125.4177
121.1891 -2381.0633
121.1891 -2390.6933
121.20571 -2635.3181
121.20571 -2644.9356
121.22232 -2618.706
121.22232 -2628.3322
121.23893 -2529.8597
121.23893 -2539.502
121.24447 -2880.6168
121.25554 -2821.7437
121.25554 -2831.3732
121.27215 -2329.7657
121.27215 -2339.4126
121.28876 -2203.7582
121.28876 -2213.3721
121.29983 -2623.3858
121.30537 -2435.5774
121.30537 -2445.1883
121.32197 -2706.4213
121.32197 -2716.0493
121.33858 -2395.7832
121.33858 -2405.3983
121.35519 -2362.1707
121.35519 -2371.7751
121.3718 -2598.0583
121.3718 -2607.6707
121.38841 -2652.6266
121.38841 -2662.2627
121.40502 -2283.9173
121.40502 -2293.5514
121.41056 -2565.073
121.42163 -2425.5572
121.42163 -2435.1958
121.43824 -2963.7712
121.43824 -2973.3909
121.45485 -2068.0237
121.45485 -2077.6267
121.46592 -2404.9206
121.47145 -2384.9341
121.47145 -2394.543
121.48806 -3071.5719
121.48806 -3081.1725
121.50467 -2788.7325
121.50467 -2798.368
121.52128 -2352.331
121.52128 -2361.9525
121.53789 -2768.4062
121.53789 -2778.0222
121.5545 -3026.9559
121.5545 -3036.5656
121.57111 -2409.6553
121.57111 -2419.267
121.57664 -2370.3998
121.58772 -2689.1598
121.58772 -2698.7607
121.60432 -2562.6095
121.60432 -2572.2087
121.62093 -2466.9382
121.62093 -2476.5559
121.63201 -2152.578
121.63754 -2465.8513
121.63754 -2475.4607
121.65415 -2456.2384
121.65415 -2465.8511
121.67076 -2744.9715
121.67076 -2754.5879
121.68737 -2718.8538
121.68737 -2728.4592
121.70398 -2571.0819
121.70398 -2580.6929
121.72059 -2297.2687
121.72059 -2306.8711
121.7372 -2879.8734
121.7372 -2889.4879
121.74273 -2746.5962
121.7538 -3026.0643
121.7538 -3035.6584
121.77041 -2576.7298
121.77041 -2586.3149
121.78702 -2990.4901
121.78702 -3000.0961
121.79809 -2399.8032
121.80363 -2682.4612
121.80363 -2692.0697
121.82024 -2558.6676
121.82024 -2568.2385
121.83685 -2335.6058
121.83685 -2345.1926
121.85346 -2442.0164
121.85346 -2451.6132
121.87007 -2570.1604
121.87007 -2579.7783
121.88667 -2878.4613
121.88667 -2888.0609
121.90328 -2404.5415
121.90328 -2414.1183
121.90882 -2602.5593
121.91989 -2114.556
121.91989 -2124.1479
121.9365 -2532.0116
121.9365 -2541.6061
121.95311 -2925.973
121.95311 -2935.573
121.96418 -2276.9694
121.96972 -2657.763
121.96972 -2667.3652
121.98633 -2141.5809
121.98633 -2151.1795
122.00294 -2251.8893
122.00294 -2261.4968
122.01955 -2451.3074
122.01955 -2460.8953
122.03615 -2412.0919
122.03615 -2421.6799
122.05276 -2213.4456
122.05276 -2223.019
122.06937 -2572.1128
122.06937 -2581.6901
122.07491 -2639.384
122.08598 -2388.5538
122.08598 -2398.0987
122.10259 -2537.1659
122.10259 -2546.712
122.1192 -2785.5752
122.1192 -2795.1419
122.13027 -2853.7462
122.13581 -2754.667
122.13581 -2764.2349
122.15242 -2374.3945
122.15242 -2383.9382
122.16903 -2362.6852
122.16903 -2372.2395
122.18563 -2591.6277
122.18563 -2601.1944
122.20224 -2499.8911
122.20224 -2509.4376
122.21885 -2208.9029
122.21885 -2218.4517
122.23546 -2587.7089
122.23546 -2597.2631
122.241 -2476.3506
122.25207 -2669.3165
122.25207 -2678.8604
122.26868 -2134.3655
122.26868 -2143.9207
122.28529 -2608.8527
122.28529 -2618.4303
122.29636 -2514.9204
122.3019 -2793.0508
122.3019 -2802.6094
122.3185 -2861.2129
122.3185 -2870.7533
122.33511 -3081.6395
122.33511 -3091.188
122.35172 -2902.2287
122.35172 -2911.7835
122.36833 -2680.5005
122.36833 -2690.0615
122.38494 -2553.7772
122.38494 -2563.341
122.40155 -2608.1346
122.40155 -2617.6877
122.40709 -2287.9196
122.41816 -2406.1523
122.41816 -2415.7181
122.43477 -3024.1984
122.43477 -3033.7416
122.45138 -2661.1198
122.45138 -2670.6683
122.46245 -2409.2501
122.46798 -2592.3542
122.46798 -2601.9084
122.48459 -3051.2426
122.48459 -3060.8105
122.5012 -2185.6001
122.5012 -2195.15
122.51781 -2200.2443
122.51781 -2209.8019
122.53442 -2634.8289
122.53442 -2644.4042
122.55103 -2815.8918
122.55103 -2825.4528
122.56764 -2381.5083
122.56764 -2391.0606
122.57317 -2102.4532
122.58425 -2198.5094
122.58425 -2208.0709
122.60085 -2577.4599
122.60085 -2587.0205
122.61746 -2471.3253
122.61746 -2480.8815
122.62854 -2445.0208
122.63407 -2123.8963
122.63407 -2133.4387
122.65068 -3025.8245
122.65068 -3035.3588
122.66729 -3042.7336
122.66729 -3052.2844
122.6839 -2316.4658
122.6839 -2325.9936
122.70051 -2434.5707
122.70051 -2444.1089
122.71712 -3044.1095
122.71712 -3053.64
122.73373 -2396.7584
122.73373 -2406.275
122.73926 -2278.2752
122.75033 -2055.3398
122.75033 -2064.8673
122.76694 -2269.5453
122.76694 -2279.0625
122.78355 -2946.2703
122.78355 -2955.8083
122.79462 -2341.9231
122.80016 -2577.8293
122.80016 -2587.3498
122.81677 -2612.8171
122.81677 -2622.3231
122.83338 -2824.308
122.83338 -2833.818
122.84999 -2650.3854
122.84999 -2659.907
122.8666 -2714.5841
122.8666 -2724.1005
122.8832 -2359.1485
122.8832 -2368.6531
122.89981 -2713.6092
122.89981 -2723.115
122.90535 -2199.9798
122.91642 -2840.869
122.91642 -2850.3753
122.93303 -2836.8688
122.93303 -2846.3758
122.94964 -2590.1031
122.94964 -2599.6188
122.96071 -2454.7749
122.96625 -2222.1272
122.96625 -2231.6316
122.98286 -2716.4373
122.98286 -2725.9751
122.99947 -2959.9938
122.99947 -2969.5077
123.01608 -2206.8898
123.01608 -2216.3869
123.03268 -2494.4508
123.03268 -2503.9562
123.04929 -2363.8726
123.04929 -2373.3673
123.0659 -2576.2931
123.0659 -2585.7654
123.07144 -2542.4683
123.08251 -2821.9703
123.08251 -2831.4626
123.09912 -2690.6251
123.09912 -2700.1236
123.11573 -2349.7376
123.11573 -2359.232
123.1268 -2699.5797
123.13234 -2662.2024
123.13234 -2671.7159
123.14895 -2732.3995
123.14895 -2741.908
123.16555 -2175.3463
123.16555 -2184.8423
123.18216 -2711.4665
123.18216 -2720.9691
123.19877 -2561.5146
123.19877 -2571.0016
123.21538 -2382.3961
123.21538 -2391.8821
123.23199 -2996.1139
123.23199 -3005.6296
123.23753 -2455.6244
123.2486 -2486.0465
123.2486 -2495.5449
123.26521 -2138.5904
123.26521 -2148.0891
123.28182 -2695.9218
123.28182 -2705.3837
123.29289 -2386.0787
123.29843 -2739.3397
123.29843 -2748.8379
123.31503 -2797.791
123.31503 -2807.2869
123.33164 -2509.2506
123.33164 -2518.7193
123.34825 -2771.2892
123.34825 -2780.7793
123.36486 -2637.8439
123.36486 -2647.3121
123.38147 -2198.0292
123.38147 -2207.4876
123.39808 -2686.0882
123.39808 -2695.5618
123.40361 -2788.5671
123.41469 -2553.2076
123.41469 -2562.6648
123.4313 -2914.1137
123.4313 -2923.5968
123.44791 -2667.7599
123.44791 -2677.2391
123.45898 -2727.4046
123.46451 -2786.9111
123.46451 -2796.3987
123.48112 -2805.477
123.48112 -2814.9493
123.49773 -2199.6136
123.49773 -2209.0644
123.51434 -2668.1715
123.51434 -2677.6387
123.53095 -2885.9868
123.53095 -2895.4608
123.54756 -2502.8148
123.54756 -2512.2954
123.56417 -2303.2641
123.56417 -2312.7604
123.5697 -2904.1331
123.58078 -2073.7661
123.58078 -2083.2441
123.59738 -2839.9549
123.59738 -2849.4316
123.61399 -2691.4082
123.61399 -2700.8807
123.62507 -2479.2687
123.6306 -1897.5687
123.6306 -1907.0331
123.64721 -2734.8705
123.64721 -2744.3366
123.66382 -2965.1555
123.66382 -2974.6091
123.68043 -2837.9998
123.68043 -2847.4463
123.69704 -2618.9549
123.69704 -2628.3862
123.71365 -2642.9007
123.71365 -2652.332
123.73026 -3097.7505
123.73026 -3107.198
123.73579 -2659.8309
123.74686 -2814.2268
123.74686 -2823.6481
123.76347 -2573.4439
123.76347 -2582.8803
123.78008 -2607.4896
123.78008 -2616.9116
123.79115 -2544.0455
123.79669 -2616.7267
123.79669 -2626.136
123.8133 -2887.2944
123.8133 -2896.7077
123.82991 -2956.2013
123.82991 -2965.6271
123.84652 -3074.463
123.84652 -3083.8773
123.86313 -2147.8657
123.86313 -2157.2903
123.87973 -2330.8866
123.87973 -2340.3173
123.89634 -2839.96
123.89634 -2849.3785
123.90188 -2594.0984
123.91295 -2351.1174
123.91295 -2360.5196
123.92956 -2404.9962
123.92956 -2414.4225
123.94617 -3070.6144
123.94617 -3080.0353
123.95724 -2802.204
123.96278 -2632.5932
123.96278 -2641.998
123.97939 -2703.9876
123.97939 -2713.4098
123.996 -2652.4618
123.996 -2661.8632
124.01261 -2426.0803
124.01261 -2435.4812
124.02921 -2687.541
124.02921 -2696.9462
124.04582 -2457.431
124.04582 -2466.8309
124.06243 -2888.7582
124.06243 -2898.1397
124.06797 -2797.5154
124.07904 -2400.1794
124.07904 -2409.5709
124.09565 -2471.3638
124.09565 -2480.7779
124.11226 -2566.5754
124.11226 -2576.0027
124.12333 -2303.3609
124.12887 -2593.3179
124.12887 -2602.753
124.14548 -2812.6446
124.14548 -2822.0737
124.16208 -2332.9291
124.16208 -2342.3425
124.17869 -2652.9279
124.17869 -2662.3535
124.1953 -2393.4693
124.1953 -2402.8933
124.21191 -2514.6456
124.21191 -2524.059
124.22852 -2416.4616
124.22852 -2425.8554
124.23406 -2715.1494
124.24513 -2426.1676
124.24513 -2435.5655
124.26174 -2551.2195
124.26174 -2560.6173
124.27835 -2410.8666
124.27835 -2420.2683
124.28942 -2568.8148
124.29496 -2241.7594
124.29496 -2251.1442
124.31156 -2915.8269
124.31156 -2925.2099
124.32817 -2463.1437
124.32817 -2472.5278
124.34478 -2651.0735
124.34478 -2660.4323
124.36139 -3089.0405
124.36139 -3098.4197
124.378 -2591.5053
124.378 -2600.8613
124.39461 -2916.478
124.39461 -2925.8777
124.40014 -2987.0425
124.41122 -2472.4918
124.41122 -2481.8621
124.42783 -2605.4166
124.42783 -2614.7811
124.44443 -2525.6973
124.44443 -2535.0627
124.45551 -2625.8097
124.46104 -2682.043
124.46104 -2691.4187
124.47765 -2855.6187
124.47765 -2865.0115
124.49426 -2394.1449
124.49426 -2403.5332
124.51087 -2470.4107
124.51087 -2479.7885
124.52748 -2767.2935
124.52748 -2776.6488
124.54409 -2719.2407
124.54409 -2728.6225
124.5607 -3213.4567
124.5607 -3222.8419
124.56623 -2776.1901
124.57731 -2443.9392
124.57731 -2453.3315
124.59391 -2534.1675
124.59391 -2543.5677
124.61052 -2459.663
124.61052 -2469.0687
124.6216 -2113.5029
124.62713 -2025.4695
124.62713 -2034.8543
124.64374 -2259.4235
124.64374 -2268.7959
124.66035 -2201.1292
124.66035 -2210.4733
124.67696 -2775.0442
124.67696 -2784.3952
124.69357 -2543.9829
124.69357 -2553.333
124.71018 -2254.1626
124.71018 -2263.5137
124.72679 -2792.9017
124.72679 -2802.2523
124.73232 -2678.1347
124.74339 -2246.1781
124.74339 -2255.5468
124.76 -2708.6925
124.76 -2718.063
124.77661 -2611.7014
124.77661 -2621.0758
124.78768 -2660.6175
124.79322 -2402.3614
124.79322 -2411.722
124.80983 -2372.1868
124.80983 -2381.5489
124.82644 -2511.4681
124.82644 -2520.8243
124.84305 -2946.4153
124.84305 -2955.7697
124.85966 -2306.1997
124.85966 -2315.5738
124.87626 -2551.1081
124.87626 -2560.4467
124.89287 -2683.4667
124.89287 -2692.7867
124.89841 -2717.7594
124.90948 -2448.7203
124.90948 -2458.0545
124.92609 -2837.4982
124.92609 -2846.8017
124.9427 -2115.7975
124.9427 -2125.1137
124.95377 -2633.98
124.95931 -2853.8969
124.95931 -2863.1965
124.97592 -2618.5291
124.97592 -2627.8183
124.99253 -2257.8588
124.99253 -2267.1507
125.00914 -2759.8409
125.00914 -2769.1459
125.02574 -2381.3387
125.02574 -2390.6111
125.04235 -2738.6317
125.04235 -2747.9288
125.05896 -2396.0641
125.05896 -2405.3516
125.0645 -2426.5541
125.07557 -2607.831
125.07557 -2617.1383
125.09218 -2751.1779
125.09218 -2760.4615
125.10879 -2322.8058
125.10879 -2332.1116
125.11986 -2685.5706
125.1254 -2503.3503
125.1254 -2512.6539
125.14201 -2705.0877
125.14201 -2714.3897
125.15861 -2662.6512
125.15861 -2671.9638
125.17522 -2219.7396
125.17522 -2229.0469
125.19183 -2957.612
125.19183 -2966.9239
125.20844 -2636.5447
125.20844 -2645.8407
125.22505 -2345.5873
125.22505 -2354.8888
125.23059 -2729.3753
125.24166 -2769.365
125.24166 -2778.6577
125.25827 -2517.9297
125.25827 -2527.2263
125.27488 -2572.7032
125.27488 -2582.0039
125.28595 -2751.7675
125.29149 -2283.4121
125.29149 -2292.7202
125.30809 -2827.2023
125.30809 -2836.4806
125.3247 -2647.7617
125.3247 -2657.0272
125.34131 -2707.234
125.34131 -2716.5152
125.35792 -2851.4872
125.35792 -2860.7846
125.37453 -2670.8878
125.37453 -2680.1598
125.39114 -2768.2579
125.39114 -2777.5481
125.39667 -2922.0658
125.40775 -2411.981
125.40775 -2421.2486
125.42436 -2893.7549
125.42436 -2903.0248
125.44096 -2528.3459
125.44096 -2537.6436
125.45204 -2646.7266
125.45757 -2375.7314
125.45757 -2384.9956
125.47418 -2430.0685
125.47418 -2439.349
125.49079 -1967.6084
125.49079 -1976.8646
125.5074 -2441.4937
125.5074 -2450.7716
125.52401 -2568.9117
125.52401 -2578.1971
125.54062 -2487.3675
125.54062 -2496.6113
125.55723 -2407.2518
125.55723 -2416.5524
125.56276 -2303.6851
125.57384 -2533.2039
125.57384 -2542.4826
125.59044 -2605.8549
125.59044 -2615.1164
125.60705 -2368.4958
125.60705 -2377.7748
125.61813 -2793.4913
125.62366 -2725.8322
125.62366 -2735.099
125.64027 -2432.1084
125.64027 -2441.3702
125.65688 -2239.4402
125.65688 -2248.7127
125.67349 -2712.5636
125.67349 -2721.8447
125.6901 -2537.2966
125.6901 -2546.5629
125.70671 -2564.5041
125.70671 -2573.7786
125.72331 -3065.3784
125.72331 -3074.6717
125.72885 -2866.7074
125.73992 -2752.7608
125.73992 -2762.0336
125.75653 -2456.418
125.75653 -2465.7007
125.77314 -2674.1023
125.77314 -2683.377
125.78421 -2293.9998
125.78975 -2717.7793
125.78975 -2727.0581
125.80636 -2348.3802
125.80636 -2357.6408
125.82297 -2442.9504
125.82297 -2452.2195
125.83958 -2283.601
125.83958 -2292.8676
125.85619 -3223.484
125.85619 -3232.7448
125.87279 -2585.6647
125.87279 -2594.9016
125.8894 -2647.9291
125.8894 -2657.1743
125.89494 -2265.3201
125.90601 -2464.8707
125.90601 -2474.1108
125.92262 -2695.6768
125.92262 -2704.9206
125.93923 -2433.5478
125.93923 -2442.7835
125.9503 -2140.7745
125.95584 -2376.7865
125.95584 -2386.0194
125.97245 -2684.2639
125.97245 -2693.5151
125.98906 -2388.024
125.98906 -2397.2617
126.00567 -2308.0987
126.00567 -2317.3036
126.02227 -2686.2391
126.02227 -2695.458
126.03888 -2277.9526
126.03888 -2287.1515
126.05549 -2708.0682
126.05549 -2717.2694
126.06103 -2503.7462
126.0721 -2715.2582
126.0721 -2724.4372
126.08871 -2599.7641
126.08871 -2608.9383
126.10532 -3193.8973
126.10532 -3203.0823
126.11639 -2232.224
126.12193 -1985.7824
126.12193 -1994.9764
126.13854 -2801.1924
126.13854 -2810.3731
126.15514 -2657.7655
126.15514 -2666.9808
126.17175 -2707.6048
126.17175 -2716.8077
126.18836 -2324.8275
126.18836 -2334.0227
126.20497 -2709.3647
126.20497 -2718.5752
126.22158 -3004.5443
126.22158 -3013.7633
126.22712 -2739.4649
126.23819 -1986.8075
126.23819 -1996.0099
126.2548 -2504.6965
126.2548 -2513.88
126.27141 -2653.5522
126.27141 -2662.7445
126.28248 -2366.102
126.28802 -2812.1506
126.28802 -2821.3512
126.30462 -2676.7535
126.30462 -2685.9428
126.32123 -2568.7958
126.32123 -2577.9898
126.33784 -2750.6399
126.33784 -2759.8483
126.35445 -2790.3053
126.35445 -2799.5363
126.37106 -2432.8399
126.37106 -2442.0445
126.38767 -2257.1671
126.38767 -2266.3645
126.3932 -2692.3003
126.40428 -2667.525
126.40428 -2676.7094
126.42089 -2403.411
126.42089 -2412.6069
126.43749 -2005.9386
126.43749 -2015.1404
126.44857 -2370.7903
126.4541 -2903.2144
126.4541 -2912.3978
126.47071 -3025.8784
126.47071 -3035.066
126.48732 -2333.5071
126.48732 -2342.702
126.50393 -2461.41
126.50393 -2470.6014
126.52054 -2589.539
126.52054 -2598.7404
126.53715 -2106.4227
126.53715 -2115.6405
126.55376 -2664.2121
126.55376 -2673.4089
126.55929 -2350.5706
126.57037 -2564.8576
126.57037 -2574.0614
126.58697 -2184.6755
126.58697 -2193.8586
126.60358 -2518.1915
126.60358 -2527.3805
126.61466 -3053.4987
126.62019 -2760.386
126.62019 -2769.5676
126.6368 -2739.6485
126.6368 -2748.84
126.65341 -2155.7866
126.65341 -2164.9943
126.67002 -2472.4642
126.67002 -2481.6413
126.68663 -2917.5072
126.68663 -2926.708
126.70324 -2862.9239
126.70324 -2872.1006
126.71984 -2308.924
126.71984 -2318.1029
126.72538 -2755.5895
126.73645 -2558.2096
126.73645 -2567.3893
126.75306 -2721.5332
126.75306 -2730.7242
126.76967 -2734.4965
126.76967 -2743.6773
126.78074 -2663.1609
126.78628 -2445.1019
126.78628 -2454.2906
126.80289 -2482.6131
126.80289 -2491.8005
126.8195 -2554.4324
126.8195 -2563.6309
126.83611 -2906.7097
126.83611 -2915.9068
126.85272 -2637.283
126.85272 -2646.4591
126.86932 -2468.281
126.86932 -2477.4666
126.88593 -2534.8622
126.88593 -2544.0041
126.89147 -2489.1433
126.90254 -2452.7674
126.90254 -2461.9327
126.91915 -2561.9818
126.91915 -2571.1397
126.93576 -2597.1988
126.93576 -2606.3346
126.94683 -2648.0564
126.95237 -2999.5578
126.95237 -3008.7017
126.96898 -2623.5202
126.96898 -2632.6818
126.98559 -2471.6998
126.98559 -2480.8331
127.00219 -2770.782
127.00219 -2779.964
127.0188 -2878.9086
127.0188 -2888.0742
127.03541 -2144.6748
127.03541 -2153.8428
127.05202 -2427.1684
127.05202 -2436.3323
127.05756 -2117.7278
127.06863 -2289.58
127.06863 -2298.7497
127.08524 -2479.3859
127.08524 -2488.569
127.10185 -2538.9147
127.10185 -2548.0879
127.11292 -2280.7396
127.11846 -2440.4895
127.11846 -2449.6545
127.13507 -2497.3322
127.13507 -2506.4836
127.15167 -2681.9474
127.15167 -2691.0878
127.16828 -2904.8424
127.16828 -2913.9942
127.18489 -2460.5646
127.18489 -2469.7034
127.2015 -2267.6957
127.2015 -2276.8327
127.21811 -2490.7478
127.21811 -2499.8836
127.22365 -2398.0488
127.23472 -2994.8704
127.23472 -3003.9846
127.25133 -2759.4163
127.25133 -2768.5408
127.26794 -2434.7168
127.26794 -2443.8317
127.27901 -2581.4521
127.28455 -2390.9704
127.28455 -2400.072
127.30115 -2603.6039
127.30115 -2612.7374
127.31776 -2586.6062
127.31776 -2595.7161
127.33437 -2619.4299
127.33437 -2628.5712
127.35098 -2795.7336
127.35098 -2804.8586
127.36759 -2755.6867
127.36759 -2764.813
127.3842 -2497.8635
127.3842 -2507.0012
127.38973 -2581.3698
127.40081 -2620.2868
127.40081 -2629.4045
127.41742 -2543.7574
127.41742 -2552.868
127.43402 -2479.1268
127.43402 -2488.2474
127.4451 -2783.6991
127.45063 -2635.0808
127.45063 -2644.2293
127.46724 -2427.0801
127.46724 -2436.2134
127.48385 -2556.0546
127.48385 -2565.1679
127.50046 -2582.0317
127.50046 -2591.1506
127.51707 -2206.9866
127.51707 -2216.094
127.53368 -2536.7891
127.53368 -2545.8983
127.55029 -2541.6189
127.55029 -2550.7259
127.55582 -2680.9549
127.5669 -2522.8504
127.5669 -2531.9381
127.5835 -2699.8286
127.5835 -2708.9211
127.60011 -2837.0833
127.60011 -2846.1916
127.61119 -2631.7704
127.61672 -2359.299
127.61672 -2368.4016
127.63333 -2045.3104
127.63333 -2054.4202
127.64994 -2601.5888
127.64994 -2610.7066
127.66655 -2381.0801
127.66655 -2390.2005
127.68316 -2203.8725
127.68316 -2212.9853
127.69977 -2920.1776
127.69977 -2929.2921
127.71637 -2605.4737
127.71637 -2614.5849
127.72191 -2630.5409
127.73298 -2183.445
127.73298 -2192.5562
127.74959 -2235.8663
127.74959 -2244.9732
127.7662 -2712.9703
127.7662 -2722.0805
127.77727 -2469.074
127.78281 -2690.401
127.78281 -2699.4948
127.79942 -2118.1518
127.79942 -2127.2533
127.81603 -2788.6275
127.81603 -2797.7256
127.83264 -2805.8821
127.83264 -2814.9673
127.84925 -2386.3615
127.84925 -2395.4542
127.86585 -2515.5763
127.86585 -2524.6727
127.88246 -2707.6929
127.88246 -2716.7705
127.888 -2482.3871
127.89907 -2546.855
127.89907 -2555.9209
127.91568 -2513.9815
127.91568 -2523.0273
127.93229 -2624.7296
127.93229 -2633.7779
127.94336 -2814.7403
127.9489 -2746.3025
127.9489 -2755.3413
127.96551 -2655.562
127.96551 -2664.6118
127.98212 -2623.2551
127.98212 -2632.282
127.99872 -2748.0365
127.99872 -2757.1008
128.01533 -2919.3625
128.01533 -2928.4265
128.03194 -2730.2405
128.03194 -2739.2945
128.04855 -1866.373
128.04855 -1875.4348
128.05409 -2393.0543
128.06516 -2539.1157
128.06516 -2548.2048
128.08177 -2673.0567
128.08177 -2682.141
128.09838 -2495.9172
128.09838 -2504.9623
128.10945 -2581.5329
128.11499 -2407.0024
128.11499 -2416.07
128.1316 -2570.0327
128.1316 -2579.0905
128.1482 -2974.7861
128.1482 -2983.8532
128.16481 -2262.2506
128.16481 -2271.305
128.18142 -2369.7733
128.18142 -2378.8263
128.19803 -2409.1567
128.19803 -2418.2377
128.21464 -2226.0738
128.21464 -2235.1458
128.22018 -2329.1788
128.23125 -2421.6339
128.23125 -2430.7052
128.24786 -2527.5885
128.24786 -2536.6642
128.26447 -2439.7979
128.26447 -2448.8517
128.27554 -2507.1362
128.28107 -2731.5913
128.28107 -2740.6432
128.29768 -2393.114
128.29768 -2402.1716
128.31429 -2986.9895
128.31429 -2996.0555
128.3309 -2694.1487
128.3309 -2703.1963
128.34751 -2729.1993
128.34751 -2738.254
128.36412 -2468.0217
128.36412 -2477.0904
128.38073 -2167.2915
128.38073 -2176.3777
128.38626 -2449.1951
128.39734 -2824.3315
128.39734 -2833.383
128.41395 -2529.9985
128.41395 -2539.0749
128.43055 -2480.2453
128.43055 -2489.313
128.44163 -2415.4131
128.44716 -2429.8848
128.44716 -2438.9415
128.46377 -2448.4486
128.46377 -2457.4956
128.48038 -3051.2378
128.48038 -3060.2933
128.49699 -2730.0082
128.49699 -2739.0654
128.5136 -2769.8997
128.5136 -2778.9272
128.53021 -2530.21
128.53021 -2539.249
128.54682 -2835.7995
128.54682 -2844.818
128.55235 -2505.6858
128.56343 -3019.708
128.56343 -3028.7594
128.58003 -2243.961
128.58003 -2252.9965
128.59664 -2581.6277
128.59664 -2590.6827
128.60772 -2469.3604
128.61325 -2431.2135
128.61325 -2440.2687
128.62986 -2600.9203
128.62986 -2609.9716
128.64647 -2970.2824
128.64647 -2979.3201
128.66308 -2173.2607
128.66308 -2182.2766
128.67969 -2680.3858
128.67969 -2689.399
128.6963 -2537.5373
128.6963 -2546.5742
128.7129 -2528.5177
128.7129 -2537.5299
128.71844 -2427.0315
128.72951 -2456.8093
128.72951 -2465.8351
128.74612 -2589.6446
128.74612 -2598.6601
128.76273 -2368.1201
128.76273 -2377.1635
128.7738 -2256.649
128.77934 -2167.8815
128.77934 -2176.8909
128.79595 -3049.9722
128.79595 -3058.9924
128.81256 -2810.1828
128.81256 -2819.2101
128.82917 -1591.7911
128.82917 -1600.8025
128.84578 -2603.9052
128.84578 -2612.9194
128.86238 -2573.4863
128.86238 -2582.5223
128.87899 -2383.0793
128.87899 -2392.0913
128.88453 -2651.7469
128.8956 -2942.0404
128.8956 -2951.0484
128.91221 -2288.0279
128.91221 -2297.0454
128.92882 -2541.0032
128.92882 -2550.0145
128.93989 -2230.553
128.94543 -2464.7619
128.94543 -2473.7688
128.96204 -2798.345
128.96204 -2807.3387
128.97865 -2676.7603
128.97865 -2685.7559
128.99525 -2314.0634
128.99525 -2323.0768
129.01186 -2107.8734
129.01186 -2116.8817
129.02847 -2174.4814
129.02847 -2183.4845
129.04508 -2739.2108
129.04508 -2748.2195
129.05062 -2209.9121
129.06169 -2217.5227
129.06169 -2226.5364
129.0783 -2042.3512
129.0783 -2051.354
129.09491 -2890.8659
129.09491 -2899.8831
129.10598 -2878.8008
129.11152 -2746.4583
129.11152 -2755.4731
129.12813 -2098.3176
129.12813 -2107.3419
129.14473 -2356.1059
129.14473 -2365.1212
129.16134 -2511.3955
129.16134 -2520.4214
129.17795 -2654.4539
129.17795 -2663.4699
129.19456 -2312.2536
129.19456 -2321.2734
129.21117 -2336.552
129.21117 -2345.5681
129.21671 -2095.8938
129.22778 -2635.4021
129.22778 -2644.419
129.24439 -2461.3848
129.24439 -2470.3593
129.261 -2918.2884
129.261 -2927.2894
129.27207 -2353.9036
129.2776 -2689.0936
129.2776 -2698.077
129.29421 -2444.5768
129.29421 -2453.5576
129.31082 -2655.9175
129.31082 -2664.8859
129.32743 -2385.3983
129.32743 -2394.3492
129.34404 -2739.0469
129.34404 -2748.0088
129.36065 -2852.5764
129.36065 -2861.5213
129.37726 -2581.3905
129.37726 -2590.3504
129.38279 -2568.4269
129.39387 -2245.1898
129.39387 -2254.1512
129.41048 -2512.4329
129.41048 -2521.3915
129.42708 -3114.3956
129.42708 -3123.3642
129.43816 -2642.5821
129.44369 -1938.1029
129.44369 -1947.072
129.4603 -2115.7091
129.4603 -2124.6599
129.47691 -2339.7875
129.47691 -2348.7539
129.49352 -2430.3528
129.49352 -2439.3135
129.51013 -2414.1524
129.51013 -2423.1113
129.52674 -2726.2724
129.52674 -2735.2507
129.54335 -2862.948
129.54335 -2871.9235
129.54888 -2691.4632
129.55995 -2736.8943
129.55995 -2745.878
129.57656 -2639.3463
129.57656 -2648.3168
129.59317 -2286.0358
129.59317 -2295.0111
129.60425 -2821.0181
129.60978 -2883.3601
129.60978 -2892.3431
129.62639 -2596.403
129.62639 -2605.3713
129.643 -2100.8495
129.643 -2109.8293
129.65961 -3160.343
129.65961 -3169.3046
129.67622 -2844.5938
129.67622 -2853.5654
129.69283 -2452.8639
129.69283 -2461.8484
129.70943 -2232.1332
129.70943 -2241.0871
129.71497 -2682.1178
129.72604 -2791.4921
129.72604 -2800.4807
129.74265 -2391.6938
129.74265 -2400.6515
129.75926 -2185.6865
129.75926 -2194.6584
129.77033 -2946.2731
129.77587 -2608.3122
129.77587 -2617.2898
129.79248 -2486.8279
129.79248 -2495.7831
129.80909 -2667.3998
129.80909 -2676.3793
129.8257 -2357.5586
129.8257 -2366.525
129.84231 -2378.1658
129.84231 -2387.1119
129.85891 -2842.1529
129.85891 -2851.1162
129.87552 -2642.5615
129.87552 -2651.5182
129.88106 -2634.0094
129.89213 -2587.0527
129.89213 -2596.0023
129.90874 -2599.0358
129.90874 -2607.9727
129.92535 -2513.2393
129.92535 -2522.188
129.93642 -2386.0105
129.94196 -2517.3889
129.94196 -2526.3483
129.95857 -2627.0045
129.95857 -2635.961
129.97518 -2649.2692
129.97518 -2658.2286
129.99178 -3030.0899
129.99178 -3039.0441
130.00839 -2659.6461
130.00839 -2668.5977
130.025 -2251.5135
130.025 -2260.4595
130.04161 -3082.7508
130.04161 -3091.6896
130.04715 -2548.706
130.05822 -2963.2985
130.05822 -2972.2085
130.07483 -2225.3212
130.07483 -2234.2574
130.09144 -2897.092
130.09144 -2906.0118
130.10251 -2817.5432
130.10805 -3115.3088
130.10805 -3124.2241
130.12466 -2453.8098
130.12466 -2462.7424
130.14126 -2621.2052
130.14126 -2630.1245
130.15787 -2597.3711
130.15787 -2606.3308
130.17448 -2554.533
130.17448 -2563.4579
130.19109 -2217.3084
130.19109 -2226.2229
130.2077 -2311.5823
130.2077 -2320.5343
130.21324 -2607.2802
130.22431 -2681.646
130.22431 -2690.5733
130.24092 -2213.901
130.24092 -2222.7992
130.25753 -2812.2136
130.25753 -2821.133
130.2686 -2698.3316
130.27413 -2444.9156
130.27413 -2453.8135
130.29074 -2907.8017
130.29074 -2916.7328
130.30735 -2636.5317
130.30735 -2645.4709
130.32396 -1842.7905
130.32396 -1851.6955
130.34057 -2480.1365
130.34057 -2489.042
130.35718 -2552.3877
130.35718 -2561.3001
130.37379 -2167.4294
130.37379 -2176.3178
130.37932 -2716.0553
130.3904 -2588.5916
130.3904 -2597.4728
130.40701 -3178.5823
130.40701 -3187.4632
130.42361 -2588.9338
130.42361 -2597.8357
130.43469 -2163.9906
130.44022 -2492.6332
130.44022 -2501.5011
130.45683 -2455.2908
130.45683 -2464.1957
130.47344 -2501.6071
130.47344 -2510.4951
130.49005 -2646.5014
130.49005 -2655.3624
130.50666 -2507.2536
130.50666 -2516.1563
130.52327 -2530.1884
130.52327 -2539.0764
130.53988 -2442.4988
130.53988 -2451.4102
130.54541 -2393.0944
130.55648 -2426.6004
130.55648 -2435.4982
130.57309 -2407.1703
130.57309 -2416.0692
130.5897 -2536.1263
130.5897 -2545.0068
130.60078 -2732.2154
130.60631 -2807.3393
130.60631 -2816.2065
130.62292 -2189.1148
130.62292 -2198.027
130.63953 -2904.718
130.63953 -2913.6098
130.65614 -2836.2692
130.65614 -2845.166
130.67275 -2616.3508
130.67275 -2625.2552
130.68936 -2538.3437
130.68936 -2547.2146
130.70596 -2562.1317
130.70596 -2571.0339
130.7115 -2906.1104
130.72257 -2909.6088
130.72257 -2918.5101
130.73918 -2157.2974
130.73918 -2166.1703
130.75579 -2631.9332
130.75579 -2640.8268
130.76686 -2740.5724
130.7724 -2449.8689
130.7724 -2458.7542
130.78901 -2495.0002
130.78901 -2503.8814
130.80562 -2356.6192
130.80562 -2365.5212
130.82223 -2411.6131
130.82223 -2420.5057
130.83883 -2610.2405
130.83883 -2619.1312
130.85544 -2859.5554
130.85544 -2868.4299
130.87205 -2384.6738
130.87205 -2393.5381
130.87759 -2663.3321
130.88866 -2410.652
130.88866 -2419.5129
130.90527 -2638.0705
130.90527 -2646.9579
130.92188 -2841.9996
130.92188 -2850.8978
130.93295 -2124.3855
130.93849 -2633.4659
130.93849 -2642.3229
130.9551 -2653.4186
130.9551 -2662.2963
130.97171 -3081.7338
130.97171 -3090.5939
130.98831 -2501.4835
130.98831 -2510.3434
131.00492 -3097.0702
131.00492 -3105.9434
131.02153 -2840.8737
131.02153 -2849.75
131.03814 -2435.611
131.03814 -2444.5168
131.04368 -2259.277
131.05475 -2305.3012
131.05475 -2314.1934
131.07136 -2564.8596
131.07136 -2573.7335
131.08797 -2565.779
131.08797 -2574.6479
131.09904 -2378.5751
131.10458 -2404.4813
131.10458 -2413.3542
131.12119 -2628.2939
131.12119 -2637.1656
131.13779 -2951.9911
131.13779 -2960.8507
131.1544 -2373.9875
131.1544 -2382.8461
131.17101 -2245.2184
131.17101 -2254.0739
131.18762 -2820.1611
131.18762 -2829.0157
131.20423 -2505.1627
131.20423 -2514.0442
131.20977 -2385.443
131.22084 -2564.2271
131.22084 -2573.1139
131.23745 -2513.8095
131.23745 -2522.6726
131.25406 -3000.1658
131.25406 -3009.0352
131.26513 -2617.6723
131.27066 -2326.983
131.27066 -2335.8479
131.28727 -2557.3037
131.28727 -2566.159
131.30388 -2599.605
131.30388 -2608.4351
131.32049 -2423.8281
131.32049 -2432.6748
131.3371 -2606.1061
131.3371 -2614.9752
131.35371 -2399.3681
131.35371 -2408.2103
131.37032 -2873.7652
131.37032 -2882.5983
131.37585 -2663.3267
131.38693 -2774.447
131.38693 -2783.2938
131.40354 -2449.5516
131.40354 -2458.3836
131.42014 -2580.7584
131.42014 -2589.5996
131.43122 -2344.2554
131.43675 -2310.6456
131.43675 -2319.4816
131.45336 -2626.3029
131.45336 -2635.1462
131.46997 -2523.0157
131.46997 -2531.8365
131.48658 -2424.0141
131.48658 -2432.8461
131.50319 -2483.9014
131.50319 -2492.7254
131.5198 -2715.1676
131.5198 -2723.9878
131.53641 -2401.4026
131.53641 -2410.1954
131.54194 -2202.4913
131.55301 -2678.0079
131.55301 -2686.8167
131.56962 -2299.4773
131.56962 -2308.3106
131.58623 -2693.9585
131.58623 -2702.7963
131.5973 -2607.1493
131.60284 -2715.0606
131.60284 -2723.8661
131.61945 -2634.5121
131.61945 -2643.3296
131.63606 -2655.6511
131.63606 -2664.473
131.65267 -2540.2881
131.65267 -2549.0905
131.66928 -2875.7721
131.66928 -2884.5819
131.68589 -2864.0289
131.68589 -2872.8571
131.70249 -2117.7591
131.70249 -2126.5614
131.70803 -1839.2245
131.7191 -2707.7869
131.7191 -2716.6089
131.73571 -2749.9788
131.73571 -2758.7764
131.75232 -2619.578
131.75232 -2628.3759
131.76339 -2440.9621
131.76893 -2358.8846
131.76893 -2367.6859
131.78554 -2424.4768
131.78554 -2433.2757
131.80215 -2933.6135
131.80215 -2942.4114
131.81876 -2460.5347
131.81876 -2469.3392
131.83536 -2377.5948
131.83536 -2386.3693
131.85197 -2373.3222
131.85197 -2382.1052
131.86858 -2826.7498
131.86858 -2835.5535
131.87412 -2637.3555
131.88519 -2790.8594
131.88519 -2799.6558
131.9018 -2266.5042
131.9018 -2275.2898
131.91841 -2819.8802
131.91841 -2828.6834
131.92948 -2819.7299
131.93502 -2457.0308
131.93502 -2465.8248
131.95163 -2236.0526
131.95163 -2244.8519
131.96824 -2588.7889
131.96824 -2597.5886
131.98484 -2483.6346
131.98484 -2492.3968
132.00145 -2533.4379
132.00145 -2542.1944
132.01806 -2635.2058
132.01806 -2643.9747
132.03467 -2395.5626
132.03467 -2404.3171
132.04021 -2263.8898
132.05128 -3078.3396
132.05128 -3087.0601
132.06789 -2765.9533
132.06789 -2774.6711
132.0845 -2650.1545
132.0845 -2658.8634
132.09557 -2429.6064
132.10111 -2352.9922
132.10111 -2361.7021
132.11771 -2847.8051
132.11771 -2856.5321
132.13432 -2813.4111
132.13432 -2822.1262
132.15093 -2072.3528
132.15093 -2081.0822
132.16754 -2361.7454
132.16754 -2370.4663
132.18415 -2710.1052
132.18415 -2718.8472
132.20076 -2301.2636
132.20076 -2309.9939
132.2063 -2429.4772
132.21737 -2190.5597
132.21737 -2199.293
132.23398 -2420.0083
132.23398 -2428.7599
132.25059 -2468.508
132.25059 -2477.2591
132.26166 -2055.6808
132.26719 -2525.3667
132.26719 -2534.1127
132.2838 -2581.8741
132.2838 -2590.6308
132.30041 -2625.5147
132.30041 -2634.2835
132.31702 -2386.5748
132.31702 -2395.3584
132.33363 -2625.4538
132.33363 -2634.226
132.35024 -2566.0097
132.35024 -2574.7746
132.36685 -2773.917
132.36685 -2782.6719
132.37238 -2528.5671
132.38346 -2511.7613
132.38346 -2520.5301
132.40007 -2538.0792
132.40007 -2546.8368
132.41667 -2709.858
132.41667 -2718.6097
132.42775 -2349.1508
132.43328 -2066.2924
132.43328 -2075.0343
132.44989 -2018.6042
132.44989 -2027.3523
132.4665 -2107.884
132.4665 -2116.6246
132.48311 -2587.0077
132.48311 -2595.7713
132.49972 -2575.7859
132.49972 -2584.537
132.51633 -2587.0205
132.51633 -2595.7567
132.53294 -2638.069
132.53294 -2646.8154
132.53847 -2227.8467
132.54954 -2445.2344
132.54954 -2453.9946
132.56615 -2246.4241
132.56615 -2255.1705
132.58276 -2453.9858
132.58276 -2462.732
132.59383 -2987.0043
132.59937 -2454.1767
132.59937 -2462.9218
132.61598 -2706.3305
132.61598 -2715.0658
132.63259 -2339.352
132.63259 -2348.0765
132.6492 -2614.3873
132.6492 -2623.1161
132.66581 -2304.9075
132.66581 -2313.6297
132.68242 -2471.2002
132.68242 -2479.9262
132.69902 -2395.459
132.69902 -2404.1717
132.70456 -2526.271
132.71563 -2376.7037
132.71563 -2385.4343
132.73224 -2363.301
132.73224 -2372.0195
132.74885 -2160.4807
132.74885 -2169.2132
132.75992 -2478.43
132.76546 -2568.5713
132.76546 -2577.2872
132.78207 -2506.1033
132.78207 -2514.7977
132.79868 -2488.2088
132.79868 -2496.9123
132.81529 -2602.9558
132.81529 -2611.6375
132.83189 -2561.7624
132.83189 -2570.4783
132.8485 -2478.0872
132.8485 -2486.7633
132.86511 -2437.3663
132.86511 -2446.0512
132.87065 -2311.8347
132.88172 -2926.135
132.88172 -2934.8116
132.89833 -2483.9636
132.89833 -2492.643
132.91494 -2706.6706
132.91494 -2715.3441
132.92601 -2742.0008
132.93155 -2716.0964
132.93155 -2724.7803
132.94816 -2404.8515
132.94816 -2413.5375
132.96477 -2890.0966
132.96477 -2898.7993
132.98137 -2656.3473
132.98137 -2665.0475
132.99798 -2325.3951
132.99798 -2334.0777
133.01459 -2248.4869
133.01459 -2257.1822
133.0312 -2571.566
133.0312 -2580.2692
133.03674 -2482.6919
133.04781 -2328.8978
133.04781 -2337.5805
133.06442 -2515.7665
133.06442 -2524.4692
133.08103 -2556.0655
133.08103 -2564.7646
133.0921 -2984.8136
133.09764 -2665.3478
133.09764 -2674.0475
133.11424 -2179.9164
133.11424 -2188.6123
133.13085 -2252.9828
133.13085 -2261.6906
133.14746 -2613.6911
133.14746 -2622.4184
133.16407 -2865.1246
133.16407 -2873.8099
133.18068 -2303.0132
133.18068 -2311.7091
133.19729 -2383.8646
133.19729 -2392.563
133.20283 -2768.4554
133.2139 -2471.2245
133.2139 -2479.8895
133.23051 -2336.5368
133.23051 -2345.2507
133.24712 -2246.2448
133.24712 -2254.9333
133.25819 -2792.8454
133.26372 -2407.3685
133.26372 -2416.065
133.28033 -2431.7376
133.28033 -2440.434
133.29694 -2533.9648
133.29694 -2542.6605
133.31355 -2369.8143
133.31355 -2378.5188
133.33016 -2787.2902
133.33016 -2796.0072
133.34677 -2575.1352
133.34677 -2583.8545
133.36338 -2279.1838
133.36338 -2287.9049
133.36891 -2542.1714
133.37999 -2602.9564
133.37999 -2611.6509
133.39659 -2589.2703
133.39659 -2597.9776
133.4132 -2528.8172
133.4132 -2537.5264
133.42428 -2580.6642
133.42981 -2722.9751
133.42981 -2731.6696
133.44642 -2564.4375
133.44642 -2573.1344
133.46303 -2858.1974
133.46303 -2866.8868
133.47964 -2273.6113
133.47964 -2282.2828
133.49625 -2622.9304
133.49625 -2631.5994
133.51286 -2425.3734
133.51286 -2434.0149
133.52947 -2450.6741
133.52947 -2459.3155
133.535 -2229.7933
133.54607 -2682.9942
133.54607 -2691.6576
133.56268 -2863.1587
133.56268 -2871.8133
133.57929 -2682.6991
133.57929 -2691.3616
133.59036 -2412.7384
133.5959 -2144.8681
133.5959 -2153.5352
133.61251 -2389.0583
133.61251 -2397.7204
133.62912 -2452.4177
133.62912 -2461.0876
133.64573 -2453.1772
133.64573 -2461.8568
133.66234 -2823.108
133.66234 -2831.7926
133.67895 -2509.9759
133.67895 -2518.6398
133.69555 -2898.5144
133.69555 -2907.1725
133.70109 -2639.2815
133.71216 -2555.4336
133.71216 -2564.0685
133.72877 -2661.3397
133.72877 -2669.9678
133.74538 -2964.7308
133.74538 -2973.3734
133.75645 -2759.6224
133.76199 -2616.1874
133.76199 -2624.789
133.7786 -2688.9549
133.7786 -2697.6096
133.79521 -2918.8733
133.79521 -2927.5103
133.81182 -2651.0434
133.81182 -2659.6829
133.82842 -2411.4468
133.82842 -2420.086
133.84503 -2461.5213
133.84503 -2470.1659
133.86164 -2885.0408
133.86164 -2893.6715
133.86718 -3100.938
133.87825 -3004.5273
133.87825 -3013.189
133.89486 -2860.2854
133.89486 -2868.9265
133.91147 -2306.3889
133.91147 -2315.0102
133.92254 -2674.8751
133.92808 -2530.2389
133.92808 -2538.8518
133.94469 -2329.1487
133.94469 -2337.7743
133.9613 -2952.8181
133.9613 -2961.4187
133.9779 -2999.5379
133.9779 -3008.1853
133.99451 -2525.3261
133.99451 -2533.9574
134.01112 -2462.2112
134.01112 -2470.8285
134.02773 -2741.9072
134.02773 -2750.535
134.03327 -3067.9376
134.04434 -2304.5031
134.04434 -2313.1542
134.06095 -2603.5609
134.06095 -2612.1949
134.07756 -2388.605
134.07756 -2397.25
134.08863 -2427.8941
134.09417 -2535.7665
134.09417 -2544.367
134.11077 -2680.1727
134.11077 -2688.7927
134.12738 -2120.1225
134.12738 -2128.7522
134.14399 -3081.2939
134.14399 -3089.9324
134.1606 -2578.8625
134.1606 -2587.4937
134.17721 -2261.0864
134.17721 -2269.7035
134.19382 -2351.2797
134.19382 -2359.9196
134.19936 -2513.3209
134.21043 -2266.212
134.21043 -2274.8128
134.22704 -2506.7193
134.22704 -2515.3543
134.24365 -2430.7787
134.24365 -2439.4061
134.25472 -2653.373
134.26025 -2204.1451
134.26025 -2212.7646
134.27686 -2704.525
134.27686 -2713.1477
134.29347 -2602.2591
134.29347 -2610.8803
134.31008 -2491.6415
134.31008 -2500.2561
134.32669 -2595.6707
134.32669 -2604.2707
134.3433 -2449.3012
134.3433 -2457.9316
134.35991 -2503.9306
134.35991 -2512.5403
134.36544 -2807.0082
134.37652 -2478.5572
134.37652 -2487.1579
134.39312 -2965.3597
134.39312 -2973.9501
134.40973 -2747.6168
134.40973 -2756.1875
134.42081 -2832.922
134.42634 -2448.6698
134.42634 -2457.2612
134.44295 -2596.7679
134.44295 -2605.3386
134.45956 -2453.9692
134.45956 -2462.5405
134.47617 -2634.1875
134.47617 -2642.7493
134.49278 -2453.509
134.49278 -2462.0921
134.50939 -2522.8173
134.50939 -2531.4024
134.526 -2413.3145
134.526 -2421.9007
134.53153 -3029.1266
134.5426 -2997.5786
134.5426 -3006.1613
134.55921 -2362.1549
134.55921 -2370.7437
134.57582 -2275.9542
134.57582 -2284.5303
134.58689 -2646.1725
134.59243 -2872.4842
134.59243 -2881.0718
134.60904 -2542.1153
134.60904 -2550.6932
134.62565 -2787.6825
134.62565 -2796.2673
134.64226 -2299.7542
134.64226 -2308.3496
134.65887 -2582.1407
134.65887 -2590.7277
134.67547 -2749.3273
134.67547 -2757.9003
134.69208 -2419.8937
134.69208 -2428.4667
134.69762 -2411.3387
134.70869 -2236.8231
134.70869 -2245.4006
134.7253 -2511.5564
134.7253 -2520.1088
134.74191 -2341.5608
134.74191 -2350.1083
134.75298 -2560.3603
134.75852 -2586.9915
134.75852 -2595.5634
134.77513 -2741.9721
134.77513 -2750.5123
134.79174 -2824.817
134.79174 -2833.3884
134.80835 -2558.8068
134.80835 -2567.3443
134.82495 -2261.4407
134.82495 -2270.0048
134.84156 -2646.5376
134.84156 -2655.1009
134.85817 -2399.3417
134.85817 -2407.927
134.86371 -2313.8443
134.87478 -2552.4224
134.87478 -2560.9905
134.89139 -2444.857
134.89139 -2453.4236
134.908 -2816.465
134.908 -2825.0257
134.91907 -2571.4057
134.92461 -2761.0299
134.92461 -2769.5981
134.94122 -2353.2972
134.94122 -2361.8688
134.95783 -2373.6097
134.95783 -2382.19
134.97443 -2600.7136
134.97443 -2609.3084
134.99104 -2544.5297
134.99104 -2553.1067
135.00765 -2241.2664
135.00765 -2249.8403
135.02426 -2377.3108
135.02426 -2385.8647
135.0298 -2186.2901
135.04087 -2779.7255
135.04087 -2788.2781
135.05748 -2407.9492
135.05748 -2416.5028
135.07409 -2240.243
135.07409 -2248.7957
135.08516 -2544.2893
135.0907 -2797.1818
135.0907 -2805.7466
135.1073 -2425.5618
135.1073 -2434.122
135.12391 -2409.0694
135.12391 -2417.6215
135.14052 -2321.5014
135.14052 -2330.0598
135.15713 -2579.942
135.15713 -2588.4785
135.17374 -2808.9543
135.17374 -2817.5056
135.19035 -2589.5141
135.19035 -2598.0749
135.19588 -2201.922
135.20696 -3025.5468
135.20696 -3034.0785
135.22357 -2664.2256
135.22357 -2672.7909
135.24018 -2183.5714
135.24018 -2192.1364
135.25125 -2387.1025
135.25678 -2214.5868
135.25678 -2223.1463
135.27339 -2364.6525
135.27339 -2373.2027
135.29 -2810.1523
135.29 -2818.7176
135.30661 -2681.3049
135.30661 -2689.8591
135.32322 -2341.8889
135.32322 -2350.4461
135.33983 -2809.4793
135.33983 -2818.0399
135.35644 -2423.2165
135.35644 -2431.787
135.36197 -2332.6643
135.37305 -2665.475
135.37305 -2674.0152
135.38965 -2433.2678
135.38965 -2441.8195
135.40626 -3019.9699
135.40626 -3028.4985
135.41734 -2527.798
135.42287 -2263.1645
135.42287 -2271.6999
135.43948 -2432.9612
135.43948 -2441.4754
135.45609 -3008.2974
135.45609 -3016.8099
135.4727 -2761.469
135.4727 -2769.9689
135.48931 -2515.4394
135.48931 -2523.9589
135.50592 -2527.4579
135.50592 -2535.9775
135.52253 -2530.6805
135.52253 -2539.1957
135.52806 -2649.1247
135.53913 -2385.4934
135.53913 -2393.9936
135.55574 -2380.1573
135.55574 -2388.6684
135.57235 -2860.4172
135.57235 -2868.9244
135.58342 -2649.832
135.58896 -2168.4208
135.58896 -2176.9247
135.60557 -2897.3147
135.60557 -2905.8104
135.62218 -3307.1401
135.62218 -3315.6269
135.63879 -2354.0948
135.63879 -2362.6028
135.6554 -2500.9105
135.6554 -2509.4296
135.672 -2581.5672
135.672 -2590.0902
135.68861 -2356.3184
135.68861 -2364.8247
135.69415 -2722.0753
135.70522 -2836.3473
135.70522 -2844.8753
135.72183 -2433.3505
135.72183 -2441.8656
135.73844 -2311.1371
135.73844 -2319.6553
135.74951 -2806.3233
135.75505 -2580.0919
135.75505 -2588.5938
135.77166 -2662.2489
135.77166 -2670.7505
135.78827 -2395.0715
135.78827 -2403.565
135.80488 -2610.4225
135.80488 -2618.8943
135.82148 -3033.1839
135.82148 -3041.6528
135.83809 -2874.0992
135.83809 -2882.5654
135.8547 -2599.7472
135.8547 -2608.2125
135.86024 -2656.7216
135.87131 -2636.8398
135.87131 -2645.3194
135.88792 -2642.0597
135.88792 -2650.5471
135.90453 -2736.7934
135.90453 -2745.2915
135.9156 -2008.1269
135.92114 -2483.9764
135.92114 -2492.4588
135.93775 -2341.2445
135.93775 -2349.7263
135.95435 -2577.4452
135.95435 -2585.9211
135.97096 -2951.6354
135.97096 -2960.0959
135.98757 -2633.3819
135.98757 -2641.855
136.00418 -2639.9514
136.00418 -2648.3948
136.02079 -2760.6097
136.02079 -2769.0837
136.02633 -2167.9132
136.0374 -2419.7519
136.0374 -2428.1814
136.05401 -2311.197
136.05401 -2319.6562
136.07062 -2551.3834
136.07062 -2559.8629
136.08169 -2307.7199
136.08723 -2799.3559
136.08723 -2807.8073
136.10383 -2350.5805
136.10383 -2359.0456
136.12044 -2483.5203
136.12044 -2492.0105
136.13705 -2770.9288
136.13705 -2779.3793
136.15366 -2330.1795
136.15366 -2338.6376
136.17027 -2549.813
136.17027 -2558.2861
136.18688 -2541.9731
136.18688 -2550.4615
136.19241 -2253.0967
136.20349 -2832.8254
136.20349 -2841.3016
136.2201 -2201.1674
136.2201 -2209.6621
136.23671 -2529.8232
136.23671 -2538.3078
136.24778 -2699.8765
136.25331 -2835.9318
136.25331 -2844.4093
136.26992 -2509.3558
136.26992 -2517.8181
136.28653 -2405.0474
136.28653 -2413.5119
136.30314 -2599.9946
136.30314 -2608.4722
136.31975 -2817.6013
136.31975 -2826.0563
136.33636 -2263.5646
136.33636 -2272.0339
136.35297 -2157.7041
136.35297 -2166.1544
136.3585 -2272.5755
136.36958 -3137.1748
136.36958 -3145.6372
136.38618 -3020.053
136.38618 -3028.5067
136.40279 -2285.7711
136.40279 -2294.2292
136.41387 -2885.3335
136.4194 -2481.8447
136.4194 -2490.3287
136.43601 -2986.2927
136.43601 -2994.7578
136.45262 -2733.1318
136.45262 -2741.5846
136.46923 -1715.762
136.46923 -1724.2247
136.48584 -2519.0594
136.48584 -2527.52
136.50245 -2430.6004
136.50245 -2439.0462
136.51906 -1954.4934
136.51906 -1962.9376
136.52459 -2447.7854
136.53566 -2480.4145
136.53566 -2490.1021
136.55227 -2526.5993
136.55227 -2535.036
136.56888 -2389.1662
136.56888 -2397.6172
136.57995 -2044.0979
136.58549 -2267.873
136.58549 -2276.326
136.6021 -2433.8933
136.6021 -2442.3262
136.61871 -2908.9853
136.61871 -2917.4522
136.63532 -2560.2817
136.63532 -2568.6999
136.65193 -2840.4536
136.65193 -2848.8821
136.66853 -2738.0831
136.66853 -2746.5046
136.68514 -2716.8802
136.68514 -2725.2901
136.69068 -2076.0075
136.70175 -2886.8016
136.70175 -2895.2151
136.71836 -2391.5971
136.71836 -2400.0008
136.73497 -2450.7524
136.73497 -2459.1611
136.74604 -2015.4823
136.75158 -2302.141
136.75158 -2310.5497
136.76819 -2503.6412
136.76819 -2512.059
136.7848 -2830.3103
136.7848 -2838.705
136.80141 -2455.755
136.80141 -2464.153
136.81801 -2844.478
136.81801 -2852.8992
136.83462 -2787.5957
136.83462 -2795.9923
136.85123 -2505.2778
136.85123 -2513.6879
136.85677 -2391.0276
136.86784 -2690.9679
136.86784 -2699.3625
136.88445 -2718.6007
136.88445 -2727.0159
136.90106 -2808.0202
136.90106 -2816.44
136.91213 -2415.2275
136.91767 -2471.3223
136.91767 -2479.7223
136.93428 -2556.0878
136.93428 -2564.5078
136.95088 -2637.1248
136.95088 -2645.5466
136.96749 -2322.921
136.96749 -2331.3456
136.9841 -2578.053
136.9841 -2586.4624
137.00071 -2118.5547
137.00071 -2126.9703
137.01732 -2528.3722
137.01732 -2536.797
137.02286 -2530.9214
137.03393 -2351.6691
137.03393 -2360.0769
137.05054 -2380.3283
137.05054 -2388.7266
137.06715 -2424.8522
137.06715 -2433.2502
137.07822 -2413.3962
137.08376 -2119.5978
137.08376 -2128.0059
137.10036 -2742.8389
137.10036 -2751.2437
137.11697 -2319.6384
137.11697 -2328.0445
137.13358 -2214.124
137.13358 -2222.5314
137.15019 -2431.1742
137.15019 -2439.5485
137.1668 -2583.0605
137.1668 -2591.462
137.18341 -2121.1561
137.18341 -2129.5483
137.18894 -2329.5306
137.20002 -2726.268
137.20002 -2734.6467
137.21663 -2283.8387
137.21663 -2292.2459
137.23323 -2419.5728
137.23323 -2427.9566
137.24431 -2761.9981
137.24984 -2273.9519
137.24984 -2282.3413
137.26645 -2608.2413
137.26645 -2616.631
137.28306 -2456.2376
137.28306 -2464.6282
137.29967 -2664.8593
137.29967 -2673.2414
137.31628 -2454.5488
137.31628 -2462.9303
137.33289 -2757.5204
137.33289 -2765.9148
137.3495 -2252.2387
137.3495 -2260.6171
137.35503 -2735.3309
137.36611 -2417.4311
137.36611 -2425.8029
137.38271 -2767.2768
137.38271 -2775.6639
137.39932 -2835.3102
137.39932 -2843.6919
137.4104 -2291.4412
137.41593 -2562.0922
137.41593 -2570.4685
137.43254 -2929.8944
137.43254 -2938.282
137.44915 -2638.014
137.44915 -2646.3929
137.46576 -2601.2272
137.46576 -2609.6005
137.48237 -2369.2237
137.48237 -2377.602
137.49898 -2589.4719
137.49898 -2597.8479
137.51559 -2422.1816
137.51559 -2430.5605
137.52112 -2337.0821
137.53219 -2591.2658
137.53219 -2599.6381
137.5488 -2360.6402
137.5488 -2369.02
137.56541 -2863.623
137.56541 -2872.0075
137.57648 -2894.353
137.58202 -2580.0111
137.58202 -2588.366
137.59863 -2629.8305
137.59863 -2638.2108
137.61524 -2424.4784
137.61524 -2432.8332
137.63185 -2607.7084
137.63185 -2616.0623
137.64846 -2624.8017
137.64846 -2633.1708
137.66506 -2382.7371
137.66506 -2391.0766
137.68167 -2513.3833
137.68167 -2521.7311
137.68721 -3066.4238
137.69828 -2368.0868
137.69828 -2376.4582
137.71489 -2644.2518
137.71489 -2652.6242
137.7315 -2687.4741
137.7315 -2695.8308
137.74257 -2591.4693
137.74811 -2609.7419
137.74811 -2618.1068
137.76472 -2447.2013
137.76472 -2455.5674
137.78133 -2466.0103
137.78133 -2474.3672
137.79794 -2246.7374
137.79794 -2255.1019
137.81454 -2429.9196
137.81454 -2438.293
137.83115 -2706.9021
137.83115 -2715.3003
137.84776 -2867.4987
137.84776 -2875.8846
137.8533 -2561.2667
137.86437 -2471.9723
137.86437 -2480.3574
137.88098 -2482.69
137.88098 -2491.0642
137.89759 -2592.5661
137.89759 -2600.9452
137.90866 -2212.4937
137.9142 -2149.262
137.9142 -2157.6305
137.93081 -2200.8048
137.93081 -2209.1749
137.94741 -2231.5923
137.94741 -2239.9692
137.96402 -2386.4811
137.96402 -2394.8444
137.98063 -2855.942
137.98063 -2864.2907
137.99724 -2843.8434
137.99724 -2852.1971
138.01385 -2521.179
138.01385 -2529.4996
138.01939 -1967.8842
138.03046 -2470.8412
138.03046 -2479.1798
138.04707 -2434.6162
138.04707 -2442.9629
138.06368 -2498.9263
138.06368 -2507.2467
138.07475 -2499.2501
138.08029 -2746.7787
138.08029 -2755.1149
138.09689 -2304.7128
138.09689 -2313.058
138.1135 -2590.4577
138.1135 -2598.805
138.13011 -2700.3827
138.13011 -2708.737
138.14672 -2714.6839
138.14672 -2723.0306
138.16333 -2565.385
138.16333 -2573.7275
138.17994 -2495.3815
138.17994 -2503.7275
138.18547 -2705.2647
138.19655 -2620.6563
138.19655 -2628.9874
138.21316 -2303.3504
138.21316 -2311.6855
138.22976 -2461.878
138.22976 -2470.1973
138.24084 -2641.3113
138.24637 -2219.6356
138.24637 -2227.9753
138.26298 -2744.2351
138.26298 -2752.5821
138.27959 -2719.5671
138.27959 -2727.9088
138.2962 -2706.0173
138.2962 -2714.3494
138.31281 -2767.0039
138.31281 -2775.3434
138.32942 -2247.4563
138.32942 -2255.7795
138.34603 -2838.5978
138.34603 -2846.9239
138.35156 -2815.8547
138.36264 -2438.9951
138.36264 -2447.3242
138.37924 -2450.6119
138.37924 -2458.9356
138.39585 -2517.5942
138.39585 -2525.8992
138.40693 -2251.1693
138.41246 -2766.3635
138.41246 -2774.7021
138.42907 -2683.3226
138.42907 -2691.665
138.44568 -2596.222
138.44568 -2604.5269
138.46229 -2567.0188
138.46229 -2575.345
138.4789 -2711.6076
138.4789 -2719.9156
138.49551 -2840.5564
138.49551 -2848.8821
138.51211 -2732.0406
138.51211 -2740.3612
138.51765 -2370.0437
138.52872 -2587.1119
138.52872 -2595.4458
138.54533 -2834.9824
138.54533 -2843.3305
138.56194 -2605.1875
138.56194 -2613.5168
138.57301 -2351.0681
138.57855 -2690.4569
138.57855 -2698.7958
138.59516 -2290.6448
138.59516 -2298.9856
138.61177 -2235.9606
138.61177 -2244.2974
138.62838 -3080.4394
138.62838 -3088.7748
138.64499 -2449.0529
138.64499 -2457.4074
138.66159 -2532.3092
138.66159 -2540.6275
138.6782 -3198.1112
138.6782 -3206.4369
138.68374 -2674.0975
138.69481 -3004.1403
138.69481 -3012.4611
138.71142 -2381.1085
138.71142 -2389.4035
138.72803 -2255.8077
138.72803 -2264.1293
138.7391 -2487.2077
138.74464 -2693.7582
138.74464 -2702.0685
138.76125 -2633.9009
138.76125 -2642.2061
138.77786 -2254.1694
138.77786 -2262.4654
138.79447 -2384.7028
138.79447 -2392.9992
138.81107 -2596.1305
138.81107 -2604.4261
138.82768 -2385.9348
138.82768 -2394.2442
138.84429 -2538.155
138.84429 -2546.4486
138.84983 -2712.601
138.8609 -2763.7374
138.8609 -2772.0291
138.87751 -2442.0969
138.87751 -2450.3883
138.89412 -2423.2954
138.89412 -2431.5693
138.90519 -2613.9381
138.91073 -2364.8902
138.91073 -2373.1616
138.92734 -2403.982
138.92734 -2412.2655
138.94394 -2551.7092
138.94394 -2559.973
138.96055 -2608.53
138.96055 -2616.8057
138.97716 -2824.5508
138.97716 -2832.8288
138.99377 -1843.3912
138.99377 -1851.656
139.01038 -2555.8574
139.01038 -2564.1503
139.01592 -2926.456
139.02699 -2677.3707
139.02699 -2685.6269
139.0436 -2274.6475
139.0436 -2282.9167
139.06021 -2664.4377
139.06021 -2672.7155
139.07128 -2476.5113
139.07682 -2457.6987
139.07682 -2465.9683
139.09342 -2664.7803
139.09342 -2673.0375
139.11003 -2396.9971
139.11003 -2405.2901
139.12664 -2926.8041
139.12664 -2935.0791
139.14325 -2522.6272
139.14325 -2530.9067
139.15986 -2702.4804
139.15986 -2710.7626
139.17647 -2789.9178
139.17647 -2798.1966
139.182 -3027.6352
139.19308 -2728.8437
139.19308 -2737.1189
139.20969 -3058.2148
139.20969 -3066.507
139.22629 -2226.4939
139.22629 -2234.7733
139.23737 -2613.7954
139.2429 -2273.9274
139.2429 -2282.1862
139.25951 -3067.0873
139.25951 -3075.3536
139.27612 -2769.6125
139.27612 -2777.8976
139.29273 -2392.2788
139.29273 -2400.5715
139.30934 -2408.2486
139.30934 -2416.5405
139.32595 -2640.9646
139.32595 -2649.23
139.34256 -2527.6278
139.34256 -2535.8744
139.34809 -2522.4697
139.35917 -2812.5585
139.35917 -2820.8377
139.37577 -2976.546
139.37577 -2984.8248
139.39238 -2484.0911
139.39238 -2492.3612
139.40346 -2457.4573
139.40899 -2471.8951
139.40899 -2480.1741
139.4256 -2400.6692
139.4256 -2408.9292
139.44221 -2856.139
139.44221 -2864.397
139.45882 -2512.9043
139.45882 -2521.1618
139.47543 -2435.8231
139.47543 -2444.0624
139.49204 -2284.2136
139.49204 -2292.4349
139.50864 -2242.536
139.50864 -2250.7775
139.51418 -2399.5224
139.52525 -2452.2116
139.52525 -2460.4432
139.54186 -2541.4227
139.54186 -2549.6528
139.55847 -2437.9745
139.55847 -2446.2248
139.56954 -2486.6857
139.57508 -2291.067
139.57508 -2299.3146
139.59169 -2709.1403
139.59169 -2717.3718
139.6083 -2398.9944
139.6083 -2407.2232
139.62491 -2372.0949
139.62491 -2380.3327
139.64152 -2844.0988
139.64152 -2852.3457
139.65812 -2371.968
139.65812 -2380.2077
139.67473 -2359.4461
139.67473 -2367.6835
139.68027 -2554.6329
139.69134 -2617.9879
139.69134 -2626.2309
139.70795 -2810.5491
139.70795 -2818.8012
139.72456 -2484.1359
139.72456 -2492.3697
139.73563 -3013.1308
139.74117 -2662.9286
139.74117 -2671.1657
139.75778 -3065.9196
139.75778 -3074.1674
139.77439 -2345.5685
139.77439 -2353.7961
139.79099 -2237.2213
139.79099 -2245.459
139.8076 -2550.7631
139.8076 -2558.9987
139.82421 -2833.587
139.82421 -2841.8034
139.84082 -2124.6397
139.84082 -2132.8676
139.84636 -2407.3515
139.85743 -2624.8663
139.85743 -2633.098
139.87404 -2628.4176
139.87404 -2636.6442
139.89065 -2777.7805
139.89065 -2786.0052
139.90172 -2556.3593
139.90726 -2781.3388
139.90726 -2789.5481
139.92387 -2745.517
139.92387 -2753.7364
139.94047 -2564.4374
139.94047 -2572.6544
139.95708 -2598.2774
139.95708 -2606.4821
139.97369 -2561.5141
139.97369 -2569.7358
139.9903 -2372.9753
139.9903 -2381.1715
140.00691 -2696.613
140.00691 -2704.8151
140.01245 -2472.2267
140.02352 -2517.7087
140.02352 -2525.9261
140.04013 -2578.402
140.04013 -2586.6176
140.05674 -2589.1103
140.05674 -2597.3179
140.06781 -2660.9064
140.07335 -2543.2829
140.07335 -2551.4972
140.08995 -2358.3471
140.08995 -2366.5584
140.10656 -2382.3104
140.10656 -2390.5228
140.12317 -2834.0928
140.12317 -2842.3093
140.13978 -2558.8856
140.13978 -2567.0975
140.15639 -2411.9212
140.15639 -2420.1412
140.173 -2785.6649
140.173 -2793.8762
140.17853 -2722.5257
140.18961 -2451.0714
140.18961 -2459.3043
140.20622 -2781.4166
140.20622 -2789.6178
140.22282 -2578.7163
140.22282 -2586.9082
140.2339 -2769.5503
140.23943 -2427.0497
140.23943 -2435.258
140.25604 -2610.9835
140.25604 -2619.1814
140.27265 -2629.4914
140.27265 -2637.6747
140.28926 -2611.9659
140.28926 -2620.1442
140.30587 -2166.4384
140.30587 -2174.6185
140.32248 -2685.2697
140.32248 -2693.4505
140.33909 -2964.7998
140.33909 -2972.982
140.34462 -3024.6464
140.3557 -2327.1091
140.3557 -2335.2735
140.3723 -2468.044
140.3723 -2476.2208
140.38891 -2562.5942
140.38891 -2570.7743
140.39999 -2623.9361
140.40552 -2841.8398
140.40552 -2850.0321
140.42213 -2443.2855
140.42213 -2451.4801
140.43874 -2355.2878
140.43874 -2363.4495
140.45535 -2879.6668
140.45535 -2887.8446
140.47196 -2967.0306
140.47196 -2975.2032
140.48857 -2309.7252
140.48857 -2317.8816
140.50517 -2814.3338
140.50517 -2822.4952
140.51071 -2833.7645
140.52178 -2576.5816
140.52178 -2584.7232
140.53839 -2214.0994
140.53839 -2222.2584
140.555 -2514.6603
140.555 -2522.8074
140.56607 -2714.1994
140.57161 -2530.0473
140.57161 -2538.1928
140.58822 -2347.3396
140.58822 -2355.485
140.60483 -2519.3962
140.60483 -2527.5494
140.62144 -2476.5279
140.62144 -2484.6872
140.63805 -2769.15
140.63805 -2777.3215
140.65465 -2845.3246
140.65465 -2853.523
140.67126 -2630.1212
140.67126 -2638.2949
140.6768 -2599.8036
140.68787 -2581.695
140.68787 -2589.8718
140.70448 -2165.4836
140.70448 -2173.6547
140.72109 -2392.4717
140.72109 -2400.6495
140.73216 -2729.9711
140.7377 -2616.6624
140.7377 -2624.8421
140.75431 -2442.4961
140.75431 -2450.6788
140.77092 -2969.6181
140.77092 -2977.7817
140.78752 -2473.6324
140.78752 -2481.7893
140.80413 -2425.5544
140.80413 -2433.7165
140.82074 -2560.1285
140.82074 -2568.2853
140.83735 -2690.3748
140.83735 -2698.519
140.84289 -2232.3425
140.85396 -2361.0112
140.85396 -2369.1754
140.87057 -2733.8828
140.87057 -2742.0278
140.88718 -2639.1652
140.88718 -2647.3112
140.89825 -2354.7541
140.90379 -2371.1229
140.90379 -2379.253
140.9204 -2760.7964
140.9204 -2768.9443
140.937 -3077.6067
140.937 -3085.7496
140.95361 -2554.3104
140.95361 -2562.4393
140.97022 -2518.4276
140.97022 -2526.5694
140.98683 -2642.2897
140.98683 -2650.4328
141.00344 -2534.5494
141.00344 -2542.6852
141.00898 -2616.2437
141.02005 -2685.5408
141.02005 -2693.6618
141.03666 -2284.3785
141.03666 -2292.4818
141.05327 -2365.2293
141.05327 -2373.3585
141.06434 -2841.1029
141.06987 -2972.7469
141.06987 -2980.8841
141.08648 -2592.6995
141.08648 -2600.8315
141.10309 -2550.9571
141.10309 -2559.1021
141.1197 -2700.5106
141.1197 -2708.6542
141.13631 -2657.388
141.13631 -2665.5508
141.15292 -2574.4669
141.15292 -2582.5998
141.16953 -2341.9992
141.16953 -2350.1265
141.17506 -2376.3872
141.18614 -2644.5486
141.18614 -2652.6947
141.20275 -2319.4324
141.20275 -2327.5884
141.21935 -2268.8209
141.21935 -2276.9632
141.23043 -2288.3192
141.23596 -2492.2324
141.23596 -2500.3747
141.25257 -3055.0478
141.25257 -3063.2034
141.26918 -2422.9706
141.26918 -2431.1099
141.28579 -2483.9093
141.28579 -2492.065
141.3024 -2606.5886
141.3024 -2614.7448
141.31901 -2430.2002
141.31901 -2438.3389
141.33562 -2287.493
141.33562 -2295.6306
141.34115 -2781.505
141.35222 -2381.0691
141.35222 -2389.203
141.36883 -2381.7923
141.36883 -2389.939
141.38544 -2656.3528
141.38544 -2664.4749
141.39652 -2506.2194
141.40205 -2656.6403
141.40205 -2664.7621
141.41866 -2808.8258
141.41866 -2816.9297
141.43527 -2410.1587
141.43527 -2419.571
141.45188 -2628.4413
141.45188 -2636.5275
141.46849 -2833.9692
141.46849 -2842.0531
141.4851 -2620.9613
141.4851 -2629.0324
141.5017 -2509.3536
141.5017 -2517.4453
141.50724 -2748.1015
141.51831 -2532.8056
141.51831 -2540.8766
141.53492 -2485.268
141.53492 -2493.3545
141.55153 -2603.5427
141.55153 -2611.6179
141.5626 -2445.4932
141.56814 -2894.4865
141.56814 -2902.5664
141.58475 -2240.4507
141.58475 -2248.5303
141.60136 -2373.0467
141.60136 -2381.1168
141.61797 -3134.3418
141.61797 -3142.4328
141.63458 -2674.7438
141.63458 -2682.8321
141.65118 -2543.3505
141.65118 -2551.4321
141.66779 -2534.5282
141.66779 -2542.6149
141.67333 -2373.3616
141.6844 -2806.8898
141.6844 -2814.9846
141.70101 -2644.6344
141.70101 -2652.7404
141.71762 -2311.1858
141.71762 -2319.2872
141.72869 -2888.099
141.73423 -2684.5145
141.73423 -2692.6163
141.75084 -2521.9742
141.75084 -2530.0469
141.76745 -2860.0552
141.76745 -2868.1254
141.78405 -2537.0004
141.78405 -2545.0902
141.80066 -2625.1158
141.80066 -2633.1809
141.81727 -2788.494
141.81727 -2796.5651
141.83388 -2507.4293
141.83388 -2515.5309
141.83942 -2565.51
141.85049 -2273.9241
141.85049 -2282.0159
141.8671 -2333.601
141.8671 -2341.6995
141.88371 -2364.1841
141.88371 -2372.2764
141.89478 -2974.0026
141.90032 -2871.0818
141.90032 -2879.1975
141.91693 -2660.4228
141.91693 -2668.5128
141.93353 -2583.6922
141.93353 -2591.7867
141.95014 -2379.5798
141.95014 -2387.6801
141.96675 -2467.009
141.96675 -2475.1089
141.98336 -2747.2702
141.98336 -2755.3638
141.99997 -2292.0646
141.99997 -2300.1646
142.00551 -2477.7306
142.01658 -2499.1666
142.01658 -2507.2636
142.03319 -2750.0821
142.03319 -2758.184
142.0498 -2255.7451
142.0498 -2263.8309
142.06087 -2971.1172
142.0664 -2446.0822
142.0664 -2454.1694
142.08301 -2444.3387
142.08301 -2452.4332
142.09962 -2496.5865
142.09962 -2504.6823
142.11623 -2720.6904
142.11623 -2728.7614
142.13284 -2061.4643
142.13284 -2069.5665
142.14945 -2725.7719
142.14945 -2733.8433
142.16606 -2708.5048
142.16606 -2716.5857
142.17159 -2621.4861
142.18267 -2890.299
142.18267 -2898.3636
142.19928 -2690.799
142.19928 -2698.8523
142.21588 -2719.4031
142.21588 -2727.4573
142.22696 -2919.051
142.23249 -2643.3734
142.23249 -2651.4193
142.2491 -2779.5823
142.2491 -2787.6505
142.26571 -2647.544
142.26571 -2655.5895
142.28232 -2062.7168
142.28232 -2070.7642
142.29893 -2982.6982
142.29893 -2990.7761
142.31554 -3125.6865
142.31554 -3133.7464
142.33215 -2954.3671
142.33215 -2962.4273
142.33768 -2941.7037
142.34875 -2276.4697
142.34875 -2284.5402
142.36536 -2845.0831
142.36536 -2853.1632
142.38197 -2389.2465
142.38197 -2397.3167
142.39305 -2351.4314
142.39858 -2210.2888
142.39858 -2218.377
142.41519 -2818.5409
142.41519 -2826.6262
142.4318 -2401.576
142.4318 -2409.6691
142.44841 -2443.1607
142.44841 -2451.2187
142.46502 -2514.7189
142.46502 -2522.8009
142.48163 -2650.2905
142.48163 -2658.3697
142.49823 -2831.2202
142.49823 -2839.3007
142.50377 -2709.2907
142.51484 -2635.2996
142.51484 -2643.3778
142.53145 -2160.1071
142.53145 -2168.1778
142.54806 -2625.0258
142.54806 -2633.0849
142.55913 -2622.4792
142.56467 -2732.0193
142.56467 -2740.0936
142.58128 -2651.774
142.58128 -2659.8367
142.59789 -2454.136
142.59789 -2462.1967
142.6145 -2628.2302
142.6145 -2636.2822
142.6311 -2415.7165
142.6311 -2423.7691
142.64771 -2476.6875
142.64771 -2484.757
142.66432 -3203.4277
142.66432 -3211.4868
142.66986 -2318.1111
142.68093 -2716.2464
142.68093 -2724.2979
142.69754 -2553.3052
142.69754 -2561.3347
142.71415 -2616.0365
142.71415 -2624.0628
142.72522 -2950.1355
142.73076 -2653.0999
142.73076 -2661.1196
142.74737 -2637.3335
142.74737 -2645.3656
142.76398 -2184.8096
142.76398 -2192.8446
142.78058 -2583.6601
142.78058 -2591.6847
142.79719 -2903.1189
142.79719 -2911.1256
142.8138 -2379.6763
142.8138 -2387.6844
142.83041 -2564.6725
142.83041 -2572.6936
142.83595 -2481.2197
142.84702 -2654.2251
142.84702 -2662.2275
142.86363 -2615.3989
142.86363 -2623.3943
142.88024 -2461.8082
142.88024 -2469.8042
142.89131 -2215.1171
142.89685 -2349.9044
142.89685 -2357.9151
142.91346 -2363.9281
142.91346 -2371.9478
142.93006 -2565.7834
142.93006 -2573.7868
142.94667 -2800.586
142.94667 -2808.604
142.96328 -2662.6042
142.96328 -2670.5908
142.97989 -2601.2008
142.97989 -2609.1912
142.9965 -2979.6354
142.9965 -2987.6537
143.00204 -3082.4565
143.01311 -2422.4415
143.01311 -2430.4483
143.02972 -2792.2096
143.02972 -2800.2164
143.04633 -2447.7663
143.04633 -2455.7897
143.0574 -2504.7071
143.06293 -2228.2795
143.06293 -2236.3005
143.07954 -2434.8942
143.07954 -2442.8962
143.09615 -2756.9808
143.09615 -2765.0108
143.11276 -2702.4921
143.11276 -2710.5066
143.12937 -2650.5421
143.12937 -2658.5658
143.14598 -2565.4633
143.14598 -2573.4752
143.16259 -2494.9885
143.16259 -2503.015
143.16812 -2239.9979
143.1792 -2800.4944
143.1792 -2808.4848
143.19581 -2743.6449
143.19581 -2751.6597
143.21241 -2617.6916
143.21241 -2625.7153
143.22349 -2864.3535
143.22902 -2645.1428
143.22902 -2653.1736
143.24563 -2741.081
143.24563 -2749.1095
143.26224 -1996.5527
143.26224 -2004.5573
143.27885 -2771.3456
143.27885 -2779.3632
143.29546 -2637.1418
143.29546 -2645.1509
143.31207 -2681.0469
143.31207 -2689.0602
143.32868 -2497.0379
143.32868 -2505.058
143.33421 -2516.2896
143.34528 -2707.6992
143.34528 -2715.7132
143.36189 -2654.3808
143.36189 -2662.4078
143.3785 -2168.2581
143.3785 -2176.2781
143.38957 -2693.2995
143.39511 -2630.0495
143.39511 -2638.0702
143.41172 -2741.111
143.41172 -2749.1096
143.42833 -2371.0813
143.42833 -2379.0937
143.44494 -2796.295
143.44494 -2804.3045
143.46155 -2602.3027
143.46155 -2610.3186
143.47816 -2528.3006
143.47816 -2536.3138
143.49476 -2217.2843
143.49476 -2225.2874
143.5003 -2572.9405
143.51137 -2532.9612
143.51137 -2540.9542
143.52798 -2855.4133
143.52798 -2863.4157
143.54459 -2834.0697
143.54459 -2842.0409
143.55566 -2545.4908
143.5612 -2512.5366
143.5612 -2520.543
143.57781 -2593.2774
143.57781 -2601.2563
143.59442 -2809.0387
143.59442 -2817.028
143.61103 -2959.4947
143.61103 -2967.495
143.62763 -2368.0814
143.62763 -2376.0895
143.64424 -2986.8111
143.64424 -2994.7973
143.66085 -2452.4805
143.66085 -2460.4747
143.66639 -2603.2473
143.67746 -2754.7503
143.67746 -2762.7308
143.69407 -2908.6786
143.69407 -2916.6678
143.71068 -2804.6395
143.71068 -2812.6184
143.72175 -2555.6054
143.72729 -2624.3691
143.72729 -2632.3537
143.7439 -2673.4517
143.7439 -2681.4266
143.76051 -2706.198
143.76051 -2714.1643
143.77711 -2618.4852
143.77711 -2626.4499
143.79372 -2431.3482
143.79372 -2439.3267
143.81033 -3065.31
143.81033 -3073.3006
143.82694 -2637.0207
143.82694 -2645.0007
143.83248 -2762.9717
143.84355 -3103.773
143.84355 -3111.7663
143.86016 -2485.3277
143.86016 -2493.3098
143.87677 -2330.8142
143.87677 -2338.812
143.88784 -2502.6494
143.89338 -2691.1837
143.89338 -2699.164
143.90998 -2470.2425
143.90998 -2478.2249
143.92659 -2226.7277
143.92659 -2234.7354
143.9432 -2670.3285
143.9432 -2678.3165
143.95981 -2690.3936
143.95981 -2698.3623
143.97642 -2950.9475
143.97642 -2958.9132
143.99303 -2459.4666
143.99303 -2467.4357
143.99857 -2559.6961
144.00964 -3111.075
144.00964 -3119.0561
144.02625 -3247.376
144.02625 -3255.3544
144.04286 -2622.7068
144.04286 -2630.6813
144.05393 -2247.4949
144.05946 -2768.5774
144.05946 -2776.5294
144.07607 -2628.3056
144.07607 -2636.2773
144.09268 -2363.637
144.09268 -2371.6128
144.10929 -2566.301
144.10929 -2574.2606
144.1259 -2471.672
144.1259 -2479.6099
144.14251 -2594.7357
144.14251 -2602.696
144.15912 -2742.2854
144.15912 -2750.2367
144.16465 -2277.1602
144.17573 -2637.1241
144.17573 -2645.0689
144.19234 -2515.3906
144.19234 -2523.3469
144.20894 -2474.9456
144.20894 -2482.9055
144.22002 -2372.0966
144.22555 -2199.7963
144.22555 -2207.7628
144.24216 -2284.7298
144.24216 -2292.6878
144.25877 -2667.4058
144.25877 -2675.392
144.27538 -2426.3298
144.27538 -2434.2876
144.29199 -2565.0487
144.29199 -2572.9972
144.3086 -2473.4014
144.3086 -2481.3616
144.32521 -2295.6161
144.32521 -2303.5644
144.33074 -2186.4743
144.34181 -2910.3608
144.34181 -2918.3272
144.35842 -2598.3471
144.35842 -2606.3211
144.37503 -2475.6559
144.37503 -2483.6222
144.3861 -2398.1148
144.39164 -2815.394
144.39164 -2823.3764
144.40825 -2446.7042
144.40825 -2454.6871
144.42486 -2841.7086
144.42486 -2849.6614
144.44147 -2363.3321
144.44147 -2371.2984
144.45808 -2803.639
144.45808 -2811.6193
144.47469 -2756.5373
144.47469 -2764.5084
144.49129 -2343.7337
144.49129 -2351.6961
144.49683 -2416.2117
144.5079 -2694.3599
144.5079 -2702.2971
144.52451 -2510.4149
144.52451 -2518.3695
144.54112 -2472.2362
144.54112 -2480.1816
144.55219 -2711.8789
144.55773 -2755.7181
144.55773 -2763.6579
144.57434 -2902.288
144.57434 -2910.2306
144.59095 -2768.21
144.59095 -2776.1431
144.60756 -2256.8224
144.60756 -2264.7386
144.62416 -2402.0751
144.62416 -2410.0241
144.64077 -2497.8817
144.64077 -2505.7942
144.65738 -2332.5288
144.65738 -2340.4546
144.66292 -2535.7918
144.67399 -2424.8411
144.67399 -2432.7847
144.6906 -2595.887
144.6906 -2603.8339
144.70721 -2950.8361
144.70721 -2958.7676
144.71828 -2673.0114
144.72382 -2723.4006
144.72382 -2731.3423
144.74043 -2347.553
144.74043 -2355.4961
144.75704 -2799.0751
144.75704 -2806.9922
144.77364 -2459.7001
144.77364 -2467.6343
144.79025 -3163.7222
144.79025 -3171.6476
144.80686 -2714.1955
144.80686 -2722.1318
144.82347 -2408.4551
144.82347 -2416.3742
144.82901 -2913.0182
144.84008 -2814.3281
144.84008 -2822.2777
144.85669 -2378.8367
144.85669 -2386.7465
144.8733 -2360.0515
144.8733 -2367.9448
144.88437 -2638.5009
144.88991 -2650.2479
144.88991 -2658.1534
144.90651 -2525.5021
144.90651 -2533.4094
144.92312 -2420.0839
144.92312 -2427.9863
144.93973 -2926.9248
144.93973 -2934.8192
144.95634 -2898.2212
144.95634 -2906.1213
144.97295 -2796.4301
144.97295 -2804.3445
144.98956 -2628.6095
144.98956 -2636.5081
144.9951 -2744.7577
145.00617 -2715.0129
145.00617 -2722.9415
145.02278 -2421.3524
145.02278 -2429.2738
145.03939 -2177.8509
145.03939 -2185.7555
145.05046 -2488.44
145.05599 -2402.5638
145.05599 -2410.4558
145.0726 -2359.622
145.0726 -2367.5152
145.08921 -2385.1453
145.08921 -2393.0507
145.10582 -2557.3349
145.10582 -2565.2409
145.12243 -2578.3797
145.12243 -2586.2637
145.13904 -2442.3146
145.13904 -2450.2383
145.15565 -2392.1217
145.15565 -2400.0262
145.16118 -2763.2602
145.17226 -2792.9412
145.17226 -2800.8398
145.18886 -2651.4249
145.18886 -2659.3346
145.20547 -2386.9281
145.20547 -2394.8376
145.21655 -2679.6586
145.22208 -3058.9287
145.22208 -3066.849
145.23869 -2652.0966
145.23869 -2660.0094
145.2553 -2890.1429
145.2553 -2898.0522
145.27191 -2405.6074
145.27191 -2413.5327
145.28852 -2356.6112
145.28852 -2364.5322
145.30513 -2523.3148
145.30513 -2531.2434
145.32174 -2776.9607
145.32174 -2784.867
145.32727 -2909.3743
145.33834 -2733.4407
145.33834 -2741.3256
145.35495 -2492.3462
145.35495 -2500.2366
145.37156 -3116.8303
145.37156 -3124.7234
145.38263 -2430.8021
145.38817 -2342.1683
145.38817 -2350.0756
145.40478 -2497.3372
145.40478 -2505.2192
145.42139 -2532.4211
145.42139 -2540.3063
145.438 -2597.2822
145.438 -2605.1793
145.45461 -2556.3153
145.45461 -2564.2157
145.47122 -2081.1581
145.47122 -2089.0502
145.48782 -2487.2203
145.48782 -2495.1216
145.49336 -2480.1004
145.50443 -2546.7418
145.50443 -2554.6425
145.52104 -2199.4307
145.52104 -2207.3094
145.53765 -2489.7938
145.53765 -2497.6707
145.54872 -2783.0507
145.55426 -2718.6059
145.55426 -2726.4608
145.57087 -2613.993
145.57087 -2621.8805
145.58748 -2622.0411
145.58748 -2629.8935
145.60409 -2400.4082
145.60409 -2408.272
145.62069 -2638.0021
145.62069 -2645.8414
145.6373 -2299.4597
145.6373 -2307.2949
145.65391 -2557.9024
145.65391 -2565.7807
145.65945 -2662.9633
145.67052 -2646.9489
145.67052 -2654.8408
145.68713 -3018.9561
145.68713 -3026.8197
145.70374 -2609.7776
145.70374 -2617.6523
145.71481 -2793.988
145.72035 -2718.0138
145.72035 -2725.8852
145.73696 -2501.4894
145.73696 -2509.3665
145.75357 -2267.2032
145.75357 -2275.0952
145.77017 -2771.1766
145.77017 -2779.0562
145.78678 -2370.5178
145.78678 -2378.3867
145.80339 -2455.2281
145.80339 -2463.1059
145.82 -2556.4767
145.82 -2564.3613
145.82554 -2684.5146
145.83661 -3011.3626
145.83661 -3019.2257
145.85322 -3236.0083
145.85322 -3243.8683
145.86983 -2457.9135
145.86983 -2465.7713
145.8809 -2808.2731
145.88644 -2690.6826
145.88644 -2698.5387
145.90304 -2432.7833
145.90304 -2440.6303
145.91965 -2500.1614
145.91965 -2508.0421
145.93626 -2506.8714
145.93626 -2514.7485
145.95287 -2982.1349
145.95287 -2990.0007
145.96948 -2592.8197
145.96948 -2600.6878
145.98609 -2600.3034
145.98609 -2608.9714
145.99163 -2714.5013
146.0027 -3086.5355
146.0027 -3094.3893
146.01931 -2856.0443
146.01931 -2863.8695
146.03592 -2416.6195
146.03592 -2424.4865
146.04699 -2758.279
146.05252 -2684.6975
146.05252 -2692.5623
146.06913 -2406.3199
146.06913 -2414.1729
146.08574 -2482.2204
146.08574 -2490.0986
146.10235 -2537.3938
146.10235 -2545.2625
146.11896 -2355.4674
146.11896 -2363.3221
146.13557 -2826.4424
146.13557 -2834.2839
146.15218 -2897.0879
146.15218 -2904.9138
146.15771 -2821.4602
146.16879 -2536.7384
146.16879 -2544.5732
146.18539 -2679.6055
146.18539 -2687.4652
146.202 -3234.3374
146.202 -3242.2189
146.21308 -2506.5177
146.21861 -2534.506
146.21861 -2542.3437
146.23522 -2725.7905
146.23522 -2733.6763
146.25183 -2691.1423
146.25183 -2699.0063
146.26844 -2524.491
146.26844 -2532.361
146.28505 -2736.6237
146.28505 -2744.4742
146.30166 -2443.4553
146.30166 -2451.3253
146.31827 -2597.2355
146.31827 -2605.0917
146.3238 -3033.9506
146.33487 -2821.6869
146.33487 -2829.5489
146.35148 -3044.8195
146.35148 -3052.6796
146.36809 -2741.1544
146.36809 -2749.0521
146.37916 -2535.7392
146.3847 -2311.1667
146.3847 -2319.0431
146.40131 -2672.094
146.40131 -2679.9767
146.41792 -3087.0156
146.41792 -3094.8794
146.43453 -2817.9559
146.43453 -2825.791
146.45114 -2791.774
146.45114 -2799.6353
146.46774 -2473.1445
146.46774 -2480.9988
146.48435 -2451.4949
146.48435 -2459.349
146.48989 -2811.8921
146.50096 -2682.0595
146.50096 -2689.9101
146.51757 -2531.4991
146.51757 -2539.3355
146.53418 -2400.5659
146.53418 -2408.4238
146.54525 -2730.5529
146.55079 -2736.6567
146.55079 -2744.5274
146.5674 -2919.7027
146.5674 -2927.5524
146.58401 -2501.3039
146.58401 -2509.1573
146.60062 -2888.4464
146.60062 -2896.3005
146.61722 -2631.1197
146.61722 -2638.9642
146.63383 -2809.3023
146.63383 -2817.1674
146.65044 -2726.2777
146.65044 -2734.1431
146.65598 -2738.8625
146.66705 -2342.9485
146.66705 -2350.7823
146.68366 -2508.5623
146.68366 -2516.4067
146.70027 -2597.3794
146.70027 -2605.2216
146.71134 -2864.2216
146.71688 -2779.8436
146.71688 -2787.6666
146.73349 -2890.6837
146.73349 -2898.502
146.7501 -2621.4469
146.7501 -2629.275
146.7667 -2827.3828
146.7667 -2835.1989
146.78331 -2927.2448
146.78331 -2935.0626
146.79992 -2760.4197
146.79992 -2768.2365
146.81653 -2795.2582
146.81653 -2803.0682
146.82207 -2867.1145
146.83314 -2653.2618
146.83314 -2661.0932
146.84975 -2781.6187
146.84975 -2789.4365
146.86636 -2771.3657
146.86636 -2779.2029
146.87743 -2561.0409
146.88297 -2508.9541
146.88297 -2516.7842
146.89957 -2625.306
146.89957 -2633.1342
146.91618 -2350.7563
146.91618 -2358.589
146.93279 -2772.3366
146.93279 -2780.1591
146.9494 -2709.9673
146.9494 -2717.7984
146.96601 -2645.923
146.96601 -2653.7424
146.98262 -2598.2006
146.98262 -2606.0143
146.98816 -2306.8471
146.99923 -2406.4817
146.99923 -2414.2747
147.01584 -2531.6372
147.01584 -2539.4484
147.03245 -2305.3947
147.03245 -2313.239
147.04352 -2755.9727
147.04905 -2644.5329
147.04905 -2652.3583
147.06566 -2825.9637
147.06566 -2833.7583
147.08227 -2076.5037
147.08227 -2084.3306
147.09888 -2891.2134
147.09888 -2899.0438
147.11549 -2605.1384
147.11549 -2612.9448
147.1321 -2192.9684
147.1321 -2200.7994
147.14871 -2853.0476
147.14871 -2860.8606
147.15424 -2470.956
147.16532 -2888.5599
147.16532 -2896.392
147.18192 -2596.2648
147.18192 -2604.0842
147.19853 -2539.695
147.19853 -2547.4972
147.20961 -2830.804
147.21514 -2542.3452
147.21514 -2550.1653
147.23175 -2447.6058
147.23175 -2455.4439
147.24836 -2484.7486
147.24836 -2492.5889
147.26497 -2739.786
147.26497 -2747.6178
147.28158 -2713.4202
147.28158 -2721.251
147.29819 -3247.7281
147.29819 -3255.5693
147.3148 -2707.419
147.3148 -2715.2578
147.32033 -2551.5121
147.3314 -2907.4097
147.3314 -2915.2471
147.34801 -2738.4094
147.34801 -2746.241
147.36462 -2033.2637
147.36462 -2041.0694
147.37569 -2747.9483
147.38123 -2728.1574
147.38123 -2735.9678
147.39784 -2703.3626
147.39784 -2711.1817
147.41445 -2315.274
147.41445 -2323.0782
147.43106 -2780.0515
147.43106 -2787.8837
147.44767 -2729.7812
147.44767 -2737.6077
147.46427 -2922.5903
147.46427 -2930.3893
147.48088 -2646.1332
147.48088 -2653.9629
147.48642 -2430.9611
147.49749 -2416.1232
147.49749 -2423.9352
147.5141 -3181.2375
147.5141 -3189.0593
147.53071 -2202.5267
147.53071 -2210.3336
147.54178 -2828.7713
147.54732 -2777.9417
147.54732 -2785.7489
147.56393 -2579.7746
147.56393 -2587.5875
147.58054 -2589.7993
147.58054 -2597.6245
147.59715 -2651.841
147.59715 -2659.6478
147.61375 -2391.1019
147.61375 -2398.9268
147.63036 -2810.3414
147.63036 -2818.1731
147.64697 -3008.8141
147.64697 -3016.6272
147.65251 -2927.4959
147.66358 -2405.2592
147.66358 -2413.0719
147.68019 -2714.706
147.68019 -2722.5175
147.6968 -2882.4035
147.6968 -2890.2437
147.70787 -2950.2318
147.71341 -3125.6036
147.71341 -3133.3987
147.73002 -2702.1556
147.73002 -2709.9521
147.74662 -3035.3624
147.74662 -3043.1662
147.76323 -2912.7277
147.76323 -2920.4997
147.77984 -2632.5929
147.77984 -2640.4066
147.79645 -2229.9255
147.79645 -2237.7273
147.81306 -2527.534
147.81306 -2535.3092
147.8186 -2819.5725
147.82967 -2873.6525
147.82967 -2881.4455
147.84628 -2436.9581
147.84628 -2444.7419
147.86289 -2674.2935
147.86289 -2682.1041
147.87396 -2468.4662
147.8795 -2597.8925
147.8795 -2605.673
147.8961 -2757.6253
147.8961 -2765.4104
147.91271 -2966.2743
147.91271 -2974.0791
147.92932 -2488.3045
147.92932 -2496.0781
147.94593 -2433.4418
147.94593 -2441.2219
147.96254 -2858.2722
147.96254 -2866.0559
147.97915 -2645.3154
147.97915 -2653.0604
147.98468 -2786.2261
147.99576 -2205.549
147.99576 -2213.2901
148.01237 -2298.7782
148.01237 -2306.5301
148.02898 -2654.8961
148.02898 -2662.6529
148.04005 -2272.124
148.04558 -2282.6207
148.04558 -2290.382
148.06219 -2537.5589
148.06219 -2545.3241
148.0788 -2590.1416
148.0788 -2597.9234
148.09541 -3093.9999
148.09541 -3101.7599
148.11202 -2867.096
148.11202 -2874.8559
148.12863 -2723.9404
148.12863 -2731.6988
148.14524 -2368.6758
148.14524 -2376.4455
148.15077 -2221.5737
148.16185 -2634.2515
148.16185 -2642.0332
148.17845 -3113.386
148.17845 -3121.1704
148.19506 -2890.9632
148.19506 -2898.7334
148.20614 -2608.3211
148.21167 -2398.8053
148.21167 -2406.5661
148.22828 -2783.6966
148.22828 -2791.4732
148.24489 -2778.8623
148.24489 -2786.6175
148.2615 -2829.8645
148.2615 -2837.6357
148.27811 -2697.348
148.27811 -2705.1302
148.29472 -2316.7902
148.29472 -2324.5488
148.31133 -2685.6581
148.31133 -2693.429
148.31686 -2843.0299
148.32793 -2727.8051
148.32793 -2735.5663
148.34454 -2341.1453
148.34454 -2348.9062
148.36115 -2542.5794
148.36115 -2551.5191
148.37222 -2521.769
148.37776 -2883.6686
148.37776 -2891.4206
148.39437 -2952.1592
148.39437 -2959.9215
148.41098 -2161.3793
148.41098 -2169.1179
148.42759 -2448.3915
148.42759 -2456.1454
148.4442 -3062.3585
148.4442 -3070.1256
148.4608 -2453.5326
148.4608 -2461.2976
148.47741 -2580.7311
148.47741 -2588.4827
148.48295 -2858.7684
148.49402 -2547.1937
148.49402 -2554.9584
148.51063 -2394.9714
148.51063 -2402.7493
148.52724 -2418.6101
148.52724 -2426.3462
148.53831 -2638.9807
148.54385 -2781.4636
148.54385 -2789.2153
148.56046 -2366.7712
148.56046 -2374.5071
148.57707 -2868.2363
148.57707 -2875.9726
148.59368 -2613.6693
148.59368 -2621.4241
148.61028 -2261.8477
148.61028 -2269.6075
148.62689 -2547.364
148.62689 -2555.1252
148.6435 -2617.0407
148.6435 -2624.8097
148.64904 -2073.6347
148.66011 -2242.5028
148.66011 -2250.2483
148.67672 -2745.7901
148.67672 -2753.5457
148.69333 -3210.0441
148.69333 -3217.7811
148.7044 -2450.0433
148.70994 -2535.0754
148.70994 -2542.8316
148.72655 -2720.8891
148.72655 -2728.6241
148.74315 -2908.3844
148.74315 -2916.1288
148.75976 -2799.7532
148.75976 -2807.496
148.77637 -2713.8762
148.77637 -2721.6259
148.79298 -2841.9131
148.79298 -2849.6518
148.80959 -2872.5722
148.80959 -2880.3151
148.81513 -2621.5541
148.8262 -2513.6305
148.8262 -2521.3824
148.84281 -2882.1539
148.84281 -2889.9205
148.85942 -2447.9008
148.85942 -2455.6525
148.87049 -2680.5634
148.87603 -2273.7047
148.87603 -2281.4482
148.89263 -2699.3709
148.89263 -2707.1352
148.90924 -2577.8153
148.90924 -2585.5492
148.92585 -2549.7356
148.92585 -2557.4775
148.94246 -2476.5444
148.94246 -2484.2825
148.95907 -3221.7543
148.95907 -3229.4927
148.97568 -2667.1642
148.97568 -2674.8936
148.98121 -2678.8704
148.99229 -2272.1375
148.99229 -2279.8793
149.0089 -2572.9051
149.0089 -2580.6315
149.0255 -2689.3997
149.0255 -2697.1532
149.03658 -2448.044
149.04211 -2798.9
149.04211 -2806.6502
149.05872 -2444.3842
149.05872 -2452.1472
149.07533 -2873.5932
149.07533 -2881.356
149.09194 -2752.0819
149.09194 -2759.8545
149.10855 -2668.6407
149.10855 -2676.3705
149.12516 -2689.0358
149.12516 -2696.8062
149.14177 -2607.7659
149.14177 -2615.5232
149.1473 -2731.6831
149.15838 -2514.1193
149.15838 -2521.8659
149.17498 -2332.5931
149.17498 -2340.3516
149.19159 -2522.7697
149.19159 -2530.5328
149.20267 -3116.1872
149.2082 -2624.4991
149.2082 -2632.2446
149.22481 -2326.7747
149.22481 -2334.513
149.24142 -2591.9637
149.24142 -2599.7136
149.25803 -2750.4054
149.25803 -2758.17
149.27464 -2075.3768
149.27464 -2083.144
149.29125 -2387.6088
149.29125 -2395.3727
149.30786 -2729.2987
149.30786 -2737.0576
149.31339 -2920.9552
149.32446 -2574.3215
149.32446 -2582.0784
149.34107 -2623.488
149.34107 -2631.2311
149.35768 -2763.7983
149.35768 -2771.5274
149.36875 -2343.8516
149.37429 -2446.8644
149.37429 -2454.5927
149.3909 -2669.4821
149.3909 -2677.1943
149.40751 -2260.0826
149.40751 -2267.7918
149.42412 -2507.654
149.42412 -2515.3635
149.44073 -2614.6965
149.44073 -2622.4147
149.45733 -2544.8079
149.45733 -2552.5177
149.47394 -2802.3057
149.47394 -2810.0153
149.47948 -2274.5314
149.49055 -2604.5608
149.49055 -2612.288
149.50716 -2912.3318
149.50716 -2920.0287
149.52377 -2829.8767
149.52377 -2837.5757
149.53484 -2899.8082
149.54038 -2891.0359
149.54038 -2898.7464
149.55699 -2834.2569
149.55699 -2841.9727
149.5736 -2417.3875
149.5736 -2425.1097
149.59021 -2225.702
149.59021 -2233.4151
149.60681 -2540.4001
149.60681 -2548.1258
149.62342 -2929.2256
149.62342 -2936.9434
149.64003 -2621.2794
149.64003 -2629.0045
149.64557 -2429.8954
149.65664 -2614.2209
149.65664 -2621.9318
149.67325 -2995.9418
149.67325 -3003.667
149.68986 -2630.1588
149.68986 -2637.8694
149.70093 -2567.5688
149.70647 -2469.2509
149.70647 -2476.9613
149.72308 -2743.0892
149.72308 -2750.8004
149.73968 -3276.6959
149.73968 -3284.3878
149.75629 -2196.6098
149.75629 -2204.3013
149.7729 -2384.4709
149.7729 -2392.1535
149.78951 -3030.6241
149.78951 -3038.3015
149.80612 -2706.7866
149.80612 -2714.4882
149.81166 -2537.9269
149.82273 -2627.5993
149.82273 -2635.2883
149.83934 -2520.7589
149.83934 -2528.4543
149.85595 -2586.036
149.85595 -2593.7221
149.86702 -2485.6256
149.87256 -2480.0523
149.87256 -2487.7415
149.88916 -2517.4432
149.88916 -2525.1286
149.90577 -2462.5336
149.90577 -2470.2141
149.92238 -3056.8878
149.92238 -3064.5729
149.93899 -3058.2087
149.93899 -3065.9075
149.9556 -2286.8124
149.9556 -2294.5001
149.97221 -2494.4343
149.97221 -2502.1124
149.97774 -2348.8157
149.98882 -2721.4515
149.98882 -2729.1377
150.00543 -2225.5908
150.00543 -2233.296
150.02203 -2393.1614
150.02203 -2400.8224
150.03311 -2815.7206
150.03864 -2890.2136
150.03864 -2897.8989
150.05525 -2482.294
150.05525 -2489.9689
150.07186 -1978.7701
150.07186 -1986.4267
150.08847 -2481.1628
150.08847 -2488.8464
150.10508 -3161.5684
150.10508 -3169.2283
150.12169 -2363.3432
150.12169 -2371.0089
150.1383 -2575.1869
150.1383 -2582.86
150.14383 -3123.8486
150.15491 -3096.6037
150.15491 -3104.2649
150.17151 -2692.5376
150.17151 -2700.1964
150.18812 -2287.0123
150.18812 -2294.6589
150.1992 -2711.2955
150.20473 -2297.3087
150.20473 -2304.9839
150.22134 -2921.2037
150.22134 -2928.8516
150.23795 -2761.2708
150.23795 -2768.9325
150.25456 -2762.7598
150.25456 -2770.4388
150.27117 -2744.6178
150.27117 -2752.2674
150.28778 -2673.5466
150.28778 -2681.214
150.30438 -2486.0482
150.30438 -2493.7221
150.30992 -2591.5626
150.32099 -2602.4795
150.32099 -2610.1598
150.3376 -2856.4409
150.3376 -2864.1093
150.35421 -2646.9653
150.35421 -2654.6407
150.36528 -2529.4458
150.37082 -2353.7554
150.37082 -2361.4396
150.38743 -3083.151
150.38743 -3090.8196
150.40404 -3060.5164
150.40404 -3068.1944
150.42065 -2737.552
150.42065 -2745.1973
150.43726 -2742.9817
150.43726 -2750.6281
150.45386 -2768.7672
150.45386 -2776.3919
150.47047 -2740.9353
150.47047 -2748.5507
150.47601 -2840.4996
150.48708 -2828.7594
150.48708 -2836.3917
150.50369 -2601.0204
150.50369 -2608.6326
150.5203 -2938.6513
150.5203 -2946.2439
150.53137 -2518.9518
150.53691 -2682.4074
150.53691 -2690.0482
150.55352 -2583.0313
150.55352 -2590.672
150.57013 -2584.1788
150.57013 -2591.8131
150.58674 -2694.3826
150.58674 -2702.0169
150.60334 -2659.0109
150.60334 -2666.6484
150.61995 -2584.8447
150.61995 -2592.4953
150.63656 -2725.6514
150.63656 -2733.2905
150.6421 -2311.1122
150.65317 -2447.8168
150.65317 -2455.445
150.66978 -2618.6988
150.66978 -2626.3636
150.68639 -2892.917
150.68639 -2900.567
150.69746 -2915.5918
150.703 -2487.9604
150.703 -2495.5948
150.71961 -2846.5136
150.71961 -2854.1628
150.73621 -2687.7365
150.73621 -2695.3774
150.75282 -2444.3794
150.75282 -2452.0127
150.76943 -2421.4482
150.76943 -2429.099
150.78604 -2255.6437
150.78604 -2263.2967
150.80265 -2835.5768
150.80265 -2843.225
150.80819 -2575.885
150.81926 -2793.9294
150.81926 -2801.5754
150.83587 -2344.9577
150.83587 -2352.5865
150.85248 -2805.8778
150.85248 -2813.4917
150.86355 -2354.6759
150.86909 -2672.9833
150.86909 -2680.5949
150.88569 -2693.2263
150.88569 -2700.8539
150.9023 -2546.438
150.9023 -2554.0715
150.91891 -2879.9987
150.91891 -2887.6153
150.93552 -2553.8549
150.93552 -2561.4938
150.95213 -2516.9888
150.95213 -2524.5969
150.96874 -3124.6653
150.96874 -3132.2977
150.97427 -2812.5823
150.98535 -2540.8746
150.98535 -2548.4873
151.00196 -2384.3342
151.00196 -2391.9483
151.01856 -2444.207
151.01856 -2451.8483
151.02964 -2815.5261
151.03517 -2709.26
151.03517 -2716.8849
151.05178 -2574.3059
151.05178 -2581.9267
151.06839 -2669.9328
151.06839 -2677.5579
151.085 -2829.1087
151.085 -2836.7493
151.10161 -2538.9618
151.10161 -2546.5907
151.11822 -2251.6965
151.11822 -2259.3123
151.13483 -2507.1655
151.13483 -2514.7758
151.14036 -2655.1615
151.15144 -2707.059
151.15144 -2714.6698
151.16804 -2608.7957
151.16804 -2616.4119
151.18465 -2795.8984
151.18465 -2803.4905
151.19573 -2842.1921
151.20126 -2664.8884
151.20126 -2672.4955
151.21787 -2804.9703
151.21787 -2812.5873
151.23448 -2592.1788
151.23448 -2599.7924
151.25109 -2857.0244
151.25109 -2864.6367
151.2677 -3007.4589
151.2677 -3015.053
151.28431 -2769.6772
151.28431 -2777.2768
151.30091 -2748.5387
151.30091 -2756.1643
151.30645 -2744.0269
151.31752 -2788.3384
151.31752 -2795.9371
151.33413 -2622.4523
151.33413 -2630.0699
151.35074 -2266.5882
151.35074 -2274.2165
151.36181 -2812.3593
151.36735 -2679.2943
151.36735 -2686.9226
151.38396 -2961.5211
151.38396 -2969.1365
151.40057 -2720.9358
151.40057 -2728.5609
151.41718 -2580.3733
151.41718 -2588.0042
151.43379 -2500.7653
151.43379 -2508.3725
151.45039 -2447.6152
151.45039 -2455.225
151.467 -2860.1767
151.467 -2867.7881
151.47254 -3126.9565
151.48361 -3004.2514
151.48361 -3011.883
151.50022 -2791.9558
151.50022 -2799.5613
151.51683 -2440.3496
151.51683 -2447.954
151.5279 -2941.5311
151.53344 -2868.3796
151.53344 -2875.979
151.55005 -2811.363
151.55005 -2818.9592
151.56666 -2741.6186
151.56666 -2749.2132
151.58326 -2383.7986
151.58326 -2391.3883
151.59987 -2764.3249
151.59987 -2771.9031
151.61648 -3421.1771
151.61648 -3428.7628
151.63309 -2803.8985
151.63309 -2811.473
151.63863 -2779.7838
151.6497 -2647.9458
151.6497 -2655.5227
151.66631 -2867.261
151.66631 -2874.8527
151.68292 -2348.1815
151.68292 -2355.7706
151.69399 -2384.5031
151.69953 -2521.0049
151.69953 -2528.6052
151.71614 -2982.6347
151.71614 -2990.2569
151.73274 -2703.1024
151.73274 -2710.7085
151.74935 -2515.5089
151.74935 -2523.1003
151.76596 -2853.8276
151.76596 -2861.455
151.78257 -2468.3165
151.78257 -2475.9185
151.79918 -2505.9653
151.79918 -2513.571
151.80472 -2762.0127
151.81579 -2418.8261
151.81579 -2426.4231
151.8324 -2765.0409
151.8324 -2772.6632
151.84901 -2884.5066
151.84901 -2892.1087
151.86008 -2563.0275
151.86562 -2401.4
151.86562 -2409.0049
151.88222 -2930.1073
151.88222 -2937.6842
151.89883 -2691.6775
151.89883 -2699.2612
151.91544 -2673.0268
151.91544 -2680.6469
151.93205 -2632.0009
151.93205 -2639.5758
151.94866 -2457.0685
151.94866 -2464.667
151.96527 -2735.8801
151.96527 -2743.4991
151.9708 -2641.9694
151.98188 -2943.6449
151.98188 -2951.2711
151.99849 -2649.8304
151.99849 -2657.4444
152.01509 -2234.9016
152.01509 -2242.519
152.02617 -2610.9054
152.0317 -2565.134
152.0317 -2572.7479
152.04831 -3046.8323
152.04831 -3054.4567
152.06492 -2870.6547
152.06492 -2878.2744
152.08153 -2664.5068
152.08153 -2672.111
152.09814 -2358.249
152.09814 -2365.8538
152.11475 -2840.1199
152.11475 -2847.7244
152.13136 -2969.9603
152.13136 -2977.5531
152.13689 -3024.2291
152.14797 -2799.1518
152.14797 -2806.7426
152.16457 -2841.3787
152.16457 -2848.9514
152.18118 -3152.2771
152.18118 -3159.8504
152.19226 -2672.7884
152.19779 -2880.4916
152.19779 -2888.0638
152.2144 -2747.0075
152.2144 -2754.5887
152.23101 -2912.1581
152.23101 -2919.7163
152.24762 -2926.6341
152.24762 -2934.2018
152.26423 -2816.3125
152.26423 -2823.8737
152.28084 -2423.9672
152.28084 -2431.512
152.29744 -2808.3669
152.29744 -2815.9238
152.30298 -2546.0792
152.31405 -2648.349
152.31405 -2655.919
152.33066 -2686.6163
152.33066 -2694.1737
152.34727 -2278.3665
152.34727 -2285.9092
152.35834 -2344.6392
152.36388 -2751.7993
152.36388 -2759.3617
152.38049 -2699.4974
152.38049 -2707.0606
152.3971 -2620.9538
152.3971 -2628.5025
152.41371 -2948.0028
152.41371 -2955.5414
152.43032 -2518.525
152.43032 -2526.076
152.44692 -2530.0028
152.44692 -2537.5722
152.46353 -2980.9193
152.46353 -2988.5016
152.46907 -2314.347
152.48014 -2401.1577
152.48014 -2408.7404
152.49675 -2789.8185
152.49675 -2797.3773
152.51336 -2654.4043
152.51336 -2661.9704
152.52443 -2752.5772
152.52997 -2164.8263
152.52997 -2172.3961
152.54658 -3139.6584
152.54658 -3147.2432
152.56319 -2360.9089
152.56319 -2368.5036
152.57979 -2680.2081
152.57979 -2687.7745
152.5964 -2836.4428
152.5964 -2844.0192
152.61301 -2589.9986
152.61301 -2597.5407
152.62962 -2961.7646
152.62962 -2969.333
152.63516 -3195.0095
152.64623 -2608.969
152.64623 -2616.5454
152.66284 -2433.3033
152.66284 -2440.8767
152.67945 -2714.3644
152.67945 -2721.9327
152.69052 -3041.9293
152.69606 -3021.0022
152.69606 -3028.5588
152.71267 -2265.2448
152.71267 -2272.7845
152.72927 -2508.9597
152.72927 -2516.4839
152.74588 -3117.6687
152.74588 -3125.1933
152.76249 -2700.8083
152.76249 -2708.3396
152.7791 -2577.2985
152.7791 -2584.8623
152.79571 -2844.4377
152.79571 -2852.0063
152.80125 -2757.8752
152.81232 -2851.8498
152.81232 -2859.3817
152.82893 -2890.2696
152.82893 -2897.8166
152.84554 -2172.4293
152.84554 -2179.9793
152.85661 -2912.9921
152.86214 -2579.4092
152.86214 -2586.9653
152.87875 -3104.7896
152.87875 -3112.3412
152.89536 -2728.8261
152.89536 -2736.3615
152.91197 -2694.6428
152.91197 -2702.1809
152.92858 -2784.5963
152.92858 -2792.1375
152.94519 -2812.1427
152.94519 -2819.6709
152.9618 -2776.539
152.9618 -2784.0613
152.96733 -2753.4303
152.97841 -2681.9146
152.97841 -2689.4395
152.99502 -3031.146
152.99502 -3038.7017
153.01162 -2388.489
153.01162 -2396.0373
153.0227 -2521.0685
153.02823 -2703.5523
153.02823 -2711.0863
153.04484 -2564.7558
153.04484 -2572.3028
153.06145 -2689.1844
153.06145 -2696.7261
153.07806 -3170.0766
153.07806 -3177.6087
153.09467 -2692.1012
153.09467 -2699.6473
153.11128 -2731.6648
153.11128 -2739.2179
153.12789 -2749.5957
153.12789 -2757.1301
153.13342 -2884.1356
153.1445 -2689.6928
153.1445 -2697.241
153.1611 -2639.5939
153.1611 -2647.117
153.17771 -2267.7231
153.17771 -2275.272
153.18879 -2385.3716
153.19432 -2794.14
153.19432 -2801.6885
153.21093 -2869.0342
153.21093 -2876.5606
153.22754 -2747.1305
153.22754 -2754.6652
153.24415 -2961.4008
153.24415 -2968.9458
153.26076 -2585.5733
153.26076 -2593.1232
153.27737 -2835.2291
153.27737 -2842.7472
153.29397 -2160.0297
153.29397 -2167.5562
153.29951 -2774.386
153.31058 -3071.8515
153.31058 -3079.3937
153.32719 -3077.6423
153.32719 -3085.1841
153.3438 -2307.7163
153.3438 -2315.2632
153.35487 -2816.3021
153.36041 -3065.1154
153.36041 -3072.6614
153.37702 -2752.9905
153.37702 -2760.5595
153.39363 -2637.85
153.39363 -2645.3936
153.41024 -2770.1787
153.41024 -2777.7365
153.42685 -2699.4692
153.42685 -2706.9926
153.44345 -3164.9617
153.44345 -3172.4984
153.46006 -2593.8498
153.46006 -2601.3901
153.4656 -2821.1839
153.47667 -2911.4412
153.47667 -2918.9682
153.49328 -3139.7281
153.49328 -3147.2468
153.50989 -2728.7821
153.50989 -2736.3075
153.52096 -2647.0431
153.5265 -2487.2788
153.5265 -2494.8012
153.54311 -2534.82
153.54311 -2542.3287
153.55972 -2949.7899
153.55972 -2957.3087
153.57632 -2677.1377
153.57632 -2684.6519
153.59293 -2265.3257
153.59293 -2272.8269
153.60954 -2819.4941
153.60954 -2827.026
153.62615 -2617.7182
153.62615 -2625.2362
153.63169 -2657.1518
153.64276 -2528.1868
153.64276 -2535.7008
153.65937 -2825.94
153.65937 -2833.4592
153.67598 -2936.2725
153.67598 -2943.7967
153.68705 -2751.81
153.69259 -2737.8657
153.69259 -2745.3753
153.7092 -2606.9865
153.7092 -2614.514
153.7258 -3082.5822
153.7258 -3090.1189
153.74241 -2957.2597
153.74241 -2964.7775
153.75902 -2302.2983
153.75902 -2309.8205
153.77563 -2889.0552
153.77563 -2896.5802
153.79224 -3059.2875
153.79224 -3066.8163
153.79778 -3136.3994
153.80885 -2584.659
153.80885 -2592.1647
153.82546 -2687.2848
153.82546 -2694.7859
153.84207 -2844.231
153.84207 -2851.7534
153.85314 -2259.7814
153.85867 -2484.2415
153.85867 -2491.7764
153.87528 -2398.8008
153.87528 -2406.3151
153.89189 -3215.0598
153.89189 -3222.5701
153.9085 -3012.282
153.9085 -3019.7933
153.92511 -2735.7992
153.92511 -2743.3089
153.94172 -3003.2859
153.94172 -3010.7643
153.95833 -2822.219
153.95833 -2829.7368
153.96386 -3101.134
153.97494 -2769.3317
153.97494 -2776.838
153.99155 -2620.1804
153.99155 -2627.7208
154.00815 -2616.8704
154.00815 -2624.3997
154.01923 -2976.45
154.02476 -3053.2193
154.02476 -3060.7577
154.04137 -2887.035
154.04137 -2894.5477
154.05798 -2779.488
154.05798 -2786.9932
154.07459 -3070.653
154.07459 -3078.1794
154.0912 -3028.0912
154.0912 -3035.5868
154.10781 -2596.5706
154.10781 -2604.0773
154.12442 -2419.8071
154.12442 -2427.3055
154.12995 -2670.1277
154.14102 -2693.7726
154.14102 -2701.2741
154.15763 -2280.3724
154.15763 -2287.8606
154.17424 -2452.983
154.17424 -2460.4876
154.18532 -3127.2627
154.19085 -3362.9681
154.19085 -3370.4595
154.20746 -2908.2018
154.20746 -2915.6753
154.22407 -2586.7047
154.22407 -2594.1791
154.24068 -2655.9069
154.24068 -2663.3969
154.25729 -2683.0208
154.25729 -2690.484
154.2739 -2530.0009
154.2739 -2537.4871
154.2905 -2810.0349
154.2905 -2817.5135
154.29604 -3070.0707
154.30711 -2690.6739
154.30711 -2698.1458
154.32372 -2742.8536
154.32372 -2750.3289
154.34033 -2716.0044
154.34033 -2723.4932
154.3514 -2452.9861
154.35694 -2511.28
154.35694 -2518.7598
154.37355 -2685.0709
154.37355 -2692.5685
154.39016 -2628.4214
154.39016 -2635.9348
154.40677 -2793.5025
154.40677 -2801.008
154.42338 -2454.2698
154.42338 -2461.762
154.43998 -2810.7301
154.43998 -2818.2406
154.45659 -2692.0552
154.45659 -2699.5491
154.46213 -2924.0173
154.4732 -2726.2388
154.4732 -2733.7204
154.48981 -3082.4723
154.48981 -3089.9503
154.50642 -2495.4874
154.50642 -2502.9576
154.51749 -2953.9834
154.52303 -2740.4678
154.52303 -2747.9147
154.53964 -2749.823
154.53964 -2757.2794
154.55625 -2625.3843
154.55625 -2632.8417
154.57285 -2701.4536
154.57285 -2708.9211
154.58946 -2314.0513
154.58946 -2321.4984
154.60607 -3022.398
154.60607 -3029.8407
154.62268 -2700.848
154.62268 -2708.3206
154.62822 -2779.1802
154.63929 -3120.1205
154.63929 -3127.5761
154.6559 -2717.5306
154.6559 -2724.9816
154.67251 -2818.9433
154.67251 -2826.4244
154.68358 -2970.6138
154.68912 -3156.5739
154.68912 -3164.0387
154.70573 -2640.5284
154.70573 -2648.0083
154.72233 -2665.2231
154.72233 -2672.7092
154.73894 -2789.4525
154.73894 -2796.9293
154.75555 -2682.5569
154.75555 -2690.0436
154.77216 -2627.4942
154.77216 -2634.949
154.78877 -2646.8847
154.78877 -2654.3689
154.79431 -2943.9845
154.80538 -2733.8289
154.80538 -2741.2945
154.82199 -2630.0135
154.82199 -2637.4955
154.8386 -2665.523
154.8386 -2673.021
154.84967 -2289.2292
154.8552 -2822.9337
154.8552 -2830.4034
154.87181 -2855.6763
154.87181 -2863.1572
154.88842 -2810.1198
154.88842 -2817.5631
154.90503 -3354.6202
154.90503 -3362.0936
154.92164 -2699.1697
154.92164 -2706.6482
154.93825 -2172.8788
154.93825 -2180.3433
154.95486 -2801.1353
154.95486 -2808.5888
154.96039 -2817.8592
154.97147 -3369.229
154.97147 -3376.7011
154.98808 -3155.0172
154.98808 -3162.4749
155.00468 -2788.3794
155.00468 -2795.8627
155.01576 -2863.9578
155.02129 -2211.4082
155.02129 -2218.862
155.0379 -2865.3416
155.0379 -2872.8082
155.05451 -2716.7777
155.05451 -2724.2418
155.07112 -2654.2539
155.07112 -2661.7124
155.08773 -3189.4571
155.08773 -3196.9494
155.10434 -3120.7379
155.10434 -3128.2039
155.12095 -2981.808
155.12095 -2989.2806
155.12648 -2939.4628
155.13755 -2653.7197
155.13755 -2661.1698
155.15416 -2748.7245
155.15416 -2756.1795
155.17077 -2632.3711
155.17077 -2639.8396
155.18185 -2618.0563
155.18738 -2962.8128
155.18738 -2970.2973
155.20399 -2704.7805
155.20399 -2712.256
155.2206 -2941.2198
155.2206 -2948.7025
155.23721 -2487.4611
155.23721 -2494.9417
155.25382 -2728.4265
155.25382 -2735.8999
155.27043 -2693.5146
155.27043 -2701.0007
155.28703 -2657.2416
155.28703 -2664.6996
155.29257 -2404.6668
155.30364 -3009.0412
155.30364 -3016.5064
155.32025 -3044.2634
155.32025 -3051.7229
155.33686 -2862.5377
155.33686 -2869.9645
155.34793 -3158.6034
155.35347 -2736.4107
155.35347 -2743.8427
155.37008 -2344.2133
155.37008 -2351.6304
155.38669 -3088.4702
155.38669 -3095.8987
155.4033 -2971.7244
155.4033 -2979.1511
155.4199 -3418.0395
155.4199 -3425.4894
155.43651 -2337.8606
155.43651 -2345.3106
155.45312 -2618.8252
155.45312 -2626.2807
155.45866 -2533.6429
155.46973 -2678.6998
155.46973 -2686.1563
155.48634 -2659.0143
155.48634 -2666.4436
155.50295 -2280.6494
155.50295 -2288.0881
155.51402 -3034.1815
155.51956 -3027.6859
155.51956 -3035.1214
155.53617 -3118.8385
155.53617 -3126.2896
155.55278 -2721.6597
155.55278 -2729.102
155.56938 -2970.7431
155.56938 -2978.1889
155.58599 -2905.1541
155.58599 -2912.5996
155.6026 -2923.227
155.6026 -2930.6426
155.61921 -2434.9217
155.61921 -2442.3587
155.62475 -2417.118
155.63582 -2543.5826
155.63582 -2551.0121
155.65243 -2585.449
155.65243 -2592.8955
155.66904 -2552.7328
155.66904 -2560.1651
155.68011 -2819.4897
155.68565 -2865.6201
155.68565 -2873.0575
155.70226 -3188.15
155.70226 -3195.581
155.71886 -2841.7629
155.71886 -2849.1851
155.73547 -2424.6393
155.73547 -2432.0503
155.75208 -2789.8663
155.75208 -2797.2654
155.76869 -3035.6486
155.76869 -3043.061
155.7853 -2454.1179
155.7853 -2461.5736
155.79084 -2925.9596
155.80191 -2606.1996
155.80191 -2613.6454
155.81852 -3018.5965
155.81852 -3026.0209
155.83513 -2877.5866
155.83513 -2884.9915
155.8462 -2833.885
155.85173 -2747.3436
155.85173 -2754.7829
155.86834 -2852.868
155.86834 -2860.2915
155.88495 -3064.7337
155.88495 -3072.162
155.90156 -3078.204
155.90156 -3085.6
155.91817 -2588.3341
155.91817 -2595.7533
155.93478 -2642.1646
155.93478 -2649.5568
155.95139 -3136.8529
155.95139 -3144.244
155.95692 -2956.0128
155.968 -3047.4854
155.968 -3054.8838
155.98461 -3016.9533
155.98461 -3024.3488
156.00121 -2576.4015
156.00121 -2583.7994
156.01229 -2572.1782
156.01782 -2731.1957
156.01782 -2738.603
156.03443 -2951.2766
156.03443 -2958.6759
156.05104 -2665.6879
156.05104 -2673.0775
156.06765 -2979.6378
156.06765 -2987.0185
156.08426 -2833.1135
156.08426 -2840.4946
156.10087 -2903.0022
156.10087 -2910.4084
156.11748 -2453.6551
156.11748 -2461.0589
156.12301 -2813.0164
156.13408 -2723.0802
156.13408 -2730.4799
156.15069 -3043.2163
156.15069 -3050.6212
156.1673 -2672.861
156.1673 -2680.2657
156.17837 -2537.2343
156.18391 -2721.1072
156.18391 -2728.4914
156.20052 -2780.7024
156.20052 -2788.0987
156.21713 -2757.4656
156.21713 -2764.8573
156.23374 -2924.1363
156.23374 -2931.5433
156.25035 -2588.9158
156.25035 -2596.3153
156.26696 -2965.802
156.26696 -2973.1895
156.28356 -2844.0694
156.28356 -2851.4684
156.2891 -2738.5879
156.30017 -2394.1732
156.30017 -2403.7142
156.31678 -2918.4909
156.31678 -2925.8783
156.33339 -2984.8904
156.33339 -2992.2634
156.34446 -2934.426
156.35 -3009.1366
156.35 -3016.5314
156.36661 -2865.7867
156.36661 -2873.1513
156.38322 -2845.9074
156.38322 -2853.2841
156.39983 -2989.4869
156.39983 -2996.8509
156.41643 -2400.3619
156.41643 -2407.7218
156.43304 -2698.0823
156.43304 -2705.4834
156.44965 -2773.8084
156.44965 -2781.1644
156.45519 -2587.4176
156.46626 -2446.1092
156.46626 -2453.4936
156.48287 -2828.1112
156.48287 -2835.4789
156.49948 -3064.0872
156.49948 -3071.469
156.51055 -2673.9261
156.51609 -2882.4449
156.51609 -2889.8225
156.5327 -2409.4204
156.5327 -2416.7965
156.54931 -2781.7985
156.54931 -2789.1737
156.56591 -3184.1813
156.56591 -3191.5938
156.58252 -2823.148
156.58252 -2830.5577
156.59913 -2461.6131
156.59913 -2468.9938
156.61574 -2570.174
156.61574 -2577.5841
156.62128 -2799.5083
156.63235 -2842.0483
156.63235 -2849.4407
156.64896 -2853.8499
156.64896 -2861.2373
156.66557 -2363.2929
156.66557 -2370.6751
156.67664 -3252.6757
156.68218 -2910.827
156.68218 -2918.2031
156.69878 -3017.0323
156.69878 -3024.4163
156.71539 -2670.792
156.71539 -2678.1727
156.732 -2802.6544
156.732 -2810.0386
156.74861 -2606.1022
156.74861 -2613.4957
156.76522 -2895.4891
156.76522 -2902.8916
156.78183 -1951.999
156.78183 -1959.3819
156.78737 -2572.2284
156.79844 -2653.0442
156.79844 -2660.4388
156.81505 -3427.4483
156.81505 -3434.8498
156.83166 -2694.1261
156.83166 -2701.5131
156.84273 -2816.3133
156.84826 -2493.7398
156.84826 -2501.1147
156.86487 -2725.6254
156.86487 -2733.02
156.88148 -2994.0642
156.88148 -3001.463
156.89809 -2807.3119
156.89809 -2814.696
156.9147 -2569.9852
156.9147 -2577.3863
156.93131 -3099.8099
156.93131 -3107.1902
156.94792 -2930.8186
156.94792 -2938.2149
156.95345 -3015.7645
156.96453 -2857.1869
156.96453 -2864.5478
156.98114 -2636.0326
156.98114 -2643.4157
156.99774 -2931.1123
156.99774 -2938.4871
157.00882 -2411.913
157.01435 -2706.3864
157.01435 -2713.7469
157.03096 -2457.3044
157.03096 -2464.6549
157.04757 -3171.9429
157.04757 -3179.3014
157.06418 -2907.2983
157.06418 -2914.6637
157.08079 -2634.5222
157.08079 -2641.8904
157.0974 -2650.4717
157.0974 -2657.8547
157.11401 -3045.8282
157.11401 -3053.2022
157.11954 -2589.6346
157.13061 -2690.6326
157.13061 -2697.9997
157.14722 -2421.1284
157.14722 -2428.4838
157.16383 -2886.3356
157.16383 -2893.6849
157.1749 -2625.4275
157.18044 -2945.0236
157.18044 -2952.3831
157.19705 -2654.9098
157.19705 -2662.2542
157.21366 -2611.6168
157.21366 -2618.9658
157.23027 -2656.9569
157.23027 -2664.2876
157.24688 -3091.2896
157.24688 -3098.6503
157.26349 -2471.9806
157.26349 -2479.3168
157.28009 -2880.1119
157.28009 -2887.4457
157.28563 -2439.514
157.2967 -2990.0781
157.2967 -2997.417
157.31331 -2989.2216
157.31331 -2996.5579
157.32992 -3005.7667
157.32992 -3013.105
157.34099 -2735.3853
157.34653 -2925.1831
157.34653 -2932.5267
157.36314 -2595.456
157.36314 -2602.7787
157.37975 -2422.387
157.37975 -2429.7316
157.39636 -2603.0982
157.39636 -2610.4283
157.41296 -2774.3705
157.41296 -2781.72
157.42957 -2658.6523
157.42957 -2665.9816
157.44618 -2638.5436
157.44618 -2645.8773
157.45172 -2566.4976
157.46279 -2978.6276
157.46279 -2985.9505
157.4794 -2887.0517
157.4794 -2894.3693
157.49601 -2628.5618
157.49601 -2635.8752
157.50708 -2632.5578
157.51262 -2785.8913
157.51262 -2793.2181
157.52923 -3074.6978
157.52923 -3082.0097
157.54584 -2509.6476
157.54584 -2516.9668
157.56244 -2659.5459
157.56244 -2666.8592
157.57905 -2973.5014
157.57905 -2980.8009
157.59566 -2981.3398
157.59566 -2988.6477
157.61227 -3132.7639
157.61227 -3140.074
157.61781 -2919.8673
157.62888 -2780.4309
157.62888 -2787.7405
157.64549 -2824.3532
157.64549 -2831.6739
157.6621 -2873.9675
157.6621 -2881.2826
157.67317 -2483.3734
157.67871 -2651.1824
157.67871 -2658.5085
157.69531 -3146.1998
157.69531 -3153.5421
157.71192 -2911.4493
157.71192 -2918.769
157.72853 -3112.3754
157.72853 -3119.6994
157.74514 -3272.2916
157.74514 -3279.6106
157.76175 -3120.6601
157.76175 -3127.9665
157.77836 -3481.3207
157.77836 -3488.619
157.7839 -2825.6058
157.79497 -3410.918
157.79497 -3418.2044
157.81158 -2912.5582
157.81158 -2919.8674
157.82819 -2951.2399
157.82819 -2958.5327
157.83926 -2819.5877
157.84479 -2785.2965
157.84479 -2792.5813
157.8614 -2521.6641
157.8614 -2528.9516
157.87801 -2913.3531
157.87801 -2920.6349
157.89462 -2709.2861
157.89462 -2716.589
157.91123 -2905.7814
157.91123 -2913.0831
157.92784 -3060.9037
157.92784 -3068.232
157.94445 -2619.0731
157.94445 -2626.3891
157.94998 -2597.6931
157.96106 -2757.1948
157.96106 -2764.5265
157.97766 -3200.4634
157.97766 -3207.7555
157.99427 -2887.1029
157.99427 -2894.3999
158.00535 -2797.0309
158.01088 -2555.6201
158.01088 -2562.901
158.02749 -2738.1273
158.02749 -2745.4391
158.0441 -3420.7429
158.0441 -3428.036
158.06071 -2559.4811
158.06071 -2566.7796
158.07732 -2781.2883
158.07732 -2788.5746
158.09393 -2778.8894
158.09393 -2786.1771
158.11054 -3294.7284
158.11054 -3302.032
158.11607 -3183.5712
158.12714 -2921.6786
158.12714 -2928.9753
158.14375 -3208.6619
158.14375 -3215.9592
158.16036 -2964.6234
158.16036 -2971.9148
158.17143 -2694.0457
158.17697 -2926.5228
158.17697 -2933.806
158.19358 -2979.7459
158.19358 -2987.0497
158.21019 -2626.982
158.21019 -2634.2519
158.2268 -3145.5137
158.2268 -3152.8146
158.24341 -3148.7498
158.24341 -3156.033
158.26002 -2419.0787
158.26002 -2426.3585
158.27662 -2979.0624
158.27662 -2986.3399
158.28216 -3065.0113
158.29323 -2716.151
158.29323 -2723.449
158.30984 -3285.1238
158.30984 -3292.4175
158.32645 -2865.0165
158.32645 -2872.3101
158.33752 -2777.1655
158.34306 -2805.235
158.34306 -2812.52
158.35967 -2879.748
158.35967 -2887.0448
158.37628 -2629.6853
158.37628 -2636.9863
158.39289 -2963.5724
158.39289 -2970.8732
158.40949 -3170.0097
158.40949 -3177.3053
158.4261 -2594.5727
158.4261 -2601.8717
158.44271 -3170.2024
158.44271 -3177.4801
158.44825 -2877.2537
158.45932 -2946.639
158.45932 -2953.9043
158.47593 -2694.2823
158.47593 -2701.5789
158.49254 -2714.0491
158.49254 -2721.3464
158.50361 -2893.1967
158.50915 -2740.7108
158.50915 -2748.0223
158.52576 -2789.6052
158.52576 -2796.8931
158.54237 -3001.487
158.54237 -3008.7951
158.55897 -3137.8225
158.55897 -3145.118
158.57558 -2706.8663
158.57558 -2714.1512
158.59219 -2911.0541
158.59219 -2918.3488
158.6088 -3664.2044
158.6088 -3671.4912
158.61434 -3166.4197
158.62541 -3174.0149
158.62541 -3181.2906
158.64202 -3158.2231
158.64202 -3165.504
158.65863 -2639.6418
158.65863 -2646.9239
158.6697 -2726.3294
158.67524 -2834.7481
158.67524 -2842.0359
158.69184 -2765.4181
158.69184 -2772.7134
158.70845 -2985.723
158.70845 -2992.9805
158.72506 -2517.8274
158.72506 -2525.0973
158.74167 -3197.0249
158.74167 -3204.3097
158.75828 -3127.0702
158.75828 -3134.3212
158.77489 -2836.125
158.77489 -2843.3702
158.78043 -3135.8799
158.7915 -2740.4583
158.7915 -2747.7453
158.80811 -2831.8456
158.80811 -2839.112
158.82472 -2649.5865
158.82472 -2656.8601
158.83579 -2981.6219
158.84132 -2524.356
158.84132 -2531.6294
158.85793 -2359.1444
158.85793 -2366.4293
158.87454 -3041.2271
158.87454 -3048.4904
158.89115 -2778.3443
158.89115 -2785.6183
158.90776 -2494.2839
158.90776 -2501.5573
158.92437 -2856.9108
158.92437 -2864.1666
158.94098 -2823.8752
158.94098 -2831.126
158.94651 -3038.6492
158.95759 -2750.1209
158.95759 -2757.4015
158.97419 -2956.4199
158.97419 -2963.6838
158.9908 -3362.638
158.9908 -3369.8919
159.00188 -3023.2566
159.00741 -2910.9646
159.00741 -2918.2312
159.02402 -2680.4807
159.02402 -2687.7408
159.04063 -3121.1873
159.04063 -3128.4416
159.05724 -2552.53
159.05724 -2559.7973
159.07385 -2867.0675
159.07385 -2874.3404
159.09046 -3118.8216
159.09046 -3126.0551
159.10707 -2956.412
159.10707 -2963.6829
159.1126 -2634.6429
159.12367 -2986.8269
159.12367 -2994.0891
159.14028 -3042.7481
159.14028 -3050.0062
159.15689 -2995.8058
159.15689 -3003.0587
159.16796 -2795.9971
159.1735 -3214.3863
159.1735 -3221.6529
159.19011 -2662.4108
159.19011 -2669.6696
159.20672 -2645.4377
159.20672 -2652.6821
159.22333 -3508.4682
159.22333 -3515.7227
159.23994 -3218.738
159.23994 -3225.9637
159.25654 -2978.6207
159.25654 -2985.8493
159.27315 -2900.7126
159.27315 -2907.9325
159.27869 -2866.9719
159.28976 -3338.0798
159.28976 -3345.3053
159.30637 -3278.8967
159.30637 -3286.1334
159.32298 -2837.433
159.32298 -2844.6503
159.33405 -3177.7108
159.33959 -3029.4975
159.33959 -3036.7343
159.3562 -3101.3398
159.3562 -3108.5722
159.37281 -3359.3144
159.37281 -3366.5501
159.38942 -2712.4475
159.38942 -2719.6951
159.40602 -2705.1038
159.40602 -2712.3725
159.42263 -2886.2191
159.42263 -2893.4864
159.43924 -2883.3504
159.43924 -2890.5937
159.44478 -3037.4191
159.45585 -3008.1204
159.45585 -3015.3699
159.47246 -2974.0259
159.47246 -2981.2497
159.48907 -3224.465
159.48907 -3231.7118
159.50014 -2846.7578
159.50568 -3298.4347
159.50568 -3305.6932
159.52229 -2440.9272
159.52229 -2448.1903
159.5389 -2982.0881
159.5389 -2989.3582
159.5555 -2961.3069
159.5555 -2968.5773
159.57211 -2905.6296
159.57211 -2912.8905
159.58872 -2929.4925
159.58872 -2936.7496
159.60533 -3356.6597
159.60533 -3363.9139
159.61087 -2742.7374
159.62194 -3013.3788
159.62194 -3020.6482
159.63855 -2686.0537
159.63855 -2693.3002
159.65516 -2827.7431
159.65516 -2834.9993
159.66623 -3100.1282
159.67177 -2902.7506
159.67177 -2909.999
159.68837 -2792.2084
159.68837 -2799.4776
159.70498 -3377.9117
159.70498 -3385.1611
159.72159 -2932.0885
159.72159 -2939.3364
159.7382 -2822.0501
159.7382 -2829.2952
159.75481 -2883.624
159.75481 -2890.8731
159.77142 -2936.2775
159.77142 -2943.5396
159.77695 -2924.5831
159.78803 -2875.8045
159.78803 -2883.0489
159.80464 -2852.4187
159.80464 -2859.6579
159.82125 -2560.9751
159.82125 -2568.2112
159.83232 -2518.6764
159.83785 -2946.7425
159.83785 -2953.9941
159.85446 -3245.5959
159.85446 -3252.8386
159.87107 -2798.1703
159.87107 -2805.3931
159.88768 -2964.3659
159.88768 -2971.5953
159.90429 -2818.4748
159.90429 -2825.7113
159.9209 -2794.8088
159.9209 -2802.0575
159.93751 -2950.865
159.93751 -2958.1126
159.94304 -3573.3719
159.95412 -2899.5696
159.95412 -2906.8115
159.97072 -2867.5778
159.97072 -2874.823
159.98733 -3335.046
159.98733 -3342.2831
159.99841 -3086.4735
160.00394 -3264.2992
160.00394 -3271.5375
160.02055 -3290.086
160.02055 -3297.3223
160.03716 -2792.9112
160.03716 -2800.1656
160.05377 -3017.9108
160.05377 -3025.1327
160.07038 -3069.8188
160.07038 -3077.0568
160.08699 -3111.2974
160.08699 -3118.5466
160.1036 -2732.4519
160.1036 -2739.6752
160.10913 -3029.3609
160.1202 -2868.5022
160.1202 -2875.7328
160.13681 -3231.8111
160.13681 -3239.0463
160.15342 -2757.1307
160.15342 -2764.3598
160.16449 -2698.4706
160.17003 -2883.1396
160.17003 -2890.3684
160.18664 -3249.9283
160.18664 -3257.1607
160.20325 -3113.466
160.20325 -3120.7023
160.21986 -2816.9654
160.21986 -2824.1731
160.23647 -2996.5651
160.23647 -3003.7831
160.25307 -3251.8327
160.25307 -3259.0427
160.26968 -2785.126
160.26968 -2792.3461
160.27522 -2729.6035
160.28629 -2706.5358
160.28629 -2713.7747
160.3029 -3241.0756
160.3029 -3248.3014
160.31951 -3070.8284
160.31951 -3078.0506
160.33058 -3050.2132
160.33612 -2808.4544
160.33612 -2815.6736
160.35273 -2405.7171
160.35273 -2412.9235
160.36934 -2937.7027
160.36934 -2944.9193
160.38595 -3194.2291
160.38595 -3201.4397
160.40255 -3112.4346
160.40255 -3119.6376
160.41916 -2981.2179
160.41916 -2988.4475
160.43577 -2781.1285
160.43577 -2788.3477
160.44131 -3078.8176
160.45238 -3251.5293
160.45238 -3258.7315
160.46899 -2994.4569
160.46899 -3001.6899
160.4856 -3192.5912
160.4856 -3199.805
160.49667 -3199.2788
160.50221 -3179.2596
160.50221 -3186.4728
160.51882 -2569.9548
160.51882 -2577.1657
160.53542 -2785.0742
160.53542 -2792.3018
160.55203 -3147.0564
160.55203 -3154.2632
160.56864 -2863.6952
160.56864 -2870.9186
160.58525 -2877.7369
160.58525 -2884.9534
160.60186 -3187.9528
160.60186 -3195.1623
160.6074 -2989.8614
160.61847 -2938.1424
160.61847 -2945.3472
160.63508 -2588.9437
160.63508 -2596.1392
160.65169 -2865.6444
160.65169 -2872.841
160.66276 -2913.9067
160.6683 -2904.644
160.6683 -2911.8553
160.6849 -2865.1774
160.6849 -2872.3998
160.70151 -3306.4568
160.70151 -3313.6408
160.71812 -3126.4293
160.71812 -3133.6355
160.73473 -3195.5431
160.73473 -3202.7408
160.75134 -3244.879
160.75134 -3252.0628
160.76795 -3068.4974
160.76795 -3075.6807
160.77348 -3086.2905
160.78456 -2749.7969
160.78456 -2757.0019
160.80117 -3337.7109
160.80117 -3344.8847
160.81778 -3536.0293
160.81778 -3543.1935
160.82885 -2778.4339
160.83438 -2822.3716
160.83438 -2829.546
160.85099 -3286.5462
160.85099 -3293.7365
160.8676 -3112.9522
160.8676 -3120.1061
160.88421 -3202.5808
160.88421 -3209.7404
160.90082 -3181.5504
160.90082 -3188.7192
160.91743 -3029.388
160.91743 -3036.5573
160.93404 -3255.3269
160.93404 -3262.4817
160.93957 -2869.4727
160.95065 -2816.2744
160.95065 -2823.4396
160.96725 -2962.3835
160.96725 -2969.5503
160.98386 -3110.8684
160.98386 -3118.0409
160.99494 -3189.9972
161.00047 -3555.58
161.00047 -3562.751
161.01708 -3416.7422
161.01708 -3423.9078
161.03369 -3005.4842
161.03369 -3012.6665
161.0503 -2918.9534
161.0503 -2926.1274
161.06691 -2729.2365
161.06691 -2736.4318
161.08352 -2412.8111
161.08352 -2419.9917
161.10013 -3308.1439
161.10013 -3315.325
161.10566 -3208.9211
161.11673 -3039.6494
161.11673 -3046.8063
161.13334 -3011.2434
161.13334 -3018.3988
161.14995 -3340.8514
161.14995 -3348.023
161.16102 -3050.8984
161.16656 -3422.6013
161.16656 -3429.7635
161.18317 -3139.2358
161.18317 -3146.4259
161.19978 -3109.8009
161.19978 -3116.9783
161.21639 -3205.5506
161.21639 -3212.7251
161.233 -3067.0267
161.233 -3074.208
161.2496 -3097.8661
161.2496 -3105.0461
161.26621 -2811.41
161.26621 -2818.5987
161.27175 -3122.0573
161.28282 -2869.1794
161.28282 -2876.3633
161.29943 -2833.5099
161.29943 -2840.7016
161.31604 -3002.6613
161.31604 -3009.8252
161.32711 -3310.8659
161.33265 -3176.96
161.33265 -3184.1508
161.34926 -3443.2764
161.34926 -3450.4537
161.36587 -3005.3717
161.36587 -3012.5603
161.38248 -3151.3018
161.38248 -3158.4766
161.39908 -3029.7465
161.39908 -3036.9186
161.41569 -3594.3673
161.41569 -3601.5379
161.4323 -3181.865
161.4323 -3189.0467
161.43784 -2807.5663
161.44891 -2705.6524
161.44891 -2712.8115
161.46552 -2955.9933
161.46552 -2963.1614
161.48213 -3016.6442
161.48213 -3023.8176
161.4932 -3398.7242
161.49874 -3264.9583
161.49874 -3272.1269
161.51535 -2916.6454
161.51535 -2923.8234
161.53195 -2954.8992
161.53195 -2962.0564
161.54856 -3266.5914
161.54856 -3273.7534
161.56517 -3367.6032
161.56517 -3374.7617
161.58178 -3188.9684
161.58178 -3196.138
161.59839 -3096.0494
161.59839 -3103.2054
161.60393 -3021.1612
161.615 -3349.4216
161.615 -3356.591
161.63161 -3447.2927
161.63161 -3454.4347
161.64822 -3137.3215
161.64822 -3144.4759
161.65929 -3170.5278
161.66483 -2613.529
161.66483 -2620.6762
161.68143 -3196.4099
161.68143 -3203.5685
161.69804 -3039.3715
161.69804 -3046.5295
161.71465 -2652.2634
161.71465 -2659.4116
161.73126 -3188.1237
161.73126 -3195.2911
161.74787 -2826.1406
161.74787 -2833.2882
161.76448 -3062.0178
161.76448 -3069.1733
161.77001 -2967.1663
161.78109 -3107.5942
161.78109 -3114.7502
161.7977 -3108.2998
161.7977 -3115.4565
161.8143 -3129.6642
161.8143 -3136.8182
161.82538 -3068.2743
161.83091 -3149.4281
161.83091 -3156.596
161.84752 -3469.8215
161.84752 -3476.9683
161.86413 -3073.4276
161.86413 -3080.5531
161.88074 -3231.9379
161.88074 -3239.0705
161.89735 -3143.8079
161.89735 -3150.9495
161.91396 -2961.5085
161.91396 -2968.615
161.93057 -3308.6567
161.93057 -3315.7993
161.9361 -3506.4101
161.94718 -2711.2023
161.94718 -2718.3393
161.96378 -3342.8525
161.96378 -3349.9903
161.98039 -3510.675
161.98039 -3517.8237
161.99147 -3218.7726
161.997 -3158.341
161.997 -3165.4569
162.01361 -2989.6095
162.01361 -2996.7276
162.03022 -3202.6094
162.03022 -3209.7344
162.04683 -3565.609
162.04683 -3572.7307
162.06344 -2908.861
162.06344 -2915.9851
162.08005 -2418.7569
162.08005 -2425.8633
162.09666 -3356.2855
162.09666 -3363.4226
162.10219 -3003.3002
162.11326 -3365.8537
162.11326 -3372.9819
162.12987 -2858.5474
162.12987 -2865.6544
162.14648 -2781.443
162.14648 -2788.5497
162.15755 -3650.6999
162.16309 -3543.5453
162.16309 -3550.642
162.1797 -3254.6148
162.1797 -3261.7206
162.19631 -2814.3618
162.19631 -2821.4522
162.21292 -3119.2413
162.21292 -3126.3416
162.22953 -2916.7032
162.22953 -2923.8106
162.24613 -2943.1608
162.24613 -2950.2683
162.26274 -2866.9819
162.26274 -2874.118
162.26828 -2473.3284
162.27935 -3040.2485
162.27935 -3047.3655
162.29596 -3392.6998
162.29596 -3399.8244
162.31257 -3054.3345
162.31257 -3061.4487
162.32364 -3290.2315
162.32918 -3179.5571
162.32918 -3186.6701
162.34579 -3034.5747
162.34579 -3041.6939
162.3624 -3281.0048
162.3624 -3288.1121
162.37901 -3062.6568
162.37901 -3069.7489
162.39561 -2928.6932
162.39561 -2935.81
162.41222 -3048.7685
162.41222 -3055.8967
162.42883 -2917.6155
162.42883 -2924.7259
162.43437 -2905.5294
162.44544 -3054.1062
162.44544 -3061.2269
162.46205 -2878.9937
162.46205 -2886.1022
162.47866 -2905.1462
162.47866 -2912.2601
162.48973 -2959.1426
162.49527 -3253.2636
162.49527 -3260.3358
162.51188 -2898.6002
162.51188 -2905.7001
162.52848 -2965.3851
162.52848 -2972.502
162.54509 -3078.0827
162.54509 -3085.182
162.5617 -3278.9784
162.5617 -3286.0813
162.57831 -3194.4532
162.57831 -3201.5563
162.59492 -2898.529
162.59492 -2905.6112
162.60046 -3043.5846
162.61153 -2752.1538
162.61153 -2759.2399
162.62814 -3013.4982
162.62814 -3020.5772
162.64475 -3167.7656
162.64475 -3174.8435
162.65582 -3521.7403
162.66136 -3253.9567
162.66136 -3261.031
162.67796 -3075.2662
162.67796 -3082.3282
162.69457 -3067.8296
162.69457 -3074.8942
162.71118 -2792.4058
162.71118 -2799.4785
162.72779 -3330.9789
162.72779 -3338.0675
162.7444 -3232.4929
162.7444 -3239.5823
162.76101 -2696.4443
162.76101 -2703.545
162.76654 -3174.1957
162.77762 -2769.2486
162.77762 -2776.3531
162.79423 -3135.1296
162.79423 -3142.2333
162.81083 -2656.1275
162.81083 -2663.2322
162.82191 -2979.1074
162.82744 -2851.9893
162.82744 -2859.0847
162.84405 -3345.7177
162.84405 -3352.8056
162.86066 -2544.5727
162.86066 -2551.6711
162.87727 -2862.005
162.87727 -2869.0929
162.89388 -2940.7895
162.89388 -2947.8769
162.91049 -3403.8269
162.91049 -3410.915
162.9271 -3241.7609
162.9271 -3248.8373
162.93263 -3122.0208
162.94371 -3072.8997
162.94371 -3079.9602
162.96031 -3292.9592
162.96031 -3300.0067
162.97692 -2874.2922
162.97692 -2881.3616
162.988 -2711.2367
162.99353 -2726.3961
162.99353 -2733.453
163.01014 -2985.2768
163.01014 -2992.3436
163.02675 -3115.369
163.02675 -3122.4621
163.04336 -2829.4771
163.04336 -2836.561
163.05997 -2953.8682
163.05997 -2960.9451
163.07658 -3270.268
163.07658 -3277.3434
163.09318 -3092.8706
163.09318 -3099.9612
163.09872 -3090.209
163.10979 -2711.7631
163.10979 -2718.8565
163.1264 -3346.7056
163.1264 -3353.7902
163.14301 -3210.0771
163.14301 -3217.1454
163.15408 -3209.2994
163.15962 -3396.1165
163.15962 -3403.199
163.17623 -2793.359
163.17623 -2800.4266
163.19284 -2992.5283
163.19284 -2999.6205
163.20945 -3187.4426
163.20945 -3194.5039
163.22606 -3197.356
163.22606 -3204.3912
163.24266 -3538.9928
163.24266 -3546.0557
163.25927 -2959.3272
163.25927 -2966.3939
163.26481 -2936.2927
163.27588 -3152.2349
163.27588 -3159.2909
163.29249 -3234.3742
163.29249 -3241.4371
163.3091 -3054.2484
163.3091 -3061.314
163.32017 -3090.2438
163.32571 -3232.2493
163.32571 -3239.3088
163.34232 -3061.7148
163.34232 -3068.7785
163.35893 -3357.3418
163.35893 -3364.4189
163.37553 -3486.6645
163.37553 -3493.7363
163.39214 -3118.1763
163.39214 -3125.2328
163.40875 -3133.6592
163.40875 -3140.7173
163.42536 -2833.066
163.42536 -2840.1286
163.4309 -3029.038
163.44197 -3324.3625
163.44197 -3331.4646
163.45858 -2780.1072
163.45858 -2787.191
163.47519 -3205.675
163.47519 -3212.7329
163.48626 -3188.6005
163.4918 -3152.4218
163.4918 -3159.4691
163.50841 -2693.3043
163.50841 -2700.3681
163.52501 -3526.2799
163.52501 -3533.3498
163.54162 -2943.3104
163.54162 -2950.4092
163.55823 -2748.2621
163.55823 -2755.3672
163.57484 -3358.6461
163.57484 -3365.7334
163.59145 -3191.8193
163.59145 -3198.8943
163.59699 -2926.3784
163.60806 -2779.2091
163.60806 -2786.2748
163.62467 -3273.1641
163.62467 -3280.2426
163.64128 -3189.473
163.64128 -3196.5451
163.65235 -2823.7542
163.65789 -2708.5644
163.65789 -2715.6262
163.67449 -3615.5416
163.67449 -3622.6269
163.6911 -3518.626
163.6911 -3525.7
163.70771 -3432.6959
163.70771 -3439.7386
163.72432 -2727.6875
163.72432 -2734.7422
163.74093 -3210.4733
163.74093 -3217.5372
163.75754 -3426.3372
163.75754 -3433.3909
163.76307 -3222.5324
163.77415 -3417.6105
163.77415 -3424.6677
163.79076 -3078.3722
163.79076 -3085.4283
163.80736 -2886.2712
163.80736 -2893.3344
163.81844 -3124.7496
163.82397 -3139.7361
163.82397 -3146.7726
163.84058 -3014.9157
163.84058 -3021.9913
163.85719 -3272.8443
163.85719 -3279.9035
163.8738 -3098.2005
163.8738 -3105.2557
163.89041 -2537.8667
163.89041 -2544.9294
163.90702 -3050.8591
163.90702 -3057.9113
163.92363 -3214.8792
163.92363 -3221.9421
163.92916 -3183.1142
163.94024 -3131.1573
163.94024 -3138.2107
163.95684 -2885.3259
163.95684 -2892.3693
163.97345 -2901.1063
163.97345 -2908.1366
163.98453 -3280.0375
163.99006 -3419.4207
163.99006 -3426.4579
164.00667 -3187.168
164.00667 -3194.2173
164.02328 -2916.1971
164.02328 -2923.253
164.03989 -3136.501
164.03989 -3143.5739
164.0565 -2913.4849
164.0565 -2920.5244
164.07311 -3006.0414
164.07311 -3013.0808
164.08971 -3222.039
164.08971 -3229.0836
164.09525 -3226.5088
164.10632 -3450.6443
164.10632 -3457.6912
164.12293 -3491.5805
164.12293 -3498.6086
164.13954 -3097.6461
164.13954 -3104.6892
164.15061 -3324.0093
164.15615 -3473.6817
164.15615 -3480.7081
164.17276 -3195.0737
164.17276 -3202.1185
164.18937 -3248.3222
164.18937 -3255.3759
164.20598 -3240.7908
164.20598 -3247.8402
164.22259 -3087.9616
164.22259 -3095.0071
164.23919 -3375.9925
164.23919 -3383.0323
164.2558 -3143.9108
164.2558 -3150.9582
164.26134 -3222.0143
164.27241 -2982.0192
164.27241 -2989.0748
164.28902 -3579.4033
164.28902 -3586.4755
164.30563 -3450.9948
164.30563 -3458.0582
164.3167 -3122.6769
164.32224 -2935.1684
164.32224 -2942.2297
164.33885 -2673.5064
164.33885 -2680.5542
164.35546 -3207.8005
164.35546 -3214.8481
164.37206 -3319.0895
164.37206 -3326.1549
164.38867 -2753.5945
164.38867 -2760.6516
164.40528 -3150.8685
164.40528 -3157.9058
164.42189 -3432.7043
164.42189 -3439.7469
164.42743 -3157.1966
164.4385 -3257.0329
164.4385 -3264.0915
164.45511 -3111.358
164.45511 -3118.3984
164.47172 -2971.7441
164.47172 -2978.7801
164.48279 -2986.0693
164.48833 -3542.1786
164.48833 -3549.2278
164.50494 -3241.5222
164.50494 -3248.5642
164.52154 -3282.7424
164.52154 -3289.7607
164.53815 -3301.2962
164.53815 -3308.313
164.55476 -3435.3939
164.55476 -3442.4221
164.57137 -2932.541
164.57137 -2939.5623
164.58798 -3553.8576
164.58798 -3560.8798
164.59352 -3013.7834
164.60459 -3465.2047
164.60459 -3472.2365
164.6212 -2747.8972
164.6212 -2754.9167
164.63781 -2894.0874
164.63781 -2901.11
164.64888 -2927.3836
164.65441 -3302.991
164.65441 -3310.0054
164.67102 -3223.1596
164.67102 -3230.1722
164.68763 -3066.4422
164.68763 -3073.466
164.70424 -3289.0049
164.70424 -3296.03
164.72085 -3506.8374
164.72085 -3513.871
164.73746 -2933.3484
164.73746 -2940.3899
164.75407 -3201.5878
164.75407 -3208.5942
164.7596 -2961.1863
164.77068 -3387.3901
164.77068 -3394.4082
164.78729 -3046.8367
164.78729 -3053.8635
164.80389 -3067.3855
164.80389 -3074.4078
164.81497 -3170.1575
164.8205 -3118.7043
164.8205 -3125.7356
164.83711 -2974.6191
164.83711 -2981.6465
164.85372 -2950.5005
164.85372 -2957.5223
164.87033 -3610.3311
164.87033 -3617.3546
164.88694 -3568.8171
164.88694 -3575.8234
164.90355 -2907.978
164.90355 -2915.0055
164.92016 -3374.664
164.92016 -3381.68
164.92569 -3419.2117
164.93677 -3376.3132
164.93677 -3383.3321
164.95337 -2955.3484
164.95337 -2962.3608
164.96998 -3170.1574
164.96998 -3177.1703
164.98106 -3128.369
164.98659 -3377.0319
164.98659 -3384.0204
165.0032 -3184.2629
165.0032 -3191.2581
165.01981 -3124.844
165.01981 -3131.8327
165.03642 -3098.1951
165.03642 -3105.192
165.05303 -3013.7701
165.05303 -3020.7798
165.06964 -3311.9368
165.06964 -3318.9468
165.08624 -3071.0389
165.08624 -3078.0358
165.09178 -3013.2616
165.10285 -3304.129
165.10285 -3311.1171
165.11946 -3106.1582
165.11946 -3113.1594
165.13607 -2972.201
165.13607 -2979.1895
165.14714 -3094.5134
165.15268 -3350.4908
165.15268 -3357.4929
165.16929 -3237.0275
165.16929 -3244.0301
165.1859 -2957.7845
165.1859 -2964.7905
165.20251 -3148.884
165.20251 -3155.8734
165.21912 -3421.6142
165.21912 -3428.623
165.23572 -3047.1518
165.23572 -3054.1668
165.25233 -2960.7038
165.25233 -2967.7122
165.25787 -2860.7966
165.26894 -2901.112
165.26894 -2908.1139
165.28555 -3309.6483
165.28555 -3316.6555
165.30216 -3372.1529
165.30216 -3379.1552
165.31323 -3098.9598
165.31877 -2803.5089
165.31877 -2810.517
165.33538 -3380.1447
165.33538 -3387.1579
165.35199 -3065.2945
165.35199 -3072.2919
165.36859 -2949.5007
165.36859 -2956.5052
165.3852 -3122.3185
165.3852 -3129.3257
165.40181 -3333.6458
165.40181 -3340.6449
165.41842 -3092.8073
165.41842 -3099.8085
165.42396 -3258.0917
165.43503 -3305.4083
165.43503 -3312.3832
165.45164 -3397.005
165.45164 -3404.0077
165.46825 -3316.2646
165.46825 -3323.2385
165.47932 -2944.5875
165.48486 -2850.3918
165.48486 -2857.3694
165.50147 -2770.4942
165.50147 -2777.4605
165.51807 -3395.3112
165.51807 -3402.2905
165.53468 -3521.0688
165.53468 -3528.0547
165.55129 -3163.3048
165.55129 -3170.2838
165.5679 -3166.1056
165.5679 -3173.1042
165.58451 -3365.7654
165.58451 -3372.7563
165.59005 -3513.9682
165.60112 -3374.9587
165.60112 -3381.928
165.61773 -3012.2783
165.61773 -3019.2493
165.63434 -3417.7917
165.63434 -3424.7512
165.64541 -3377.4373
165.65094 -3522.8101
165.65094 -3529.7768
165.66755 -3133.2452
165.66755 -3140.214
165.68416 -3191.6778
165.68416 -3198.6487
165.70077 -3355.4233
165.70077 -3362.3902
165.71738 -3287.2926
165.71738 -3294.2605
165.73399 -2904.1767
165.73399 -2911.1552
165.7506 -2962.3704
165.7506 -2969.365
165.75613 -2856.2821
165.76721 -3389.3033
165.76721 -3396.2973
165.78382 -3181.8463
165.78382 -3188.8227
165.80042 -2567.6043
165.80042 -2574.5798
165.8115 -3250.6672
165.81703 -2761.7853
165.81703 -2768.7457
165.83364 -3476.5653
165.83364 -3483.5366
165.85025 -3237.3496
165.85025 -3244.3188
165.86686 -3236.1892
165.86686 -3243.1723
165.88347 -3263.6801
165.88347 -3270.6445
165.90008 -3161.9115
165.90008 -3168.8857
165.91669 -3299.6041
165.91669 -3306.5813
165.92222 -3202.0935
165.93329 -2643.5533
165.93329 -2650.5288
165.9499 -3216.0376
165.9499 -3223.0061
165.96651 -3118.757
165.96651 -3125.751
165.97759 -3052.8375
165.98312 -3219.5111
165.98312 -3226.5001
165.99973 -3317.6659
165.99973 -3324.672
166.01634 -3547.4986
166.01634 -3554.4745
166.03295 -3588.4343
166.03295 -3595.4306
166.04956 -2781.2075
166.04956 -2788.1867
166.06617 -2975.2238
166.06617 -2982.2236
166.08277 -3159.677
166.08277 -3166.6734
166.08831 -3233.1917
166.09938 -3468.6404
166.09938 -3475.639
166.11599 -3019.4256
166.11599 -3026.437
166.1326 -3155.6034
166.1326 -3162.5969
166.14367 -3645.5596
166.14921 -3624.8998
166.14921 -3631.9001
166.16582 -3077.9287
166.16582 -3084.9041
166.18243 -3188.7531
166.18243 -3195.7526
166.19904 -3284.6847
166.19904 -3291.6843
166.21565 -3307.6622
166.21565 -3314.6596
166.23225 -3114.4698
166.23225 -3121.4684
166.24886 -3478.0911
166.24886 -3485.0816
166.2544 -3709.6824
166.26547 -3341.6804
166.26547 -3348.6713
166.28208 -3601.9639
166.28208 -3608.9498
166.29869 -3167.3697
166.29869 -3174.3632
166.30976 -3549.8245
166.3153 -3844.1615
166.3153 -3851.1418
166.33191 -2875.4905
166.33191 -2882.4749
166.34852 -3138.8626
166.34852 -3145.8468
166.36512 -3467.5574
166.36512 -3474.5455
166.38173 -3038.6124
166.38173 -3045.5761
166.39834 -2972.7388
166.39834 -2979.6971
166.41495 -3369.647
166.41495 -3376.6344
166.42049 -2958.1465
166.43156 -3355.9081
166.43156 -3362.8571
166.44817 -2921.2032
166.44817 -2928.1716
166.46478 -3167.616
166.46478 -3174.571
166.47585 -3347.3334
166.48139 -3396.3575
166.48139 -3403.3305
166.498 -3209.7207
166.498 -3216.6855
166.5146 -3185.5692
166.5146 -3192.5413
166.53121 -3139.8411
166.53121 -3146.8253
166.54782 -3122.1355
166.54782 -3129.0968
166.56443 -3007.0764
166.56443 -3014.0365
166.58104 -3223.4744
166.58104 -3230.4347
166.58658 -3151.3406
166.59765 -3200.2204
166.59765 -3207.1643
166.61426 -3072.4898
166.61426 -3079.4236
166.63087 -3298.9344
166.63087 -3305.8963
166.64194 -3286.7949
166.64747 -3255.489
166.64747 -3262.4327
166.66408 -3294.9468
166.66408 -3301.8969
166.68069 -3106.0973
166.68069 -3113.0511
166.6973 -2877.9752
166.6973 -2884.9285
166.71391 -2941.803
166.71391 -2948.7658
166.73052 -3341.8361
166.73052 -3348.7908
166.74713 -3125.8121
166.74713 -3132.7608
166.75266 -3270.9013
166.76374 -3445.488
166.76374 -3452.4511
166.78035 -3534.3664
166.78035 -3541.2941
166.79695 -3227.9495
166.79695 -3234.8753
166.80803 -3432.6732
166.81356 -3219.2968
166.81356 -3226.2375
166.83017 -3370.5626
166.83017 -3377.5063
166.84678 -3071.8533
166.84678 -3078.8055
166.86339 -3015.8124
166.86339 -3022.7635
166.88 -2828.0543
166.88 -2835.0062
166.89661 -3219.2743
166.89661 -3226.2295
166.91322 -3175.9909
166.91322 -3182.9236
166.91875 -2955.6869
166.92982 -2952.4106
166.92982 -2959.3579
166.94643 -3537.6529
166.94643 -3544.5657
166.96304 -2960.0019
166.96304 -2966.9291
166.97412 -2951.8994
166.97965 -3220.0175
166.97965 -3226.9532
166.99626 -3234.7976
166.99626 -3241.7296
167.01287 -3246.1741
167.01287 -3253.1121
167.02948 -3033.8577
167.02948 -3040.8064
167.04609 -3227.3838
167.04609 -3234.326
167.0627 -3548.3094
167.0627 -3555.2442
167.0793 -2623.5911
167.0793 -2630.5405
167.08484 -3025.0663
167.09591 -3058.6206
167.09591 -3065.5253
167.11252 -3318.5877
167.11252 -3325.5084
167.12913 -3395.4232
167.12913 -3402.3223
167.1402 -2916.6583
167.14574 -3340.9418
167.14574 -3347.856
167.16235 -2795.9227
167.16235 -2802.8321
167.17896 -3337.6819
167.17896 -3344.5878
167.19557 -3159.5481
167.19557 -3166.4568
167.21217 -3041.1244
167.21217 -3048.0359
167.22878 -3570.6323
167.22878 -3577.5384
167.24539 -3022.2532
167.24539 -3029.1318
167.25093 -3245.1864
167.262 -3148.2164
167.262 -3155.1055
167.27861 -3196.1273
167.27861 -3203.0225
167.29522 -3245.3187
167.29522 -3252.2164
167.30629 -3028.7309
167.31183 -3041.9492
167.31183 -3048.8496
167.32844 -3019.3295
167.32844 -3026.2206
167.34505 -3436.6401
167.34505 -3443.5165
167.36165 -3257.1273
167.36165 -3264.0038
167.37826 -3125.2916
167.37826 -3132.1993
167.39487 -3370.7607
167.39487 -3377.6447
167.41148 -3146.0574
167.41148 -3152.9364
167.41702 -3543.5889
167.42809 -2947.7554
167.42809 -2954.6417
167.4447 -3103.6291
167.4447 -3110.5253
167.46131 -3177.4905
167.46131 -3184.3823
167.47238 -2885.8981
167.47792 -3069.0658
167.47792 -3075.9484
167.49453 -3397.7189
167.49453 -3404.6147
167.51113 -4251.8909
167.51113 -4258.765
167.52774 -2891.8846
167.52774 -2898.7557
167.54435 -3127.2444
167.54435 -3134.1218
167.56096 -3564.7966
167.56096 -3571.6709
167.57757 -3380.8653
167.57757 -3387.7547
167.58311 -3127.2913
167.59418 -3436.8592
167.59418 -3443.7701
167.61079 -3305.6575
167.61079 -3312.5506
167.6274 -3449.0627
167.6274 -3455.9564
167.63847 -3240.1744
167.644 -3073.6793
167.644 -3080.5771
167.66061 -3140.1365
167.66061 -3147.0282
167.67722 -2898.5558
167.67722 -2905.4414
167.69383 -3141.4253
167.69383 -3148.3078
167.71044 -3840.4447
167.71044 -3847.3326
167.72705 -3170.3114
167.72705 -3177.1818
167.74366 -2907.2712
167.74366 -2914.1494
167.74919 -3190.8359
167.76027 -3882.5467
167.76027 -3889.42
167.77688 -3382.0686
167.77688 -3388.96
167.79348 -3437.9038
167.79348 -3444.772
167.80456 -3011.0335
167.81009 -3084.5923
167.81009 -3091.4634
167.8267 -3344.4314
167.8267 -3351.3156
167.84331 -2973.8916
167.84331 -2980.7822
167.85992 -2944.8014
167.85992 -2951.6803
167.87653 -3138.5881
167.87653 -3145.4522
167.89314 -3066.1063
167.89314 -3072.9663
167.90975 -3234.0646
167.90975 -3240.9461
167.91528 -3012.6214
167.92635 -3169.5925
167.92635 -3176.4574
167.94296 -3338.3014
167.94296 -3345.162
167.95957 -3386.5242
167.95957 -3393.3928
167.97064 -3232.262
167.97618 -3049.6946
167.97618 -3056.5667
167.99279 -3138.5377
167.99279 -3145.4104
168.0094 -2640.6067
168.0094 -2647.4799
168.02601 -2872.7022
168.02601 -2879.5794
168.04262 -3450.1767
168.04262 -3457.0681
168.05923 -3293.3766
168.05923 -3300.2699
168.07583 -3198.967
168.07583 -3205.8582
168.08137 -3386.2078
168.09244 -3137.4391
168.09244 -3144.3206
168.10905 -3018.0389
168.10905 -3024.9312
168.12566 -3060.1362
168.12566 -3067.019
168.13673 -3178.414
168.14227 -3656.41
168.14227 -3663.2816
168.15888 -3192.3114
168.15888 -3199.1906
168.17549 -3112.0007
168.17549 -3118.878
168.1921 -3385.5447
168.1921 -3392.4326
168.2087 -3274.228
168.2087 -3281.1069
168.22531 -3446.7605
168.22531 -3453.6256
168.24192 -3239.5565
168.24192 -3246.4413
168.24746 -3058.7455
168.25853 -3180.8723
168.25853 -3187.7613
168.27514 -2995.3229
168.27514 -3002.2066
168.29175 -3163.8151
168.29175 -3170.7044
168.30282 -3482.412
168.30836 -3449.786
168.30836 -3456.6789
168.32497 -2881.9514
168.32497 -2888.8464
168.34158 -3392.0672
168.34158 -3398.9706
168.35818 -2971.4989
168.35818 -2978.4077
168.37479 -2945.0942
168.37479 -2951.9956
168.3914 -4085.4112
168.3914 -4092.3004
168.40801 -2980.514
168.40801 -2987.4094
168.41355 -2993.3677
168.42462 -2736.1255
168.42462 -2742.9953
168.44123 -3678.7386
168.44123 -3685.6249
168.45784 -3940.1353
168.45784 -3947.009
168.46891 -3245.9076
168.47445 -3170.7804
168.47445 -3177.6442
168.49105 -3337.9138
168.49105 -3344.7853
168.50766 -3635.1856
168.50766 -3642.0673
168.52427 -3271.6431
168.52427 -3278.5219
168.54088 -3070.6634
168.54088 -3077.523
168.55749 -3293.2588
168.55749 -3300.1409
168.5741 -3490.8777
168.5741 -3497.7677
168.57964 -3543.7321
168.59071 -3454.311
168.59071 -3461.1929
168.60732 -3669.5464
168.60732 -3676.4262
168.62393 -3656.5502
168.62393 -3663.4426
168.635 -3202.1994
168.64053 -3368.438
168.64053 -3375.3183
168.65714 -3247.7869
168.65714 -3254.6704
168.67375 -3332.266
168.67375 -3339.1319
168.69036 -3194.772
168.69036 -3201.6674
168.70697 -3304.963
168.70697 -3311.8407
168.72358 -3410.9306
168.72358 -3417.8278
168.74019 -3120.2259
168.74019 -3127.1149
168.74572 -3055.4055
168.7568 -3055.8283
168.7568 -3062.7117
168.77341 -2929.6723
168.77341 -2936.5417
168.79001 -3121.8068
168.79001 -3128.6674
168.80109 -3240.8892
168.80662 -3211.5084
168.80662 -3218.3812
168.82323 -3044.7268
168.82323 -3051.5982
168.83984 -3194.4532
168.83984 -3201.3161
168.85645 -3003.4378
168.85645 -3010.2891
168.87306 -3168.1025
168.87306 -3174.9648
168.88967 -3242.2358
168.88967 -3249.1053
168.90628 -3233.1298
168.90628 -3239.9999
168.91181 -3162.2183
168.92288 -3207.133
168.92288 -3213.9875
168.93949 -3004.2678
168.93949 -3011.1249
168.9561 -3076.5401
168.9561 -3083.3761
168.96717 -3280.4607
168.97271 -2962.8743
168.97271 -2969.7236
168.98932 -3636.285
168.98932 -3643.1371
169.00593 -3369.9011
169.00593 -3376.735
169.02254 -2960.2322
169.02254 -2967.0857
169.03915 -3612.9121
169.03915 -3619.7561
169.05576 -3117.8259
169.05576 -3124.6541
169.07236 -3133.96
169.07236 -3140.8082
169.0779 -3424.3696
169.08897 -3098.6368
169.08897 -3105.4849
169.10558 -3772.1008
169.10558 -3778.9436
169.12219 -3444.9217
169.12219 -3451.7705
169.13326 -3150.5064
169.1388 -3077.463
169.1388 -3084.3017
169.15541 -3610.3276
169.15541 -3617.16
169.17202 -3213.3407
169.17202 -3220.1952
169.18863 -2906.3692
169.18863 -2913.2137
169.20523 -3182.7217
169.20523 -3189.5567
169.22184 -3352.7187
169.22184 -3359.5502
169.23845 -3323.5297
169.23845 -3330.3618
169.24399 -3225.5716
169.25506 -3242.4661
169.25506 -3249.3101
169.27167 -3368.6053
169.27167 -3375.4374
169.28828 -3153.2432
169.28828 -3160.0865
169.29935 -3170.8101
169.30489 -3419.0263
169.30489 -3425.8673
169.3215 -3609.8977
169.3215 -3616.7285
169.33811 -2979.3588
169.33811 -2986.2011
169.35471 -3394.7524
169.35471 -3401.5896
169.37132 -3271.042
169.37132 -3277.8688
169.38793 -3177.4453
169.38793 -3184.2894
169.40454 -3555.4671
169.40454 -3562.3116
169.41008 -3354.7242
169.42115 -3221.163
169.42115 -3228.0188
169.43776 -3167.6303
169.43776 -3174.4849
169.45437 -3005.0721
169.45437 -3011.9003
169.46544 -3789.2444
169.47098 -3384.0047
169.47098 -3390.8349
169.48758 -3142.9694
169.48758 -3149.7915
169.50419 -3042.0854
169.50419 -3048.9106
169.5208 -3470.8233
169.5208 -3477.6183
169.53741 -3939.1412
169.53741 -3945.9688
169.55402 -3373.3007
169.55402 -3380.1232
169.57063 -3414.7127
169.57063 -3421.5266
169.57617 -3562.9919
169.58724 -3514.5067
169.58724 -3521.3154
169.60385 -3679.7974
169.60385 -3686.5923
169.62046 -3115.0436
169.62046 -3121.8331
169.63153 -3056.7168
169.63706 -3184.4664
169.63706 -3191.2524
169.65367 -3938.6943
169.65367 -3945.4818
169.67028 -3406.2202
169.67028 -3413.0213
169.68689 -3214.8844
169.68689 -3221.6693
169.7035 -3498.8957
169.7035 -3505.7149
169.72011 -3261.4526
169.72011 -3268.2495
169.73672 -3292.2736
169.73672 -3299.0564
169.74225 -3435.096
169.75333 -3026.9476
169.75333 -3033.7317
169.76993 -3508.6845
169.76993 -3515.4773
169.78654 -3647.1358
169.78654 -3653.9168
169.79762 -3153.2585
169.80315 -3029.758
169.80315 -3036.5346
169.81976 -3421.7733
169.81976 -3428.5548
169.83637 -3701.2389
169.83637 -3708.0201
169.85298 -3497.9589
169.85298 -3504.7408
169.86959 -2937.2318
169.86959 -2944.006
169.8862 -3304.5625
169.8862 -3311.3452
169.90281 -3784.4882
169.90281 -3791.2805
169.90834 -3762.6938
169.91941 -3411.5329
169.91941 -3418.3419
169.93602 -3182.0281
169.93602 -3188.8283
169.95263 -3328.4666
169.95263 -3335.2844
169.9637 -3283.7014
169.96924 -3419.9589
169.96924 -3426.7705
169.98585 -3131.5289
169.98585 -3138.3218
170.00246 -3076.5649
170.00246 -3083.3695
170.01907 -3504.2687
170.01907 -3511.0727
170.03568 -3673.7464
170.03568 -3680.5381
170.05229 -3155.619
170.05229 -3162.4091
170.06889 -3268.4209
170.06889 -3275.2345
170.07443 -2909.1265
170.0855 -3324.944
170.0855 -3331.7592
170.10211 -3252.375
170.10211 -3259.176
170.11872 -3469.7129
170.11872 -3476.5148
170.12979 -3499.6598
170.13533 -3075.9533
170.13533 -3082.7452
170.15194 -3473.3484
170.15194 -3480.1506
170.16855 -3345.3363
170.16855 -3352.1328
170.18516 -2865.9645
170.18516 -2872.7495
170.20176 -3136.1285
170.20176 -3142.9155
170.21837 -3200.0039
170.21837 -3206.7907
170.23498 -3585.4232
170.23498 -3592.2168
170.24052 -3652.5312
170.25159 -3340.7875
170.25159 -3347.5828
170.2682 -3863.545
170.2682 -3870.3315
170.28481 -3606.7632
170.28481 -3613.5467
170.29588 -3118.7872
170.30142 -2807.6399
170.30142 -2814.4414
170.31803 -3135.5526
170.31803 -3142.3458
170.33464 -3222.9011
170.33464 -3229.7134
170.35124 -3329.6153
170.35124 -3336.4336
170.36785 -3231.0659
170.36785 -3237.8654
170.38446 -3497.2269
170.38446 -3504.0473
170.40107 -3530.5716
170.40107 -3537.3641
170.40661 -3117.299
170.41768 -3287.5379
170.41768 -3294.341
170.43429 -2968.6868
170.43429 -2975.4978
170.4509 -3179.2525
170.4509 -3186.048
170.46197 -3129.4163
170.46751 -3458.1755
170.46751 -3464.9707
170.48411 -3711.1
170.48411 -3717.8726
170.50072 -3520.6635
170.50072 -3527.4563
170.51733 -3575.2717
170.51733 -3582.0629
170.53394 -3487.3023
170.53394 -3494.1027
170.55055 -3572.1365
170.55055 -3578.9458
170.56716 -3002.7342
170.56716 -3009.524
170.5727 -3370.0249
170.58377 -3546.1735
170.58377 -3552.9684
170.60038 -3365.7623
170.60038 -3372.5673
170.61699 -3049.4974
170.61699 -3056.316
170.62806 -3283.6811
170.63359 -3367.9338
170.63359 -3374.7225
170.6502 -3313.1776
170.6502 -3319.9545
170.66681 -3193.454
170.66681 -3200.2223
170.68342 -3518.0309
170.68342 -3524.7995
170.70003 -3186.8336
170.70003 -3193.6034
170.71664 -3643.2796
170.71664 -3650.0583
170.73325 -3127.5526
170.73325 -3134.331
170.73878 -3386.1524
170.74986 -3519.956
170.74986 -3526.7148
170.76646 -3601.2485
170.76646 -3608.0132
170.78307 -3064.5834
170.78307 -3071.3517
170.79415 -3234.8898
170.79968 -3299.9739
170.79968 -3306.7414
170.81629 -3431.5585
170.81629 -3438.321
170.8329 -3206.308
170.8329 -3213.0796
170.84951 -3421.499
170.84951 -3428.2693
170.86612 -3377.7568
170.86612 -3384.5392
170.88273 -3701.4703
170.88273 -3708.262
170.89934 -3429.9639
170.89934 -3436.7431
170.90487 -3088.6184
170.91594 -3346.7658
170.91594 -3353.5111
170.93255 -3490.2508
170.93255 -3497.0181
170.94916 -3595.9648
170.94916 -3602.742
170.96023 -3544.9936
170.96577 -3402.5608
170.96577 -3409.3207
170.98238 -3282.3557
170.98238 -3289.0913
170.99899 -3000.6745
170.99899 -3007.4276
171.0156 -3724.7496
171.0156 -3731.508
171.03221 -3308.9718
171.03221 -3315.7194
171.04881 -3380.7492
171.04881 -3387.5055
171.06542 -3216.6573
171.06542 -3223.435
171.07096 -3462.6537
171.08203 -3542.3905
171.08203 -3549.1605
171.09864 -3244.446
171.09864 -3251.2089
171.11525 -3013.162
171.11525 -3019.9334
171.12632 -3245.242
171.13186 -3455.0165
171.13186 -3461.7973
171.14847 -3487.2645
171.14847 -3494.0455
171.16508 -2892.0033
171.16508 -2898.7754
171.18169 -3091.2548
171.18169 -3098.0055
171.19829 -3658.2443
171.19829 -3665.0075
171.2149 -2975.5167
171.2149 -2982.2474
171.23151 -3233.6377
171.23151 -3240.3953
171.23705 -3670.8245
171.24812 -3502.0473
171.24812 -3508.7926
171.26473 -3516.5391
171.26473 -3523.2871
171.28134 -3068.2193
171.28134 -3074.9811
171.29241 -2974.3998
171.29795 -3139.8228
171.29795 -3146.5671
171.31456 -3195.6254
171.31456 -3202.3412
171.33117 -3207.6818
171.33117 -3214.4175
171.34777 -3248.7121
171.34777 -3255.4393
171.36438 -2864.91
171.36438 -2871.6352
171.38099 -3130.9626
171.38099 -3137.6975
171.3976 -3230.7362
171.3976 -3237.4697
171.40314 -3348.1371
171.41421 -3041.3638
171.41421 -3048.089
171.43082 -3452.9185
171.43082 -3459.6477
171.44743 -3545.6461
171.44743 -3552.384
171.4585 -3338.0052
171.46404 -3513.1401
171.46404 -3519.8839
171.48064 -3349.1538
171.48064 -3355.8907
171.49725 -3396.3861
171.49725 -3403.1063
171.51386 -3278.0024
171.51386 -3284.742
171.53047 -3460.0214
171.53047 -3466.771
171.54708 -3498.293
171.54708 -3505.0574
171.56369 -3207.0491
171.56369 -3213.7753
171.56922 -3175.3498
171.5803 -3189.6651
171.5803 -3196.4157
171.59691 -3398.8726
171.59691 -3405.6132
171.61352 -3124.5925
171.61352 -3131.3307
171.62459 -3088.3032
171.63012 -3348.2999
171.63012 -3355.0492
171.64673 -3606.6277
171.64673 -3613.3575
171.66334 -3156.5197
171.66334 -3163.2514
171.67995 -3616.2416
171.67995 -3622.9834
171.69656 -3754.0681
171.69656 -3760.8009
171.71317 -3611.0819
171.71317 -3617.8028
171.72978 -3006.1462
171.72978 -3012.8798
171.73531 -3145.1641
171.74639 -3480.9782
171.74639 -3487.7146
171.76299 -3982.3787
171.76299 -3989.1191
171.7796 -3144.3627
171.7796 -3151.0941
171.79068 -3599.7612
171.79621 -3280.0572
171.79621 -3286.7862
171.81282 -3611.2491
171.81282 -3617.9905
171.82943 -3112.8842
171.82943 -3119.6093
171.84604 -3455.055
171.84604 -3461.7923
171.86265 -3269.6403
171.86265 -3276.3686
171.87926 -3829.8017
171.87926 -3836.526
171.89587 -3470.7963
171.89587 -3477.5171
171.9014 -3488.4452
171.91247 -2996.6684
171.91247 -3003.3845
171.92908 -3614.3342
171.92908 -3621.0452
171.94569 -3353.5221
171.94569 -3360.2406
171.95676 -3238.5519
171.9623 -3235.1063
171.9623 -3241.814
171.97891 -3489.8881
171.97891 -3496.6264
171.99552 -3438.5908
171.99552 -3445.3146
172.01213 -3635.7609
172.01213 -3642.4795
172.02874 -3410.7524
172.02874 -3417.4657
172.04534 -3256.4104
172.04534 -3263.1312
172.06195 -3427.0927
172.06195 -3433.8103
172.06749 -3300.694
172.07856 -3262.471
172.07856 -3269.177
172.09517 -3356.5371
172.09517 -3363.2493
172.11178 -3555.3668
172.11178 -3562.0726
172.12285 -3332.3048
172.12839 -3886.3905
172.12839 -3893.1257
172.145 -3265.0693
172.145 -3271.7747
172.16161 -2913.8863
172.16161 -2920.5965
172.17822 -4041.2319
172.17822 -4047.9609
172.19482 -3952.395
172.19482 -3959.0956
172.21143 -3124.231
172.21143 -3130.9471
172.22804 -3191.3862
172.22804 -3198.1048
172.23358 -3442.1906
172.24465 -3542.5158
172.24465 -3549.2236
172.26126 -3442.8932
172.26126 -3449.622
172.27787 -3103.43
172.27787 -3110.1521
172.28894 -3910.1776
172.29448 -3179.4354
172.29448 -3186.1548
172.31109 -3535.8889
172.31109 -3542.6073
172.32769 -3630.5648
172.32769 -3637.2976
172.3443 -3161.0904
172.3443 -3167.8082
172.36091 -3387.3578
172.36091 -3394.0589
172.37752 -3771.0734
172.37752 -3777.7989
172.39413 -2940.25
172.39413 -2946.9634
172.39967 -3041.5698
172.41074 -3178.2812
172.41074 -3184.9931
172.42735 -3467.3943
172.42735 -3477.6581
172.44396 -2904.3601
172.44396 -2911.0579
172.45503 -3165.1448
172.46057 -2994.5504
172.46057 -3001.2459
172.47717 -3788.6785
172.47717 -3795.3794
172.49378 -3870.3512
172.49378 -3877.0431
172.51039 -3448.7071
172.51039 -3455.4277
172.527 -3708.9275
172.527 -3715.6318
172.54361 -3705.6584
172.54361 -3712.3793
172.56022 -3422.9541
172.56022 -3429.6744
172.56575 -3337.4887
172.57683 -3298.6967
172.57683 -3305.4249
172.59344 -4211.1144
172.59344 -4217.8303
172.61005 -3190.8043
172.61005 -3197.5036
172.62112 -3444.6178
172.62665 -3321.4597
172.62665 -3328.1465
172.64326 -3254.8631
172.64326 -3261.5505
172.65987 -3563.524
172.65987 -3570.218
172.67648 -3804.5307
172.67648 -3811.2224
172.69309 -3246.6173
172.69309 -3253.3138
172.7097 -3316.1012
172.7097 -3322.7888
172.72631 -3544.0625
172.72631 -3550.7431
172.73184 -3832.7372
172.74292 -3149.7743
172.74292 -3156.4448
172.75952 -2823.0983
172.75952 -2829.7798
172.77613 -3221.8625
172.77613 -3228.5398
172.78721 -3630.2477
172.79274 -3822.1038
172.79274 -3828.7772
172.80935 -3545.1663
172.80935 -3551.8438
172.82596 -3241.7916
172.82596 -3248.4667
172.84257 -3771.6681
172.84257 -3778.3309
172.85918 -3522.0587
172.85918 -3528.7278
172.87579 -3658.1689
172.87579 -3664.8528
172.8924 -3620.6579
172.8924 -3627.3279
172.89793 -3878.5946
172.909 -3285.1979
172.909 -3291.8583
172.92561 -3559.4261
172.92561 -3566.0787
172.94222 -3407.6697
172.94222 -3414.3343
172.95329 -3500.51
172.95883 -3596.2146
172.95883 -3602.8683
172.97544 -3610.4594
172.97544 -3617.0996
172.99205 -3765.6457
172.99205 -3772.2966
173.00866 -3344.5918
173.00866 -3351.242
173.02527 -3882.5419
173.02527 -3889.185
173.04187 -3580.5521
173.04187 -3587.2017
173.05848 -3681.3169
173.05848 -3687.9795
173.06402 -3342.6
173.07509 -3592.653
173.07509 -3599.3031
173.0917 -3593.1631
173.0917 -3599.8039
173.10831 -3350.0431
173.10831 -3356.6907
173.11938 -3726.9971
173.12492 -3425.1325
173.12492 -3431.7797
173.14153 -3705.5933
173.14153 -3712.2512
173.15814 -3565.7703
173.15814 -3572.4336
173.17475 -3293.1622
173.17475 -3299.803
173.19135 -3666.6116
173.19135 -3673.2477
173.20796 -3600.4632
173.20796 -3607.1127
173.22457 -2989.2236
173.22457 -2995.8668
173.23011 -3082.361
173.24118 -3141.1263
173.24118 -3147.7728
173.25779 -3408.1589
173.25779 -3414.8217
173.2744 -3090.6747
173.2744 -3097.3356
173.28547 -3594.9265
173.29101 -3498.8677
173.29101 -3505.5309
173.30762 -3825.3994
173.30762 -3832.0348
173.32422 -3732.9877
173.32422 -3739.636
173.34083 -3235.8242
173.34083 -3242.4658
173.35744 -3607.7082
173.35744 -3614.3574
173.37405 -3633.3961
173.37405 -3640.0657
173.39066 -3371.4607
173.39066 -3378.0989
173.3962 -3732.1903
173.40727 -3425.0363
173.40727 -3431.6904
173.42388 -3684.5594
173.42388 -3691.216
173.44049 -3496.9665
173.44049 -3503.6202
173.45156 -3612.7157
173.4571 -3491.4841
173.4571 -3498.1555
173.4737 -3518.5552
173.4737 -3525.2055
173.49031 -3653.0605
173.49031 -3659.7061
173.50692 -3493.2068
173.50692 -3499.8459
173.52353 -3885.2368
173.52353 -3891.8813
173.54014 -3494.999
173.54014 -3501.6384
173.55675 -3099.588
173.55675 -3106.2304
173.56228 -3504.7041
173.57336 -3486.748
173.57336 -3493.3893
173.58997 -3601.8396
173.58997 -3608.4555
173.60657 -3284.3045
173.60657 -3290.935
173.61765 -3485.6383
173.62318 -3475.1856
173.62318 -3481.8391
173.63979 -3872.3008
173.63979 -3878.9472
173.6564 -2923.2713
173.6564 -2929.9185
173.67301 -3385.5108
173.67301 -3392.1581
173.68962 -3382.5721
173.68962 -3389.2249
173.70623 -3503.2529
173.70623 -3509.8956
173.72284 -3085.6202
173.72284 -3092.2737
173.72837 -3270.4774
173.73945 -3205.3228
173.73945 -3211.9739
173.75605 -3123.2934
173.75605 -3129.9216
173.77266 -3272.2091
173.77266 -3278.8489
173.78374 -3331.8161
173.78927 -3207.8685
173.78927 -3214.5285
173.80588 -3297.8936
173.80588 -3304.5399
173.82249 -3312.8177
173.82249 -3319.4738
173.8391 -3362.8953
173.8391 -3369.5403
173.85571 -3264.6837
173.85571 -3271.3312
173.87232 -3170.1209
173.87232 -3176.7638
173.88893 -3616.6845
173.88893 -3623.3288
173.89446 -3457.7257
173.90553 -3188.949
173.90553 -3195.5991
173.92214 -3482.9969
173.92214 -3489.6212
173.93875 -3800.2766
173.93875 -3806.8819
173.94982 -3598.5333
173.95536 -3385.1728
173.95536 -3391.7989
173.97197 -3238.4859
173.97197 -3245.1092
173.98858 -3101.2154
173.98858 -3107.8571
174.00519 -3587.9784
174.00519 -3594.6063
174.0218 -3414.75
174.0218 -3421.3704
174.0384 -3283.9828
174.0384 -3290.6206
174.05501 -3545.129
174.05501 -3551.7633
174.06055 -3655.6489
174.07162 -3747.6976
174.07162 -3754.322
174.08823 -3562.2323
174.08823 -3568.8551
174.10484 -3470.6936
174.10484 -3477.3085
174.11591 -3721.6896
174.12145 -3357.2832
174.12145 -3363.902
174.13806 -3930.543
174.13806 -3937.1577
174.15467 -3534.5847
174.15467 -3541.2056
174.17128 -3274.2299
174.17128 -3280.8508
174.18788 -3075.4023
174.18788 -3082.0144
174.20449 -3431.2937
174.20449 -3437.9258
174.2211 -3315.6584
174.2211 -3322.278
174.22664 -3767.7962
174.23771 -2945.2127
174.23771 -2951.8372
174.25432 -3536.0649
174.25432 -3542.6924
174.27093 -3743.9061
174.27093 -3750.504
174.282 -3538.0305
174.28754 -3824.7118
174.28754 -3831.341
174.30415 -3595.5711
174.30415 -3602.1837
174.32075 -3534.4162
174.32075 -3541.0373
174.33736 -3812.2709
174.33736 -3818.8852
174.35397 -3481.1431
174.35397 -3487.7761
174.37058 -3220.4417
174.37058 -3227.0603
174.38719 -3382.6428
174.38719 -3389.2789
174.39273 -3241.2921
174.4038 -3564.0754
174.4038 -3570.7069
174.42041 -3436.3757
174.42041 -3442.9986
174.43702 -3052.5267
174.43702 -3059.1514
174.44809 -3373.3394
174.45363 -4145.2001
174.45363 -4151.8158
174.47023 -3476.265
174.47023 -3482.8846
174.48684 -3373.4077
174.48684 -3380.0237
174.50345 -3787.1561
174.50345 -3793.7706
174.52006 -3285.2941
174.52006 -3291.9064
174.53667 -3489.1262
174.53667 -3495.7242
174.55328 -3364.3433
174.55328 -3370.9539
174.55881 -3388.9461
174.56989 -3734.8485
174.56989 -3741.4546
174.5865 -3715.7974
174.5865 -3722.4157
174.6031 -3660.8948
174.6031 -3667.5154
174.61418 -3987.9375
174.61971 -3293.8654
174.61971 -3300.4851
174.63632 -3566.008
174.63632 -3572.609
174.65293 -3754.2731
174.65293 -3760.8767
174.66954 -3294.761
174.66954 -3301.3636
174.68615 -3341.9176
174.68615 -3348.5293
174.70276 -3674.6581
174.70276 -3681.2528
174.71937 -3606.2371
174.71937 -3612.8217
174.7249 -3674.92
174.73598 -3231.5348
174.73598 -3238.1433
174.75258 -3591.7424
174.75258 -3598.3486
174.76919 -3865.4317
174.76919 -3872.01
174.78027 -3580.0127
174.7858 -3507.6708
174.7858 -3514.2659
174.80241 -3180.3631
174.80241 -3186.9398
174.81902 -3764.4005
174.81902 -3770.9985
174.83563 -3123.6198
174.83563 -3130.2138
174.85224 -3318.851
174.85224 -3325.455
174.86885 -3655.4635
174.86885 -3662.0721
174.88545 -3410.6679
174.88545 -3417.2808
174.89099 -3031.3928
174.90206 -3252.0157
174.90206 -3258.6206
174.91867 -3184.5267
174.91867 -3191.1356
174.93528 -4109.5921
174.93528 -4116.1951
174.94635 -3779.7462
174.95189 -3946.4933
174.95189 -3953.0881
174.9685 -3107.7778
174.9685 -3114.3605
174.98511 -3358.388
174.98511 -3364.9772
175.00172 -3703.5013
175.00172 -3710.0963
175.01833 -3619.4267
175.01833 -3626.0164
175.03493 -3361.2121
175.03493 -3367.805
175.05154 -3539.6408
175.05154 -3546.2217
175.05708 -3595.8032
175.06815 -3384.9
175.06815 -3391.4912
175.08476 -3564.0303
175.08476 -3570.6186
175.10137 -3685.862
175.10137 -3692.4556
175.11244 -3474.1425
175.11798 -3274.9386
175.11798 -3281.5243
175.13459 -3737.9598
175.13459 -3744.5132
175.1512 -3586.119
175.1512 -3592.6831
175.16781 -3698.7087
175.16781 -3705.2715
175.18441 -3792.9547
175.18441 -3799.5294
175.20102 -3416.6932
175.20102 -3423.2716
175.21763 -3734.7243
175.21763 -3741.3077
175.22317 -3593.4487
175.23424 -3507.8597
175.23424 -3514.4378
175.25085 -3771.3502
175.25085 -3777.9195
175.26746 -3869.6288
175.26746 -3876.2254
175.27853 -3320.7494
175.28407 -3358.9803
175.28407 -3365.565
175.30068 -3254.8985
175.30068 -3261.4531
175.31728 -3327.385
175.31728 -3333.9488
175.33389 -3839.1897
175.33389 -3845.7818
175.3505 -3244.872
175.3505 -3251.4568
175.36711 -3257.9588
175.36711 -3264.5421
175.38372 -3343.7731
175.38372 -3350.3592
175.38926 -3131.8057
175.40033 -3262.9227
175.40033 -3269.5128
175.41694 -3339.2457
175.41694 -3345.809
175.43355 -3449.5645
175.43355 -3456.1422
175.44462 -3809.2731
175.45016 -3467.438
175.45016 -3474.0038
175.46676 -3181.4863
175.46676 -3188.0556
175.48337 -3123.2803
175.48337 -3129.8327
175.49998 -3368.6495
175.49998 -3375.2147
175.51659 -3448.3974
175.51659 -3454.955
175.5332 -3400.1598
175.5332 -3406.7172
175.54981 -3524.0836
175.54981 -3530.6466
175.55534 -3847.7919
175.56642 -3615.2497
175.56642 -3621.8097
175.58303 -3351.9456
175.58303 -3358.5087
175.59963 -3347.3363
175.59963 -3353.8887
175.61071 -4000.0154
175.61624 -3653.3452
175.61624 -3659.9162
175.63285 -3332.726
175.63285 -3339.2901
175.64946 -3602.068
175.64946 -3608.6569
175.66607 -3817.2691
175.66607 -3823.851
175.68268 -3421.4067
175.68268 -3427.9758
175.69929 -3389.2426
175.69929 -3395.8069
175.7159 -3853.8498
175.7159 -3860.4193
175.72143 -4163.0444
175.73251 -3390.6746
175.73251 -3397.2228
175.74911 -2832.2427
175.74911 -2838.8184
175.76572 -3515.7895
175.76572 -3522.3593
175.7768 -3213.6463
175.78233 -3901.5683
175.78233 -3908.1362
175.79894 -3099.6331
175.79894 -3106.2068
175.81555 -3183.5341
175.81555 -3190.109
175.83216 -3769.5124
175.83216 -3776.0955
175.84877 -3490.9663
175.84877 -3497.5425
175.86538 -3143.0415
175.86538 -3149.6269
175.88198 -3293.8734
175.88198 -3300.4549
175.88752 -3336.5405
175.89859 -3814.4524
175.89859 -3821.042
175.9152 -3847.6004
175.9152 -3854.1918
175.93181 -3599.768
175.93181 -3606.3331
175.94288 -3703.5858
175.94842 -3753.4738
175.94842 -3760.0336
175.96503 -3605.7679
175.96503 -3612.3497
175.98164 -3126.2793
175.98164 -3132.8454
175.99825 -3740.4035
175.99825 -3746.9781
176.01486 -3976.016
176.01486 -3982.5876
176.03146 -3354.9886
176.03146 -3361.5593
176.04807 -3252.9056
176.04807 -3259.4651
176.05361 -3439.6264
176.06468 -3769.0369
176.06468 -3775.5969
176.08129 -3928.0855
176.08129 -3934.6337
176.0979 -3352.0828
176.0979 -3358.6176
176.10897 -3591.3261
176.11451 -3139.8296
176.11451 -3146.3771
176.13112 -3851.6631
176.13112 -3858.2184
176.14773 -3581.9466
176.14773 -3588.5281
176.16433 -3781.5517
176.16433 -3788.1111
176.18094 -3387.2666
176.18094 -3393.8274
176.19755 -3807.4028
176.19755 -3813.9689
176.21416 -3637.0478
176.21416 -3643.6072
176.2197 -3691.728
176.23077 -3543.113
176.23077 -3549.668
176.24738 -3539.3117
176.24738 -3545.8711
176.26399 -3820.9008
176.26399 -3827.4547
176.27506 -3558.4837
176.2806 -3576.8863
176.2806 -3583.4359
176.29721 -3360.6807
176.29721 -3367.25
176.31381 -3458.0782
176.31381 -3464.6309
176.33042 -3126.3512
176.33042 -3132.8913
176.34703 -3732.5949
176.34703 -3739.1542
176.36364 -3570.5304
176.36364 -3577.0925
176.38025 -3713.7916
176.38025 -3720.3697
176.38579 -3213.9933
176.39686 -3395.1068
176.39686 -3401.6828
176.41347 -3586.4196
176.41347 -3592.9965
176.43008 -3308.4545
176.43008 -3315.0148
176.44115 -3463.6756
176.44669 -3505.9692
176.44669 -3512.5305
176.46329 -3527.2618
176.46329 -3533.8251
176.4799 -3593.7171
176.4799 -3600.2913
176.49651 -3124.1496
176.49651 -3130.7172
176.51312 -3351.1336
176.51312 -3357.7073
176.52973 -3575.0761
176.52973 -3581.635
176.54634 -3391.9954
176.54634 -3398.5396
176.55187 -3744.2239
176.56295 -3695.6684
176.56295 -3702.2157
176.57956 -3663.2249
176.57956 -3669.7712
176.59616 -3731.8623
176.59616 -3738.4074
176.60724 -3369.433
176.61277 -3484.0428
176.61277 -3490.5944
176.62938 -3164.6484
176.62938 -3171.2071
176.64599 -3477.7746
176.64599 -3484.3337
176.6626 -3571.3787
176.6626 -3577.9164
176.67921 -3283.0839
176.67921 -3289.6104
176.69582 -3762.3143
176.69582 -3768.8361
176.71243 -3304.7719
176.71243 -3311.3188
176.71796 -3599.4333
176.72904 -3431.7633
176.72904 -3438.3073
176.74564 -2751.553
176.74564 -2758.1022
176.76225 -3315.9873
176.76225 -3322.5297
176.77333 -3933.3372
176.77886 -3983.7927
176.77886 -3990.3277
176.79547 -3444.5916
176.79547 -3451.1219
176.81208 -3486.7003
176.81208 -3493.2373
176.82869 -3766.3751
176.82869 -3772.9011
176.8453 -3245.3857
176.8453 -3251.914
176.86191 -3685.8906
176.86191 -3692.4081
176.87851 -3688.4285
176.87851 -3694.9581
176.88405 -3442.9653
176.89512 -3797.0657
176.89512 -3803.5905
176.91173 -3661.0706
176.91173 -3667.5949
176.92834 -3771.3431
176.92834 -3777.8847
176.93941 -4103.4902
176.94495 -3895.8296
176.94495 -3902.3421
176.96156 -3647.7303
176.96156 -3654.2337
176.97817 -3777.1496
176.97817 -3783.673
176.99478 -3841.5446
176.99478 -3848.0673
177.01139 -3797.064
177.01139 -3803.5808
177.02799 -3557.399
177.02799 -3563.9231
177.0446 -3477.0786
177.0446 -3483.6175
177.05014 -3819.165
177.06121 -3421.2334
177.06121 -3427.7438
177.07782 -3741.5975
177.07782 -3748.104
177.09443 -3617.6991
177.09443 -3624.2137
177.1055 -3211.6599
177.11104 -3115.7872
177.11104 -3122.2979
177.12765 -3394.0967
177.12765 -3400.6149
177.14426 -3440.9321
177.14426 -3447.4385
177.16086 -3749.9563
177.16086 -3756.4716
177.17747 -3608.2877
177.17747 -3614.804
177.19408 -3723.2697
177.19408 -3729.7727
177.21069 -4129.6374
177.21069 -4136.1448
177.21623 -4020.3949
177.2273 -3701.6218
177.2273 -3708.1038
177.24391 -3878.9998
177.24391 -3885.4962
177.26052 -3170.5935
177.26052 -3177.0832
177.27159 -3549.8749
177.27713 -3571.8352
177.27713 -3578.3263
177.29374 -3492.8516
177.29374 -3499.362
177.31034 -3374.946
177.31034 -3381.448
177.32695 -3733.0349
177.32695 -3739.5389
177.34356 -3450.5502
177.34356 -3457.0601
177.36017 -4077.4723
177.36017 -4083.9615
177.37678 -4032.5426
177.37678 -4039.0321
177.38232 -3933.0592
177.39339 -3720.0418
177.39339 -3726.5495
177.41 -3557.7788
177.41 -3564.2822
177.42661 -3756.1946
177.42661 -3762.6853
177.43768 -3435.2222
177.44321 -3750.2094
177.44321 -3756.7074
177.45982 -3656.9654
177.45982 -3663.4728
177.47643 -3569.0045
177.47643 -3575.4945
177.49304 -3348.4575
177.49304 -3354.9646
177.50965 -3636.8764
177.50965 -3643.3938
177.52626 -3359.601
177.52626 -3366.1148
177.54287 -3389.3487
177.54287 -3395.8644
177.5484 -3311.1738
177.55948 -3617.6887
177.55948 -3624.1973
177.57609 -3776.0654
177.57609 -3782.5583
177.59269 -3753.0845
177.59269 -3759.5898
177.60377 -3668.4036
177.6093 -3633.7065
177.6093 -3640.1904
177.62591 -3812.1523
177.62591 -3818.6492
177.64252 -3634.742
177.64252 -3641.2326
177.65913 -3250.7636
177.65913 -3257.2668
177.67574 -3982.2186
177.67574 -3988.7242
177.69235 -3654.7934
177.69235 -3661.3016
177.70896 -3714.0148
177.70896 -3720.5222
177.71449 -3944.0079
177.72557 -3970.1174
177.72557 -3976.6193
177.74217 -3451.935
177.74217 -3458.4233
177.75878 -3783.9176
177.75878 -3790.4226
177.76986 -3709.272
177.77539 -4118.3927
177.77539 -4124.882
177.792 -3760.5452
177.792 -3767.0417
177.80861 -3501.3996
177.80861 -3507.868
177.82522 -3798.9994
177.82522 -3805.4644
177.84183 -4003.9841
177.84183 -4010.445
177.85844 -3678.4813
177.85844 -3684.9274
177.87504 -3456.5225
177.87504 -3462.9806
177.88058 -3654.8017
177.89165 -3682.0297
177.89165 -3688.4886
177.90826 -3682.3541
177.90826 -3688.8204
177.92487 -4045.6602
177.92487 -4052.1249
177.93594 -3823.6417
177.94148 -3652.2214
177.94148 -3658.6991
177.95809 -3458.7853
177.95809 -3465.2603
177.9747 -3717.64
177.9747 -3724.1169
177.99131 -3581.7756
177.99131 -3588.2579
178.00792 -3641.5316
178.00792 -3648.0107
178.02452 -3594.166
178.02452 -3600.6461
178.04113 -3887.5199
178.04113 -3894.0111
178.04667 -3576.4839
178.05774 -3446.7247
178.05774 -3453.2035
178.07435 -4049.5036
178.07435 -4055.9858
178.09096 -4042.5227
178.09096 -4048.9934
178.10203 -3831.0108
178.10757 -3721.8951
178.10757 -3728.3781
178.12418 -3493.4017
178.12418 -3499.8924
178.14079 -3458.9577
178.14079 -3465.4338
178.15739 -3544.0867
178.15739 -3550.5659
178.174 -3821.2511
178.174 -3827.747
178.19061 -3369.8847
178.19061 -3376.3678
178.20722 -3444.4358
178.20722 -3450.9185
178.21276 -3361.3389
178.22383 -3709.3647
178.22383 -3715.8484
178.24044 -3964.8816
178.24044 -3971.3645
178.25705 -3655.4636
178.25705 -3661.9527
178.26812 -3495.3964
178.27366 -3278.2449
178.27366 -3284.7267
178.29027 -3631.6698
178.29027 -3638.147
178.30687 -3519.6432
178.30687 -3526.1392
178.32348 -3666.6982
178.32348 -3673.1821
178.34009 -3824.3722
178.34009 -3830.8428
178.3567 -3486.5098
178.3567 -3492.9853
178.37331 -3952.0675
178.37331 -3958.5701
178.37885 -3989.6081
178.38992 -3559.648
178.38992 -3566.1343
178.40653 -3645.7125
178.40653 -3652.2116
178.42314 -3700.7819
178.42314 -3707.2787
178.43421 -3603.9567
178.43974 -3429.7408
178.43974 -3436.2272
178.45635 -3992.5841
178.45635 -3999.0704
178.47296 -3977.0432
178.47296 -3983.5105
178.48957 -3763.457
178.48957 -3769.933
178.50618 -3476.0842
178.50618 -3482.5619
178.52279 -3450.1622
178.52279 -3456.6255
178.5394 -3679.4663
178.5394 -3685.9361
178.54493 -3591.4293
178.55601 -3656.3207
178.55601 -3662.8088
178.57262 -3398.4326
178.57262 -3404.9389
178.58922 -3345.98
178.58922 -3352.4489
178.6003 -3562.7773
178.60583 -3505.0649
178.60583 -3511.5485
178.62244 -3899.6504
178.62244 -3906.1387
178.63905 -3513.5821
178.63905 -3520.0611
178.65566 -3705.3366
178.65566 -3711.8196
178.67227 -3646.2346
178.67227 -3652.7095
178.68888 -3594.434
178.68888 -3600.9057
178.70549 -3597.2102
178.70549 -3603.6766
178.71102 -3662.0788
178.72209 -3704.5414
178.72209 -3711.0176
178.7387 -3830.0284
178.7387 -3836.5149
178.75531 -3721.6046
178.75531 -3728.0791
178.76639 -3863.9297
178.77192 -3768.4633
178.77192 -3774.9377
178.78853 -4053.4177
178.78853 -4059.889
178.80514 -3483.3589
178.80514 -3489.8306
178.82175 -3382.633
178.82175 -3389.1143
178.83836 -3861.8044
178.83836 -3868.302
178.85497 -3766.5243
178.85497 -3773.0107
178.87157 -3435.1854
178.87157 -3441.6712
178.87711 -3641.6948
178.88818 -3703.4338
178.88818 -3709.9024
178.90479 -4180.5357
178.90479 -4186.9974
178.9214 -4150.5445
178.9214 -4157.0013
178.93247 -3656.9773
178.93801 -3618.09
178.93801 -3624.5613
178.95462 -3871.4369
178.95462 -3877.9043
178.97123 -3918.5422
178.97123 -3925.0092
178.98784 -3828.1886
178.98784 -3834.6577
179.00445 -3333.6563
179.00445 -3340.1168
179.02105 -3442.1712
179.02105 -3448.6433
179.03766 -3710.7483
179.03766 -3717.2275
179.0432 -3607.7749
179.05427 -3714.2274
179.05427 -3720.6812
179.07088 -3643.7305
179.07088 -3650.1826
179.08749 -3855.1151
179.08749 -3861.5582
179.09856 -3514.5847
179.1041 -3856.5625
179.1041 -3862.9905
179.12071 -3670.4909
179.12071 -3676.9154
179.13732 -3842.7157
179.13732 -3849.1701
179.15392 -3718.0116
179.15392 -3724.4722
179.17053 -3778.2995
179.17053 -3784.7558
179.18714 -3747.1464
179.18714 -3753.619
179.20375 -3755.9279
179.20375 -3762.3964
179.20929 -3596.713
179.22036 -3921.2479
179.22036 -3927.7047
179.23697 -3672.7048
179.23697 -3679.1717
179.25358 -3773.7927
179.25358 -3780.2409
179.26465 -3693.6799
179.27019 -3651.8545
179.27019 -3658.3071
179.2868 -3479.5288
179.2868 -3485.9756
179.3034 -3528.1782
179.3034 -3534.6233
179.32001 -3577.7494
179.32001 -3584.2002
179.33662 -3727.2295
179.33662 -3733.6692
179.35323 -3653.8196
179.35323 -3660.2628
179.36984 -4000.6871
179.36984 -4007.1196
179.37538 -3420.3004
179.38645 -3570.7475
179.38645 -3577.1842
179.40306 -3520.9304
179.40306 -3527.3924
179.41967 -3649.8901
179.41967 -3656.3302
179.43074 -3305.0593
179.43627 -3392.9782
179.43627 -3399.4349
179.45288 -3401.673
179.45288 -3408.128
179.46949 -3850.2181
179.46949 -3856.6816
179.4861 -3481.6706
179.4861 -3488.1147
179.50271 -3704.3122
179.50271 -3710.7709
179.51932 -3692.6164
179.51932 -3699.0886
179.53593 -3677.8706
179.53593 -3684.3152
179.54146 -3524.0619
179.55254 -3828.7483
179.55254 -3835.2278
179.56915 -3418.4985
179.56915 -3424.9572
179.58575 -4008.5237
179.58575 -4014.9754
179.59683 -4008.9164
179.60236 -3905.8647
179.60236 -3912.306
179.61897 -3681.0289
179.61897 -3687.4628
179.63558 -3906.6913
179.63558 -3913.145
179.65219 -3586.1368
179.65219 -3592.5822
179.6688 -3974.4515
179.6688 -3980.9011
179.68541 -3960.6033
179.68541 -3967.0763
179.70202 -3355.1835
179.70202 -3361.6459
179.70755 -3456.6761
179.71862 -3950.52
179.71862 -3956.9872
179.73523 -3659.1956
179.73523 -3665.6512
179.75184 -3908.4258
179.75184 -3914.895
179.76291 -3849.8484
179.76845 -3614.3977
179.76845 -3620.8488
179.78506 -3652.7979
179.78506 -3659.255
179.80167 -3764.6917
179.80167 -3771.1419
179.81828 -3449.0126
179.81828 -3455.4475
179.83489 -3954.1812
179.83489 -3960.6316
179.8515 -3856.7247
179.8515 -3863.1576
179.8681 -3936.2164
179.8681 -3942.66
179.87364 -4011.2142
179.88471 -3541.4964
179.88471 -3547.9318
179.90132 -3902.294
179.90132 -3908.7204
179.91793 -4235.2977
179.91793 -4241.7319
179.929 -3608.3266
179.93454 -3833.5822
179.93454 -3840.0244
179.95115 -3914.1434
179.95115 -3920.5599
179.96776 -4209.6445
179.96776 -4216.0843
179.98437 -3978.8655
179.98437 -3985.3076
180.00097 -3780.7701
180.00097 -3787.1798
180.01758 -3769.8226
180.01758 -3776.2612
180.03419 -3760.9682
180.03419 -3767.4117
180.03973 -3587.9239
180.0508 -3796.7518
180.0508 -3803.199
180.06741 -3625.7927
180.06741 -3632.2453
180.08402 -4124.3396
180.08402 -4130.7741
180.09509 -4096.0183
180.10063 -3823.7216
180.10063 -3830.1539
180.11724 -3872.7378
180.11724 -3879.1657
180.13385 -3791.2044
180.13385 -3797.6236
180.15045 -3848.0176
180.15045 -3854.4377
180.16706 -3810.3905
180.16706 -3816.8221
180.18367 -3522.6076
180.18367 -3529.0358
180.20028 -3635.5114
180.20028 -3641.9381
180.20582 -3329.7287
180.21689 -3853.5136
180.21689 -3859.9303
180.2335 -4014.0384
180.2335 -4020.471
180.25011 -3606.1687
180.25011 -3612.5924
180.26118 -3591.953
180.26672 -3369.6417
180.26672 -3376.0835
180.28333 -3378.4301
180.28333 -3384.8595
180.29993 -3984.5597
180.29993 -3990.983
180.31654 -3853.8283
180.31654 -3860.235
180.33315 -3674.1816
180.33315 -3680.5797
180.34976 -3793.709
180.34976 -3800.1285
180.36637 -4089.9125
180.36637 -4096.3255
180.37191 -3481.1549
180.38298 -3921.5823
180.38298 -3928.0014
180.39959 -3642.9829
180.39959 -3649.3982
180.4162 -4057.0241
180.4162 -4063.4328
180.42727 -3988.3208
180.4328 -4125.6716
180.4328 -4132.0949
180.44941 -3862.9102
180.44941 -3869.3303
180.46602 -4119.9639
180.46602 -4126.3833
180.48263 -4113.7752
180.48263 -4120.1904
180.49924 -3506.3244
180.49924 -3512.7283
180.51585 -3547.515
180.51585 -3553.9199
180.53246 -3984.9867
180.53246 -3991.3922
180.53799 -3428.7056
180.54907 -3465.1797
180.54907 -3471.5767
180.56568 -3731.9314
180.56568 -3738.3422
180.58228 -3706.6368
180.58228 -3713.0291
180.59336 -3769.816
180.59889 -3731.0237
180.59889 -3737.4349
180.6155 -3866.3409
180.6155 -3872.7375
180.63211 -4308.7548
180.63211 -4315.1583
180.64872 -3844.149
180.64872 -3850.5414
180.66533 -3434.0446
180.66533 -3440.4353
180.68194 -3694.4765
180.68194 -3700.8716
180.69855 -3763.3452
180.69855 -3769.7495
180.70408 -3797.5428
180.71515 -4046.8828
180.71515 -4053.2833
180.73176 -3823.409
180.73176 -3829.7966
180.74837 -3804.7616
180.74837 -3811.1508
180.75944 -4017.5469
180.76498 -3639.4401
180.76498 -3645.834
180.78159 -3484.4706
180.78159 -3490.8619
180.7982 -3815.4936
180.7982 -3821.8909
180.81481 -4097.8213
180.81481 -4104.2362
180.83142 -4050.6918
180.83142 -4057.0988
180.84803 -4140.434
180.84803 -4146.8332
180.86463 -3582.4187
180.86463 -3588.8393
180.87017 -3215.7038
180.88124 -3916.6918
180.88124 -3923.1006
180.89785 -3952.175
180.89785 -3958.5926
180.91446 -3396.0582
180.91446 -3402.4616
180.92553 -3619.9875
180.93107 -3688.8269
180.93107 -3695.2236
180.94768 -4232.9387
180.94768 -4239.3235
180.96429 -4304.0178
180.96429 -4310.4195
180.9809 -3732.7037
180.9809 -3739.0912
180.9975 -3991.6301
180.9975 -3998.0068
181.01411 -3728.0395
181.01411 -3734.4518
181.03072 -3597.8272
181.03072 -3604.2113
181.03626 -3580.0417
181.04733 -3994.3048
181.04733 -4000.6967
181.06394 -3410.0653
181.06394 -3416.4708
181.08055 -4075.1248
181.08055 -4081.5164
181.09162 -3690.5513
181.09716 -4126.4618
181.09716 -4132.8444
181.11377 -3823.998
181.11377 -3830.3907
181.13038 -3936.7064
181.13038 -3943.101
181.14698 -3855.1039
181.14698 -3861.4943
181.16359 -3874.5437
181.16359 -3880.9336
181.1802 -4194.0999
181.1802 -4200.5048
181.19681 -3868.3882
181.19681 -3874.7881
181.20235 -3719.7788
181.21342 -3895.1033
181.21342 -3901.4758
181.23003 -3476.8027
181.23003 -3483.1841
181.24664 -3990.3317
181.24664 -3996.7105
181.25771 -3963.8059
181.26325 -4292.3577
181.26325 -4298.737
181.27985 -3891.2106
181.27985 -3897.5699
181.29646 -4175.8296
181.29646 -4182.1906
181.31307 -3818.7576
181.31307 -3825.128
181.32968 -4061.6779
181.32968 -4068.0494
181.34629 -4113.1101
181.34629 -4119.4881
181.3629 -3712.4268
181.3629 -3718.8104
181.36844 -3694.4823
181.37951 -3849.1193
181.37951 -3855.4933
181.39612 -3564.9166
181.39612 -3571.2939
181.41273 -3926.27
181.41273 -3932.6307
181.4238 -3875.5796
181.42933 -3919.9741
181.42933 -3926.3445
181.44594 -4264.1348
181.44594 -4270.5049
181.46255 -4046.4816
181.46255 -4052.8342
181.47916 -3756.1572
181.47916 -3762.5177
181.49577 -4027.7344
181.49577 -4034.0852
181.51238 -3998.2611
181.51238 -4004.6198
181.52899 -3570.4447
181.52899 -3576.806
181.53452 -3553.2812
181.5456 -3862.5222
181.5456 -3868.8811
181.56221 -4031.2374
181.56221 -4037.5972
181.57881 -3526.3108
181.57881 -3532.6884
181.58989 -3649.3754
181.59542 -3936.6629
181.59542 -3943.0508
181.61203 -4051.2287
181.61203 -4057.6168
181.62864 -4030.8473
181.62864 -4037.207
181.64525 -3767.369
181.64525 -3773.7549
181.66186 -3742.0607
181.66186 -3748.444
181.67847 -3614.8748
181.67847 -3621.2484
181.69508 -3631.2111
181.69508 -3637.573
181.70061 -3779.2288
181.71168 -3981.8125
181.71168 -3988.204
181.72829 -3833.6169
181.72829 -3839.997
181.7449 -3791.8815
181.7449 -3798.2451
181.75597 -4022.7459
181.76151 -4256.3494
181.76151 -4262.7115
181.77812 -3602.0526
181.77812 -3608.4145
181.79473 -3958.4661
181.79473 -3964.8075
181.81134 -3925.3938
181.81134 -3931.7295
181.82795 -3419.4898
181.82795 -3425.8333
181.84456 -3706.3852
181.84456 -3712.7417
181.86116 -3919.8125
181.86116 -3926.1597
181.8667 -3701.2456
181.87777 -4090.2933
181.87777 -4096.6404
181.89438 -3645.0169
181.89438 -3651.362
181.91099 -3537.5111
181.91099 -3543.86
181.92206 -4142.9612
181.9276 -3731.1205
181.9276 -3737.486
181.94421 -3615.5827
181.94421 -3621.9557
181.96082 -3889.893
181.96082 -3896.2648
181.97743 -4115.0745
181.97743 -4121.4341
181.99403 -3683.3809
181.99403 -3689.7569
182.01064 -3824.316
182.01064 -3830.6673
182.02725 -4055.8961
182.02725 -4062.2592
182.03279 -4369.4401
182.04386 -3545.307
182.04386 -3551.6791
182.06047 -4006.2647
182.06047 -4012.642
182.07708 -3706.7543
182.07708 -3713.1111
182.08815 -3723.505
182.09369 -3616.8581
182.09369 -3623.21
182.1103 -3997.4485
182.1103 -4003.7944
182.12691 -3791.1869
182.12691 -3797.5395
182.14351 -3702.0771
182.14351 -3708.4283
182.16012 -3797.1981
182.16012 -3803.5508
182.17673 -4090.3744
182.17673 -4096.734
182.19334 -4170.1986
182.19334 -4176.5651
182.19888 -4278.7061
182.20995 -3969.1206
182.20995 -3975.4587
182.22656 -3720.0713
182.22656 -3726.4035
182.24317 -4088.6324
182.24317 -4094.9868
182.25424 -3885.3831
182.25978 -3696.7597
182.25978 -3703.1143
182.27638 -3680.3234
182.27638 -3686.6734
182.29299 -3880.2612
182.29299 -3886.6059
182.3096 -4445.4195
182.3096 -4451.7685
182.32621 -3880.7137
182.32621 -3887.0489
182.34282 -3711.9226
182.34282 -3718.2572
182.35943 -3786.6044
182.35943 -3792.948
182.36497 -4178.7355
182.37604 -3835.1922
182.37604 -3841.5205
182.39265 -3601.5866
182.39265 -3607.9409
182.40926 -3609.785
182.40926 -3616.1314
182.42033 -3962.5216
182.42586 -3873.9257
182.42586 -3880.2811
182.44247 -4130.1685
182.44247 -4136.5259
182.45908 -3772.5484
182.45908 -3778.8896
182.47569 -3818.8182
182.47569 -3825.1594
182.4923 -3590.9877
182.4923 -3597.3177
182.50891 -3929.1544
182.50891 -3935.4886
182.52552 -3723.3576
182.52552 -3729.6974
182.53105 -3864.9674
182.54213 -4329.2463
182.54213 -4335.5788
182.55873 -3976.1776
182.55873 -3982.5103
182.57534 -3830.421
182.57534 -3836.7457
182.58642 -4207.9756
182.59195 -4230.5663
182.59195 -4236.9152
182.60856 -3851.7158
182.60856 -3858.063
182.62517 -4098.333
182.62517 -4104.6714
182.64178 -3781.6001
182.64178 -3787.9358
182.65839 -3888.7189
182.65839 -3895.0421
182.675 -4497.6718
182.675 -4503.9957
182.69161 -4024.2853
182.69161 -4030.6196
182.69714 -3925.5421
182.70821 -4065.0953
182.70821 -4071.4135
182.72482 -3849.232
182.72482 -3855.5455
182.74143 -3744.8057
182.74143 -3751.1082
182.7525 -3538.1778
182.75804 -4113.776
182.75804 -4120.1088
182.77465 -3870.7993
182.77465 -3877.1234
182.79126 -3693.7216
182.79126 -3700.047
182.80787 -3940.9018
182.80787 -3947.213
182.82448 -3863.148
182.82448 -3869.4578
182.84109 -4016.0166
182.84109 -4022.3286
182.85769 -3617.4151
182.85769 -3623.7185
182.86323 -3328.9289
182.8743 -4290.3798
182.8743 -4296.6918
182.89091 -4013.2247
182.89091 -4019.5173
182.90752 -3555.7001
182.90752 -3562.011
182.91859 -4058.9547
182.92413 -3762.6472
182.92413 -3768.9567
182.94074 -3951.9277
182.94074 -3958.2418
182.95735 -3595.2856
182.95735 -3601.5848
182.97396 -3446.2548
182.97396 -3452.5582
182.99056 -4021.436
182.99056 -4027.7316
183.00717 -4158.7593
183.00717 -4165.067
183.02378 -3511.1953
183.02378 -3517.5156
183.02932 -3687.7632
183.04039 -3986.9105
183.04039 -3993.2199
183.057 -3711.9878
183.057 -3718.2886
183.07361 -3827.0695
183.07361 -3833.3669
183.08468 -3804.6288
183.09022 -3641.9354
183.09022 -3648.2299
183.10683 -3648.0075
183.10683 -3654.3097
183.12344 -4156.5726
183.12344 -4162.8801
183.14004 -3869.1931
183.14004 -3875.4701
183.15665 -4094.2066
183.15665 -4100.4955
183.17326 -4177.268
183.17326 -4183.5354
183.18987 -4104.5467
183.18987 -4110.8359
183.19541 -4171.4109
183.20648 -4132.1755
183.20648 -4138.4636
183.22309 -3940.6891
183.22309 -3946.9777
183.2397 -4149.4076
183.2397 -4155.692
183.25077 -4166.3354
183.25631 -3640.8601
183.25631 -3647.1512
183.27291 -3640.4241
183.27291 -3646.7229
183.28952 -4216.2335
183.28952 -4222.5296
183.30613 -3765.9525
183.30613 -3772.2474
183.32274 -3970.7304
183.32274 -3977.0186
183.33935 -4478.9228
183.33935 -4485.2113
183.35596 -4114.6143
183.35596 -4120.905
183.3615 -4349.8488
183.37257 -4040.5919
183.37257 -4046.8902
183.38918 -4120.0478
183.38918 -4126.3327
183.40579 -4115.6648
183.40579 -4121.9562
183.41686 -3954.2043
183.42239 -3777.3568
183.42239 -3783.6477
183.439 -4100.6263
183.439 -4106.9242
183.45561 -4307.5429
183.45561 -4313.8333
183.47222 -3933.697
183.47222 -3939.9891
183.48883 -4140.6485
183.48883 -4146.9399
183.50544 -4038.2493
183.50544 -4044.526
183.52205 -4232.3205
183.52205 -4238.6042
183.52758 -4216.6801
183.53866 -3741.3713
183.53866 -3747.6703
183.55526 -3899.9983
183.55526 -3906.2961
183.57187 -4200.3849
183.57187 -4206.6757
183.58295 -3565.5366
183.58848 -4014.555
183.58848 -4020.8352
183.60509 -4136.939
183.60509 -4143.2322
183.6217 -3944.4123
183.6217 -3950.7067
183.63831 -3918.8254
183.63831 -3925.1006
183.65492 -4198.3752
183.65492 -4204.6572
183.67153 -3947.8048
183.67153 -3954.0923
183.68814 -3686.255
183.68814 -3692.5383
183.69367 -3672.0632
183.70474 -3987.637
183.70474 -3993.8997
183.72135 -3903.612
183.72135 -3909.9058
183.73796 -4012.7748
183.73796 -4019.0275
183.74903 -4065.1509
183.75457 -4301.5913
183.75457 -4307.8517
183.77118 -4146.2873
183.77118 -4152.5432
183.78779 -3567.4837
183.78779 -3573.7502
183.8044 -3930.9718
183.8044 -3937.2278
183.82101 -4153.0757
183.82101 -4159.3328
183.83761 -4117.9664
183.83761 -4124.2231
183.85422 -3878.4299
183.85422 -3884.6821
183.85976 -3975.8422
183.87083 -4078.2923
183.87083 -4084.5546
183.88744 -4078.4265
183.88744 -4084.6833
183.90405 -3545.4886
183.90405 -3551.7517
183.91512 -3956.6521
183.92066 -4028.2287
183.92066 -4034.4825
183.93727 -4453.6561
183.93727 -4459.9125
183.95388 -4208.2036
183.95388 -4214.4865
183.97049 -3963.1451
183.97049 -3969.4118
183.98709 -4035.3504
183.98709 -4041.6115
184.0037 -4118.8571
184.0037 -4125.1126
184.02031 -3822.8341
184.02031 -3829.1015
184.02585 -3997.4893
184.03692 -4044.7306
184.03692 -4050.9916
184.05353 -4096.8153
184.05353 -4103.0739
184.07014 -3960.3394
184.07014 -3966.6038
184.08121 -3906.2434
184.08675 -3880.1302
184.08675 -3886.4183
184.10336 -4196.4562
184.10336 -4202.7206
184.11997 -3976.9571
184.11997 -3983.2132
184.13657 -3718.6262
184.13657 -3724.8746
184.15318 -3819.2081
184.15318 -3825.4623
184.16979 -3548.9229
184.16979 -3555.1778
184.1864 -3874.1126
184.1864 -3880.3879
184.19194 -3816.5666
184.20301 -3932.9396
184.20301 -3939.1954
184.21962 -3910.5318
184.21962 -3916.7866
184.23623 -4115.1415
184.23623 -4121.3905
184.2473 -3930.4379
184.25284 -3965.8584
184.25284 -3972.1102
184.26944 -3946.6682
184.26944 -3952.9276
184.28605 -3975.0453
184.28605 -3981.2884
184.30266 -3886.0441
184.30266 -3892.288
184.31927 -4108.7105
184.31927 -4114.9632
184.33588 -3444.3134
184.33588 -3450.5725
184.35249 -4206.3607
184.35249 -4212.6365
184.35802 -4348.8474
184.3691 -4104.4309
184.3691 -4110.6971
184.38571 -3748.8114
184.38571 -3755.0682
184.40232 -3899.6408
184.40232 -3905.9046
184.41339 -3968.7461
184.41892 -3816.4309
184.41892 -3822.6792
184.43553 -4244.1148
184.43553 -4250.3637
184.45214 -3815.7681
184.45214 -3822.0129
184.46875 -3663.1888
184.46875 -3669.4283
184.48536 -4117.3798
184.48536 -4123.6285
184.50197 -4116.5156
184.50197 -4122.7499
184.51858 -4439.4243
184.51858 -4445.6638
184.52411 -3983.0839
184.53519 -3686.0992
184.53519 -3692.3304
184.55179 -4534.2723
184.55179 -4540.5065
184.5684 -4284.1431
184.5684 -4290.3608
184.57948 -4149.0338
184.58501 -3740.0801
184.58501 -3746.3172
184.60162 -3924.9856
184.60162 -3931.2076
184.61823 -4183.4004
184.61823 -4189.6333
184.63484 -3916.4093
184.63484 -3922.6333
184.65145 -3976.2983
184.65145 -3982.5351
184.66806 -4459.623
184.66806 -4465.8802
184.68467 -4092.2547
184.68467 -4098.5073
184.6902 -4252.3218
184.70127 -3888.923
184.70127 -3895.1611
184.71788 -4137.5372
184.71788 -4143.7837
184.73449 -3844.3464
184.73449 -3850.5992
184.74556 -4087.876
184.7511 -3829.5105
184.7511 -3835.7541
184.76771 -4016.1519
184.76771 -4022.4016
184.78432 -4257.7002
184.78432 -4263.9515
184.80093 -4013.5876
184.80093 -4019.8379
184.81754 -4152.8528
184.81754 -4159.1092
184.83414 -4121.1034
184.83414 -4127.3546
184.85075 -3716.2475
184.85075 -3722.4941
184.85629 -4006.8733
184.86736 -4234.9525
184.86736 -4241.1889
184.88397 -4141.1017
184.88397 -4147.3391
184.90058 -4282.4195
184.90058 -4288.6711
184.91165 -3919.0246
184.91719 -4419.8699
184.91719 -4426.1158
184.9338 -3961.232
184.9338 -3967.4684
184.95041 -4315.2547
184.95041 -4321.4967
184.96702 -4505.9136
184.96702 -4512.1333
184.98362 -4205.1832
184.98362 -4211.4024
185.00023 -3945.5452
185.00023 -3951.766
185.01684 -4245.4507
185.01684 -4251.6748
185.02238 -3796.2205
185.03345 -4348.2079
185.03345 -4354.4286
185.05006 -3714.6903
185.05006 -3720.9184
185.06667 -4192.7196
185.06667 -4198.9379
185.07774 -4155.6269
185.08328 -4425.1091
185.08328 -4431.3275
185.09989 -4114.5842
185.09989 -4120.8204
185.11649 -3883.6782
185.11649 -3889.9021
185.1331 -4145.8809
185.1331 -4152.1083
185.14971 -4449.9877
185.14971 -4456.2043
185.16632 -3966.0517
185.16632 -3972.263
185.18293 -4103.6991
185.18293 -4109.926
185.18847 -4223.1872
185.19954 -4240.5372
185.19954 -4246.7504
185.21615 -4018.2808
185.21615 -4024.4929
185.23276 -3751.4285
185.23276 -3757.6452
185.24383 -3833.7345
185.24937 -4114.9956
185.24937 -4121.2159
185.26597 -4366.3888
185.26597 -4372.599
185.28258 -4043.5338
185.28258 -4049.7256
185.29919 -4316.4918
185.29919 -4322.7105
185.3158 -4103.7569
185.3158 -4109.9835
185.33241 -3923.0687
185.33241 -3929.2886
185.34902 -4350.7294
185.34902 -4356.9444
185.35455 -4207.0324
185.36563 -3699.5301
185.36563 -3705.762
185.38224 -4232.2131
185.38224 -4238.4307
185.39885 -4389.6955
185.39885 -4395.93
185.40992 -4116.9524
185.41545 -3888.1358
185.41545 -3894.3519
185.43206 -4271.6933
185.43206 -4277.9491
185.44867 -4290.1878
185.44867 -4296.416
185.46528 -4112.5965
185.46528 -4118.8195
185.48189 -3717.3344
185.48189 -3723.5683
185.4985 -4547.0195
185.4985 -4553.2564
185.51511 -4279.925
185.51511 -4286.144
185.52064 -4333.2338
185.53172 -3926.3878
185.53172 -3932.6185
185.54832 -4492.3319
185.54832 -4498.5714
185.56493 -4159.8337
185.56493 -4166.065
185.57601 -4252.1862
185.58154 -4187.358
185.58154 -4193.5854
185.59815 -4181.6192
185.59815 -4187.8605
185.61476 -4264.6059
185.61476 -4270.8238
185.63137 -4025.2451
185.63137 -4031.4794
185.64798 -3770.0615
185.64798 -3776.2701
185.66459 -4350.7386
185.66459 -4356.9532
185.6812 -3848.3226
185.6812 -3854.5335
185.68673 -3870.5784
185.6978 -3837.333
185.6978 -3843.5541
185.71441 -4130.4206
185.71441 -4136.6363
185.73102 -4124.9202
185.73102 -4131.1196
185.74209 -4162.3302
185.74763 -4111.1622
185.74763 -4117.3666
185.76424 -4084.109
185.76424 -4090.3071
185.78085 -3787.8042
185.78085 -3794.007
185.79746 -4348.9822
185.79746 -4355.1914
185.81407 -4238.6979
185.81407 -4244.914
185.83067 -3968.0467
185.83067 -3974.2628
185.84728 -3851.5928
185.84728 -3857.8044
185.85282 -4081.2362
185.86389 -4058.7414
185.86389 -4064.9603
185.8805 -4177.6426
185.8805 -4183.8588
185.89711 -4040.1111
185.89711 -4046.3238
185.90818 -4354.8656
185.91372 -4239.1136
185.91372 -4245.3226
185.93033 -4083.1828
185.93033 -4089.4145
185.94694 -4215.1094
185.94694 -4221.3374
185.96355 -4645.5986
185.96355 -4651.8062
185.98015 -4281.7627
185.98015 -4287.9849
185.99676 -4343.9253
185.99676 -4350.1574
186.01337 -3957.9433
186.01337 -3964.1655
186.01891 -4452.2529
186.02998 -3824.0163
186.02998 -3830.2494
186.04659 -4400.4555
186.04659 -4406.6894
186.0632 -4174.4082
186.0632 -4180.6302
186.07427 -3733.3326
186.07981 -3700.6734
186.07981 -3706.9027
186.09642 -4245.5407
186.09642 -4251.7668
186.11302 -4315.9283
186.11302 -4322.1297
186.12963 -4500.5535
186.12963 -4506.7818
186.14624 -3877.3756
186.14624 -3883.6039
186.16285 -3932.5987
186.16285 -3938.8118
186.17946 -4406.4097
186.17946 -4412.6173
186.185 -4107.7786
186.19607 -4303.6375
186.19607 -4309.8424
186.21268 -4311.5652
186.21268 -4317.7771
186.22929 -4062.4523
186.22929 -4068.654
186.24036 -4197.072
186.2459 -4423.013
186.2459 -4429.1983
186.2625 -4225.7497
186.2625 -4231.943
186.27911 -3647.2037
186.27911 -3653.4128
186.29572 -3997.2956
186.29572 -4003.4976
186.31233 -4190.4721
186.31233 -4196.6737
186.32894 -4294.6808
186.32894 -4300.8796
186.34555 -4358.794
186.34555 -4364.9894
186.35108 -4319.8043
186.36216 -4306.4764
186.36216 -4312.687
186.37877 -3941.5769
186.37877 -3947.7817
186.39537 -4307.9211
186.39537 -4314.1279
186.40645 -3957.6773
186.41198 -4234.3687
186.41198 -4240.5652
186.42859 -4428.4271
186.42859 -4434.6275
186.4452 -4102.3878
186.4452 -4108.5728
186.46181 -4367.6107
186.46181 -4373.7979
186.47842 -4289.5908
186.47842 -4295.7627
186.49503 -4385.5535
186.49503 -4391.7283
186.51164 -4145.5017
186.51164 -4151.6805
186.51717 -4068.6182
186.52825 -3976.368
186.52825 -3982.5424
186.54485 -4421.4902
186.54485 -4427.6635
186.56146 -4762.885
186.56146 -4769.0704
186.57254 -4170.8721
186.57807 -4391.1998
186.57807 -4397.3703
186.59468 -4072.7583
186.59468 -4078.9381
186.61129 -4077.1337
186.61129 -4083.3164
186.6279 -4326.517
186.6279 -4332.7153
186.64451 -4257.5534
186.64451 -4263.7462
186.66112 -4501.0245
186.66112 -4507.2026
186.67772 -4235.1559
186.67772 -4241.3301
186.68326 -3904.5173
186.69433 -3997.4148
186.69433 -4003.5929
186.71094 -4158.5129
186.71094 -4164.6898
186.72755 -4016.9974
186.72755 -4023.1676
186.73862 -4289.9252
186.74416 -4366.7556
186.74416 -4372.9371
186.76077 -4354.0537
186.76077 -4360.2304
186.77738 -4197.9398
186.77738 -4204.1277
186.79399 -4366.7779
186.79399 -4372.9825
186.8106 -4172.9508
186.8106 -4179.117
186.8272 -3845.0814
186.8272 -3851.2608
186.84381 -3902.9679
186.84381 -3909.1661
186.84935 -3820.344
186.86042 -3994.904
186.86042 -4001.0902
186.87703 -4727.2599
186.87703 -4733.4553
186.89364 -4199.786
186.89364 -4205.9782
186.90471 -4329.4872
186.91025 -4251.8363
186.91025 -4258.0106
186.92686 -4302.2258
186.92686 -4308.393
186.94347 -4338.527
186.94347 -4344.689
186.96008 -4130.8458
186.96008 -4137.0116
186.97668 -4535.0369
186.97668 -4541.1908
186.99329 -4056.6071
186.99329 -4062.7755
187.0099 -4186.543
187.0099 -4192.7233
187.01544 -4280.1113
187.02651 -4426.1159
187.02651 -4432.2951
187.04312 -4287.1793
187.04312 -4293.3505
187.05973 -4075.4352
187.05973 -4081.612
187.0708 -4140.8624
187.07634 -4101.4395
187.07634 -4107.6173
187.09295 -4584.4997
187.09295 -4590.7027
187.10955 -4197.2308
187.10955 -4203.416
187.12616 -4187.6854
187.12616 -4193.8698
187.14277 -4552.6777
187.14277 -4558.8633
187.15938 -4402.9441
187.15938 -4409.1279
187.17599 -4140.1693
187.17599 -4146.3438
187.18153 -4189.8744
187.1926 -3701.5
187.1926 -3707.667
187.20921 -4293.7256
187.20921 -4299.9052
187.22582 -4107.317
187.22582 -4113.4907
187.23689 -4125.51
187.24243 -4066.8318
187.24243 -4073.0017
187.25903 -3815.7865
187.25903 -3821.9577
187.27564 -4085.3548
187.27564 -4091.5193
187.29225 -4240.7321
187.29225 -4246.8853
187.30886 -4233.4433
187.30886 -4239.6173
187.32547 -4511.0873
187.32547 -4517.2496
187.34208 -4285.0087
187.34208 -4291.1767
187.34761 -4187.1316
187.35869 -4265.0952
187.35869 -4271.2514
187.3753 -4357.0186
187.3753 -4363.174
187.3919 -4028.7956
187.3919 -4034.9546
187.40298 -4092.0918
187.40851 -4267.909
187.40851 -4274.0674
187.42512 -4217.0645
187.42512 -4223.2327
187.44173 -3915.5158
187.44173 -3921.6842
187.45834 -4361.6175
187.45834 -4367.7888
187.47495 -4194.3645
187.47495 -4200.5448
187.49156 -4426.4051
187.49156 -4432.5594
187.50817 -4165.4047
187.50817 -4171.5782
187.5137 -4126.2747
187.52478 -4714.6765
187.52478 -4720.8512
187.54138 -4341.548
187.54138 -4347.716
187.55799 -4020.6452
187.55799 -4026.8332
187.56907 -4631.3463
187.5746 -4367.5924
187.5746 -4373.7649
187.59121 -4016.4909
187.59121 -4022.6909
187.60782 -4495.9787
187.60782 -4502.1638
187.62443 -4218.0761
187.62443 -4224.2552
187.64104 -4237.6935
187.64104 -4243.8953
187.65765 -4157.4941
187.65765 -4163.6826
187.67425 -4105.454
187.67425 -4111.6185
187.67979 -4408.5061
187.69086 -4219.8073
187.69086 -4225.983
187.70747 -3969.4371
187.70747 -3975.5962
187.72408 -4257.046
187.72408 -4263.2113
187.73515 -4480.4837
187.74069 -3848.9684
187.74069 -3855.1448
187.7573 -3945.8507
187.7573 -3952.0237
187.77391 -4244.049
187.77391 -4250.2175
187.79052 -4487.4895
187.79052 -4493.6789
187.80713 -4573.9123
187.80713 -4580.0864
187.82373 -3882.976
187.82373 -3889.133
187.84034 -3938.0668
187.84034 -3944.2305
187.84588 -4160.7897
187.85695 -4226.385
187.85695 -4232.5417
187.87356 -4138.2102
187.87356 -4144.3688
187.89017 -4254.5502
187.89017 -4260.7064
187.90124 -4106.0555
187.90678 -4322.2414
187.90678 -4328.4076
187.92339 -4387.9087
187.92339 -4394.0642
187.94 -4431.897
187.94 -4438.0651
187.9566 -4769.8113
187.9566 -4775.9754
187.97321 -4598.5754
187.97321 -4604.7473
187.98982 -4392.3716
187.98982 -4398.5397
188.00643 -4526.8934
188.00643 -4533.0682
188.01197 -3945.6199
188.02304 -4416.766
188.02304 -4422.9154
188.03965 -4263.4125
188.03965 -4269.5663
188.05626 -3978.3894
188.05626 -3984.5362
188.06733 -4347.5052
188.07287 -4294.5802
188.07287 -4300.7206
188.08948 -4602.7317
188.08948 -4608.8933
188.10608 -4070.213
188.10608 -4076.3573
188.12269 -4168.8544
188.12269 -4175.0082
188.1393 -4401.3823
188.1393 -4407.5324
188.15591 -4694.1519
188.15591 -4700.3055
188.17252 -4390.8707
188.17252 -4397.0221
188.17806 -4375.6759
188.18913 -4310.8919
188.18913 -4317.056
188.20574 -4893.0261
188.20574 -4899.1835
188.22235 -4545.1203
188.22235 -4551.2675
188.23342 -4094.6812
188.23896 -4359.1375
188.23896 -4365.3003
188.25556 -4212.6625
188.25556 -4218.822
188.27217 -4349.1048
188.27217 -4355.2599
188.28878 -4331.4204
188.28878 -4337.5696
188.30539 -4596.3676
188.30539 -4602.512
188.322 -4919.9983
188.322 -4926.1543
188.33861 -4265.6727
188.33861 -4271.8185
188.34414 -4140.6201
188.35522 -4197.2949
188.35522 -4203.4361
188.37183 -4899.6537
188.37183 -4905.8104
188.38843 -4510.3832
188.38843 -4516.5504
188.39951 -4621.1479
188.40504 -4409.344
188.40504 -4415.4772
188.42165 -4218.9979
188.42165 -4225.1537
188.43826 -4945.8367
188.43826 -4951.9884
188.45487 -4449.7401
188.45487 -4455.8926
188.47148 -3809.8657
188.47148 -3816.015
188.48809 -5205.0836
188.48809 -5211.2242
188.5047 -5016.3618
188.5047 -5022.5193
188.51023 -4533.9234
188.52131 -4120.5127
188.52131 -4126.6717
188.53791 -4685.5977
188.53791 -4691.7594
188.55452 -4523.4433
188.55452 -4529.5901
188.5656 -4343.0126
188.57113 -4284.5075
188.57113 -4290.6631
188.58774 -4109.7813
188.58774 -4115.9403
188.60435 -4199.0213
188.60435 -4205.1753
188.62096 -4249.0625
188.62096 -4255.2245
188.63757 -4700.1619
188.63757 -4706.2943
188.65418 -4963.8186
188.65418 -4969.9469
188.67078 -4716.9596
188.67078 -4723.0899
188.67632 -4753.1691
188.68739 -4220.9381
188.68739 -4227.0659
188.704 -4158.9992
188.704 -4165.1102
188.72061 -4411.7125
188.72061 -4417.8324
188.73168 -4181.5178
188.73722 -4205.753
188.73722 -4211.8925
188.75383 -4024.1049
188.75383 -4030.2313
188.77044 -4579.7081
188.77044 -4585.8394
188.78705 -4791.771
188.78705 -4797.9059
188.80366 -4376.3397
188.80366 -4382.4682
188.82026 -4304.6823
188.82026 -4310.8197
188.83687 -4856.4895
188.83687 -4862.6105
188.84241 -4713.8166
188.85348 -4508.0832
188.85348 -4514.2175
188.87009 -4030.9992
188.87009 -4037.129
188.8867 -4199.1945
188.8867 -4205.3207
188.89777 -4542.0212
188.90331 -4511.0281
188.90331 -4517.1553
188.91992 -4831.4719
188.91992 -4837.5912
188.93653 -4134.0179
188.93653 -4140.1412
188.95313 -4198.0861
188.95313 -4204.1905
188.96974 -4402.4168
188.96974 -4408.5294
188.98635 -4663.5001
188.98635 -4669.6169
189.00296 -4145.7143
189.00296 -4151.8341
189.0085 -4355.0532
189.01957 -4090.7205
189.01957 -4096.8325
189.03618 -4396.4705
189.03618 -4402.5883
189.05279 -4407.9791
189.05279 -4414.1003
189.06386 -4098.3435
189.0694 -4383.3961
189.0694 -4389.5046
189.08601 -4076.4405
189.08601 -4082.5615
189.10261 -4271.6133
189.10261 -4277.7269
189.11922 -4662.9893
189.11922 -4669.0983
189.13583 -4009.5536
189.13583 -4015.6691
189.15244 -4388.5198
189.15244 -4394.6364
189.16905 -4040.1519
189.16905 -4046.2769
189.17459 -4005.2631
189.18566 -4358.7988
189.18566 -4364.9181
189.20227 -4999.2906
189.20227 -5005.4085
189.21888 -4249.476
189.21888 -4255.6007
189.22995 -4597.1942
189.23548 -4588.3835
189.23548 -4594.523
189.25209 -4542.9149
189.25209 -4549.0308
189.2687 -4546.0702
189.2687 -4552.2071
189.28531 -4574.3211
189.28531 -4580.4601
189.30192 -4071.1553
189.30192 -4077.2782
189.31853 -4565.3499
189.31853 -4571.4782
189.33514 -4300.5793
189.33514 -4306.6966
189.34067 -4474.8652
189.35175 -4772.3154
189.35175 -4778.4448
189.36836 -4963.7595
189.36836 -4969.8666
189.38496 -4911.5263
189.38496 -4917.6426
189.39604 -4789.8701
189.40157 -4536.3457
189.40157 -4542.4652
189.41818 -4252.4415
189.41818 -4258.5604
189.43479 -4310.1365
189.43479 -4316.2376
189.4514 -4272.6498
189.4514 -4278.7693
189.46801 -4450.6539
189.46801 -4456.7852
189.48462 -4720.7529
189.48462 -4726.8655
189.50123 -4771.8536
189.50123 -4777.9662
189.50676 -4996.5517
189.51784 -4888.5894
189.51784 -4894.6974
189.53444 -4390.5231
189.53444 -4396.6445
189.55105 -4382.7532
189.55105 -4388.8697
189.56213 -4896.6516
189.56766 -5025.0092
189.56766 -5031.1072
189.58427 -4504.0801
189.58427 -4510.1885
189.60088 -4484.1804
189.60088 -4490.2967
189.61749 -4698.1248
189.61749 -4704.244
189.6341 -4350.3378
189.6341 -4356.4453
189.65071 -4640.5017
189.65071 -4646.6277
189.66731 -4316.3941
189.66731 -4322.5086
189.67285 -4439.2715
189.68392 -4430.4148
189.68392 -4436.5582
189.70053 -4673.8849
189.70053 -4680.0024
189.71714 -4358.9817
189.71714 -4365.091
189.72821 -4692.7102
189.73375 -4706.872
189.73375 -4712.9954
189.75036 -4222.2099
189.75036 -4228.3268
189.76697 -4340.6701
189.76697 -4346.7975
189.78358 -4326.9621
189.78358 -4333.0934
189.80019 -4763.8016
189.80019 -4769.9403
189.81679 -4708.7597
189.81679 -4714.8986
189.8334 -3894.1515
189.8334 -3900.2819
189.83894 -4427.1944
189.85001 -4794.0798
189.85001 -4800.1976
189.86662 -4958.0876
189.86662 -4964.2083
189.88323 -4721.8432
189.88323 -4727.964
189.8943 -4679.1968
189.89984 -4645.3565
189.89984 -4651.4651
189.91645 -4574.7192
189.91645 -4580.8316
189.93306 -4439.6889
189.93306 -4445.8118
189.94966 -4159.0163
189.94966 -4165.1286
189.96627 -4446.5981
189.96627 -4452.7147
189.98288 -4623.3204
189.98288 -4629.4369
189.99949 -4328.3508
189.99949 -4334.4678
190.00503 -4774.5436
190.0161 -5008.1221
190.0161 -5014.2388
190.03271 -4711.0209
190.03271 -4717.1309
190.04932 -4224.5962
190.04932 -4230.6961
190.06039 -4010.3819
190.06593 -4206.248
190.06593 -4212.3492
190.08254 -4719.9394
190.08254 -4726.0452
190.09914 -4566.1495
190.09914 -4572.2381
190.11575 -4323.3586
190.11575 -4329.4515
190.13236 -4367.219
190.13236 -4373.318
190.14897 -4547.4046
190.14897 -4553.5057
190.16558 -4889.2502
190.16558 -4895.3586
190.17112 -4804.5374
190.18219 -4462.6506
190.18219 -4468.7549
190.1988 -4583.5211
190.1988 -4589.618
190.21541 -4661.5629
190.21541 -4667.6521
190.22648 -3972.3742
190.23201 -4082.9232
190.23201 -4089.0215
190.24862 -4707.6546
190.24862 -4713.7513
190.26523 -4930.2861
190.26523 -4936.3866
190.28184 -4534.8463
190.28184 -4540.9426
190.29845 -4751.5886
190.29845 -4757.6984
190.31506 -4344.028
190.31506 -4350.1051
190.33167 -4574.1064
190.33167 -4580.1927
190.3372 -4579.3722
190.34828 -4507.1787
190.34828 -4513.281
190.36489 -4455.1064
190.36489 -4461.2137
190.38149 -4646.8384
190.38149 -4652.9432
190.39257 -4649.2995
190.3981 -4593.4695
190.3981 -4599.5743
190.41471 -4986.1445
190.41471 -4992.2477
190.43132 -4594.261
190.43132 -4600.3538
190.44793 -4750.3174
190.44793 -4756.4293
190.46454 -4354.103
190.46454 -4360.214
190.48115 -4446.2084
190.48115 -4452.3272
190.49776 -4763.0298
190.49776 -4769.1678
190.50329 -4379.1049
190.51436 -4419.3589
190.51436 -4425.4842
190.53097 -4313.8537
190.53097 -4320.0004
190.54758 -4407.3101
190.54758 -4413.4218
190.55866 -4649.0974
190.56419 -4477.0479
190.56419 -4483.1533
190.5808 -4908.9684
190.5808 -4915.0786
190.59741 -4955.0617
190.59741 -4961.1584
190.61402 -4385.454
190.61402 -4391.564
190.63063 -4651.3388
190.63063 -4657.446
190.64724 -5009.4966
190.64724 -5015.5974
190.66384 -4940.2697
190.66384 -4946.3661
190.66938 -4973.6575
190.68045 -4320.789
190.68045 -4326.8859
190.69706 -4561.0739
190.69706 -4567.1718
190.71367 -4578.8035
190.71367 -4584.8879
190.72474 -4496.2972
190.73028 -4169.9836
190.73028 -4176.0754
190.74689 -4677.7775
190.74689 -4683.8592
190.7635 -4632.8527
190.7635 -4638.9472
190.78011 -4809.5978
190.78011 -4815.6926
190.79672 -4783.4569
190.79672 -4789.5469
190.81332 -4536.1932
190.81332 -4542.274
190.82993 -4468.1777
190.82993 -4474.2625
190.83547 -4518.9245
190.84654 -4491.5375
190.84654 -4497.63
190.86315 -4887.2758
190.86315 -4893.3496
190.87976 -4675.6374
190.87976 -4681.7065
190.89083 -4567.1917
190.89637 -5041.614
190.89637 -5047.6967
190.91298 -4903.5839
190.91298 -4909.637
190.92959 -4751.2718
190.92959 -4757.3323
190.94619 -4677.5487
190.94619 -4683.6336
190.9628 -4807.7434
190.9628 -4813.8046
190.97941 -4948.4518
190.97941 -4954.5319
190.99602 -4839.7324
190.99602 -4845.821
191.00156 -4669.6108
191.01263 -4760.9004
191.01263 -4766.9933
191.02924 -4678.3734
191.02924 -4684.4511
191.04585 -4724.1271
191.04585 -4730.2248
191.05692 -4795.8965
191.06246 -4598.1832
191.06246 -4604.2733
191.07907 -4325.1186
191.07907 -4331.2099
191.09567 -4866.7219
191.09567 -4872.8116
191.11228 -4854.644
191.11228 -4860.7378
191.12889 -4499.2541
191.12889 -4505.3223
191.1455 -4751.4857
191.1455 -4757.5713
191.16211 -5089.6431
191.16211 -5095.7294
191.16765 -4670.3507
191.17872 -4795.7907
191.17872 -4801.8702
191.19533 -4577.9356
191.19533 -4584.0038
191.21194 -4574.7998
191.21194 -4580.8749
191.22301 -4843.1562
191.22854 -4710.183
191.22854 -4716.2467
191.24515 -4724.6603
191.24515 -4730.7153
191.26176 -4474.2287
191.26176 -4480.2793
191.27837 -4707.1283
191.27837 -4713.1952
191.29498 -4836.7024
191.29498 -4842.765
191.31159 -4472.0781
191.31159 -4478.1259
191.3282 -4716.6393
191.3282 -4722.7006
191.33373 -4764.1068
191.34481 -4959.4615
191.34481 -4965.5162
191.36142 -4673.2475
191.36142 -4679.3193
191.37802 -4516.6548
191.37802 -4522.7252
191.3891 -4834.1397
191.39463 -4550.2849
191.39463 -4556.3593
191.41124 -4173.7469
191.41124 -4179.8182
191.42785 -4326.3117
191.42785 -4332.3741
191.44446 -4587.6888
191.44446 -4593.783
191.46107 -4675.6817
191.46107 -4681.7434
191.47768 -5069.4081
191.47768 -5075.4537
191.49429 -5008.9452
191.49429 -5014.9994
191.49982 -4930.1196
191.51089 -4817.9775
191.51089 -4824.0236
191.5275 -4888.5772
191.5275 -4894.6243
191.54411 -4586.0045
191.54411 -4592.0549
191.55519 -4715.2746
191.56072 -4969.9116
191.56072 -4975.9602
191.57733 -4471.4996
191.57733 -4477.5792
191.59394 -4309.1697
191.59394 -4315.2209
191.61055 -5160.5662
191.61055 -5166.6338
191.62716 -4783.9877
191.62716 -4790.0337
191.64377 -4807.3136
191.64377 -4813.3601
191.66037 -4659.2914
191.66037 -4665.344
191.66591 -4698.0254
191.67698 -5038.1044
191.67698 -5044.1452
191.69359 -4639.2936
191.69359 -4645.3309
191.7102 -4713.2012
191.7102 -4719.2289
191.72127 -5065.4926
191.72681 -4652.0835
191.72681 -4658.1402
191.74342 -4510.5068
191.74342 -4516.5483
191.76003 -4669.8643
191.76003 -4675.9192
191.77664 -4897.425
191.77664 -4903.4859
191.79324 -5191.8062
191.79324 -5197.856
191.80985 -4759.6197
191.80985 -4765.6575
191.82646 -4662.069
191.82646 -4668.127
191.832 -4990.4616
191.84307 -4667.8121
191.84307 -4673.8741
191.85968 -4563.084
191.85968 -4569.1499
191.87629 -4783.1183
191.87629 -4789.1709
191.88736 -4849.925
191.8929 -4507.2342
191.8929 -4513.3047
191.90951 -4539.6464
191.90951 -4545.6919
191.92612 -5161.0786
191.92612 -5167.1084
191.94272 -4636.1875
191.94272 -4642.2343
191.95933 -4566.5128
191.95933 -4572.5536
191.97594 -4643.4254
191.97594 -4649.4666
191.99255 -4906.1181
191.99255 -4912.1567
191.99809 -4857.6106
192.00916 -4781.796
192.00916 -4787.8463
192.02577 -4547.8531
192.02577 -4553.9147
192.04238 -5035.1309
192.04238 -5041.1899
192.05345 -4782.5867
192.05899 -4939.688
192.05899 -4945.7398
192.0756 -4751.5897
192.0756 -4757.6327
192.0922 -4675.2705
192.0922 -4681.3395
192.10881 -5134.5365
192.10881 -5140.5942
192.12542 -4836.2464
192.12542 -4842.3035
192.14203 -4338.2325
192.14203 -4344.2748
192.15864 -4963.7442
192.15864 -4969.7952
192.16418 -4700.9005
192.17525 -5306.3201
192.17525 -5312.3652
192.19186 -4732.1702
192.19186 -4738.1936
192.20847 -4678.7441
192.20847 -4684.7939
192.21954 -4918.4248
192.22507 -4720.0623
192.22507 -4726.1193
192.24168 -5076.4944
192.24168 -5082.545
192.25829 -4596.9785
192.25829 -4603.0462
192.2749 -4815.6397
192.2749 -4821.7059
192.29151 -4650.524
192.29151 -4656.5718
192.30812 -4583.9519
192.30812 -4589.9906
192.32473 -4592.336
192.32473 -4598.3858
192.33026 -4812.6338
192.34134 -4937.6943
192.34134 -4943.7432
192.35795 -4519.9268
192.35795 -4525.9677
192.37455 -5026.1604
192.37455 -5032.1935
192.38563 -5092.9289
192.39116 -5102.4782
192.39116 -5108.5306
192.40777 -4407.051
192.40777 -4413.0946
192.42438 -4479.2394
192.42438 -4485.2957
192.44099 -4845.1558
192.44099 -4851.2065
192.4576 -5017.4168
192.4576 -5023.4724
192.47421 -4866.7288
192.47421 -4872.7769
192.49082 -4746.8123
192.49082 -4752.8644
192.49635 -4669.893
192.50742 -4670.4606
192.50742 -4676.5273
192.52403 -4690.8263
192.52403 -4696.8748
192.54064 -4820.1878
192.54064 -4826.232
192.55171 -5131.3608
192.55725 -4829.2766
192.55725 -4835.3115
192.57386 -4717.7023
192.57386 -4723.7463
192.59047 -4934.8441
192.59047 -4940.8926
192.60708 -4812.1704
192.60708 -4818.2213
192.62369 -4599.7072
192.62369 -4605.7658
192.6403 -4909.3014
192.6403 -4915.345
192.6569 -5187.2665
192.6569 -5194.5929
192.66244 -5020.6912
192.67351 -4787.98
192.67351 -4794.0133
192.69012 -5261.9702
192.69012 -5268.0138
192.70673 -5073.3742
192.70673 -5079.3997
192.7178 -4604.1236
192.72334 -4626.2271
192.72334 -4632.2641
192.73995 -4944.7337
192.73995 -4950.7778
192.75656 -4823.4527
192.75656 -4829.4763
192.77317 -5023.8229
192.77317 -5029.8638
192.78977 -4961.1117
192.78977 -4967.1378
192.80638 -4807.2498
192.80638 -4813.2968
192.82299 -5035.7698
192.82299 -5041.813
192.82853 -4941.3151
192.8396 -4953.8157
192.8396 -4959.8707
192.85621 -5098.6627
192.85621 -5104.7221
192.87282 -4567.6822
192.87282 -4573.7294
192.88389 -4929.1049
192.88943 -5220.985
192.88943 -5227.048
192.90604 -5298.9442
192.90604 -5304.992
192.92265 -5137.0175
192.92265 -5143.0543
192.93925 -5018.7614
192.93925 -5024.7989
192.95586 -5305.2127
192.95586 -5311.2397
192.97247 -4959.3223
192.97247 -4965.3279
192.98908 -5418.1453
192.98908 -5424.1772
192.99462 -5219.4013
193.00569 -5171.0302
193.00569 -5177.0728
193.0223 -5106.6212
193.0223 -5112.6525
193.03891 -4786.9344
193.03891 -4792.9684
193.04998 -4853.7118
193.05552 -4564.4439
193.05552 -4570.4835
193.07212 -4733.5381
193.07212 -4739.5635
193.08873 -4897.4458
193.08873 -4903.456
193.10534 -4956.9318
193.10534 -4962.9765
193.12195 -4802.6418
193.12195 -4808.6822
193.13856 -5222.0002
193.13856 -5228.0464
193.15517 -4977.3133
193.15517 -4983.3411
193.16071 -4866.4318
193.17178 -4929.6271
193.17178 -4935.6784
193.18839 -4549.6323
193.18839 -4555.6712
193.205 -4906.4961
193.205 -4912.5348
193.21607 -4643.0237
193.2216 -5029.4471
193.2216 -5035.4823
193.23821 -4607.8208
193.23821 -4613.8486
193.25482 -4831.3426
193.25482 -4837.3557
193.27143 -4795.1017
193.27143 -4801.1252
193.28804 -4900.6253
193.28804 -4906.6575
193.30465 -4884.7838
193.30465 -4890.8176
193.32126 -4797.5821
193.32126 -4803.6137
193.32679 -4942.0242
193.33787 -4562.6416
193.33787 -4567.3469
193.35448 -5199.9647
193.35448 -5205.9974
193.37108 -4983.1961
193.37108 -4989.2174
193.38216 -4662.529
193.38769 -4511.0865
193.38769 -4517.0965
193.4043 -4585.7236
193.4043 -4591.7454
193.42091 -4969.1333
193.42091 -4975.1428
193.43752 -4797.488
193.43752 -4803.4884
193.45413 -4806.6786
193.45413 -4812.6907
193.47074 -4853.9423
193.47074 -4859.9544
193.48735 -4886.4845
193.48735 -4892.4918
193.49288 -5245.6854
193.50395 -4522.7844
193.50395 -4528.8002
193.52056 -4915.2062
193.52056 -4921.2195
193.53717 -4804.6016
193.53717 -4810.6213
193.54824 -4670.6535
193.55378 -4727.803
193.55378 -4733.8081
193.57039 -4752.9948
193.57039 -4758.9832
193.587 -4844.5455
193.587 -4850.5384
193.60361 -5035.4417
193.60361 -5041.4395
193.62022 -4903.2903
193.62022 -4909.292
193.63683 -4878.696
193.63683 -4884.6844
193.65343 -5025.5282
193.65343 -5031.5134
193.65897 -4962.095
193.67004 -4907.2488
193.67004 -4913.2434
193.68665 -4793.1769
193.68665 -4799.1606
193.70326 -4669.9113
193.70326 -4675.8936
193.71433 -5081.8748
193.71987 -5265.4635
193.71987 -5271.4431
193.73648 -5236.2927
193.73648 -5243.4012
193.75309 -4972.6536
193.75309 -4978.6434
193.7697 -5141.611
193.7697 -5147.6
193.7863 -4925.5508
193.7863 -4931.5479
193.80291 -4631.9774
193.80291 -4637.9634
193.81952 -4628.9705
193.81952 -4634.9424
193.82506 -4616.5361
193.83613 -5135.6009
193.83613 -5141.5946
193.85274 -5066.0854
193.85274 -5072.0813
193.86935 -4903.7397
193.86935 -4909.7278
193.88042 -5023.764
193.88596 -4905.0751
193.88596 -4911.0757
193.90257 -4784.8549
193.90257 -4790.8506
193.91918 -4842.8742
193.91918 -4848.8576
193.93578 -4969.6961
193.93578 -4975.6838
193.95239 -5078.5553
193.95239 -5084.5484
193.969 -5070.0606
193.969 -5076.0661
193.98561 -4750.3986
193.98561 -4756.4152
193.99115 -4683.4187
194.00222 -4598.027
194.00222 -4604.0428
194.01883 -4882.3651
194.01883 -4888.3621
194.03544 -4631.5482
194.03544 -4637.5294
194.04651 -4691.8912
194.05205 -4795.0481
194.05205 -4801.0343
194.06865 -5217.1792
194.06865 -5223.1778
194.08526 -4934.48
194.08526 -4940.4706
194.10187 -4976.4308
194.10187 -4982.4217
194.11848 -4843.2942
194.11848 -4849.2971
194.13509 -4870.4824
194.13509 -4876.4655
194.1517 -4286.8891
194.1517 -4292.8815
194.15724 -4617.3594
194.16831 -4819.8268
194.16831 -4825.8087
194.18492 -4870.6197
194.18492 -4876.6077
194.20153 -5195.2241
194.20153 -5201.1955
194.2126 -4925.2411
194.21813 -5025.5682
194.21813 -5031.5487
194.23474 -4884.9063
194.23474 -4890.874
194.25135 -4940.3029
194.25135 -4946.2837
194.26796 -5010.2807
194.26796 -5016.2466
194.28457 -5202.677
194.28457 -5208.6647
194.30118 -5256.2207
194.30118 -5262.1882
194.31779 -5068.9507
194.31779 -5074.9312
194.32332 -4963.213
194.3344 -5047.8364
194.3344 -5053.8178
194.351 -4677.9685
194.351 -4683.9506
194.36761 -5052.9733
194.36761 -5058.9695
194.37869 -4893.2536
194.38422 -4957.1876
194.38422 -4963.1686
194.40083 -4929.6377
194.40083 -4935.6109
194.41744 -4933.6908
194.41744 -4939.6761
194.43405 -4736.9092
194.43405 -4742.8941
194.45066 -5108.1542
194.45066 -5114.1383
194.46727 -5094.068
194.46727 -5100.0451
194.48388 -5154.0196
194.48388 -5160.0046
194.48941 -5258.3529
194.50048 -4879.196
194.50048 -4885.1653
194.51709 -4958.3446
194.51709 -4964.3257
194.5337 -4986.619
194.5337 -4992.5945
194.54477 -4634.741
194.55031 -4706.2054
194.55031 -4712.1834
194.56692 -4717.8553
194.56692 -4723.8338
194.58353 -4589.8836
194.58353 -4595.8593
194.60014 -5151.4467
194.60014 -5157.4232
194.61675 -4874.7354
194.61675 -4880.7145
194.63336 -5128.1038
194.63336 -5134.0925
194.64996 -5206.139
194.64996 -5212.0968
194.6555 -5098.6856
194.66657 -5033.3866
194.66657 -5039.3708
194.68318 -5143.4192
194.68318 -5149.3977
194.69979 -5235.6697
194.69979 -5241.6602
194.71086 -5109.5144
194.7164 -5172.2035
194.7164 -5178.1641
194.73301 -4966.683
194.73301 -4972.6676
194.74962 -5004.1515
194.74962 -5010.1324
194.76623 -5083.3025
194.76623 -5089.2695
194.78283 -5184.6916
194.78283 -5190.6505
194.79944 -5069.078
194.79944 -5075.0496
194.81605 -4859.9783
194.81605 -4865.9485
194.82159 -5090.8901
194.83266 -5181.7276
194.83266 -5187.6889
194.84927 -5178.1538
194.84927 -5184.1395
194.86588 -4897.0795
194.86588 -4903.0407
194.87695 -4839.2018
194.88249 -5145.0541
194.88249 -5151.0069
194.8991 -4985.0493
194.8991 -4991.0023
194.91571 -4911.0804
194.91571 -4917.0297
194.93231 -5270.5134
194.93231 -5276.4738
194.94892 -4910.2436
194.94892 -4916.2084
194.96553 -4624.1351
194.96553 -4630.097
194.98214 -5252.0756
194.98214 -5258.038
194.98768 -4899.0683
194.99875 -5080.8621
194.99875 -5086.8636
195.01536 -4829.2175
195.01536 -4835.1826
195.03197 -4746.1716
195.03197 -4752.1569
195.04304 -5078.8839
195.04858 -5122.4464
195.04858 -5128.4299
195.06518 -4860.3562
195.06518 -4866.32
195.08179 -4839.9533
195.08179 -4845.9174
195.0984 -4869.8549
195.0984 -4875.8301
195.11501 -5261.1419
195.11501 -5267.126
195.13162 -5016.0133
195.13162 -5021.9933
195.14823 -5110.8412
195.14823 -5116.819
195.15377 -4830.9035
195.16484 -5354.4593
195.16484 -5360.4259
195.18145 -4843.7773
195.18145 -4849.741
195.19806 -5108.9087
195.19806 -5114.8718
195.20913 -5085.9454
195.21466 -5155.9551
195.21466 -5161.9209
195.23127 -5151.5186
195.23127 -5157.473
195.24788 -5026.2431
195.24788 -5032.1981
195.26449 -5427.657
195.26449 -5433.5958
195.2811 -5137.6858
195.2811 -5143.6158
195.29771 -4957.9627
195.29771 -4963.9019
195.31432 -5343.6101
195.31432 -5349.5638
195.31985 -4789.9051
195.33093 -5359.1916
195.33093 -5365.15
195.34753 -4761.2016
195.34753 -4767.1365
195.36414 -5121.318
195.36414 -5127.2671
195.37522 -5123.6361
195.38075 -5151.9548
195.38075 -5157.9079
195.39736 -5380.9154
195.39736 -5386.856
195.41397 -4562.6292
195.41397 -4568.5417
195.43058 -4985.4735
195.43058 -4991.409
195.44719 -5306.9301
195.44719 -5312.8848
195.4638 -5054.6069
195.4638 -5060.5437
195.48041 -4896.6282
195.48041 -4902.568
195.48594 -4690.5936
195.49701 -5210.0313
195.49701 -5215.9673
195.51362 -5077.9617
195.51362 -5083.8996
195.53023 -5055.1818
195.53023 -5061.109
195.5413 -5031.388
195.54684 -4904.8949
195.54684 -4910.8342
195.56345 -5098.5959
195.56345 -5104.5431
195.58006 -5109.1329
195.58006 -5115.0952
195.59667 -4551.5764
195.59667 -4557.5227
195.61328 -4927.0296
195.61328 -4932.9857
195.62988 -5130.356
195.62988 -5136.301
195.64649 -4817.9764
195.64649 -4823.9302
195.65203 -4878.8002
195.6631 -5183.2361
195.6631 -5189.1639
195.67971 -5447.8004
195.67971 -5453.7622
195.69632 -5460.0288
195.69632 -5465.9987
195.70739 -4973.809
195.71293 -4625.5676
195.71293 -4631.5099
195.72954 -4848.6142
195.72954 -4854.5878
195.74615 -5005.7521
195.74615 -5011.7012
195.76276 -4837.7067
195.76276 -4843.6897
195.77936 -5035.7002
195.77936 -5041.6384
195.79597 -5272.7316
195.79597 -5278.6953
195.81258 -4689.1572
195.81258 -4695.0988
195.81812 -4729.7983
195.82919 -5033.2368
195.82919 -5039.1833
195.8458 -5447.4324
195.8458 -5453.3671
195.86241 -5107.6653
195.86241 -5113.5931
195.87348 -5176.7064
195.87902 -5266.561
195.87902 -5272.499
195.89563 -4755.4153
195.89563 -4761.3325
195.91224 -5313.5599
195.91224 -5319.4948
195.92884 -5405.5733
195.92884 -5411.4946
195.94545 -5112.8014
195.94545 -5118.7292
195.96206 -5399.8242
195.96206 -5405.7385
195.97867 -4701.9017
195.97867 -4707.8305
195.98421 -4851.3471
195.99528 -5395.7713
195.99528 -5401.7081
196.01189 -5501.5436
196.01189 -5507.4797
196.0285 -5377.4978
196.0285 -5383.4323
196.03957 -5454.2094
196.04511 -5197.4829
196.04511 -5203.4234
196.06171 -5048.3862
196.06171 -5054.3218
196.07832 -4998.1921
196.07832 -5004.1016
196.09493 -4908.4906
196.09493 -4914.4026
196.11154 -5008.3862
196.11154 -5014.3146
196.12815 -5341.2349
196.12815 -5347.164
196.14476 -5550.2406
196.14476 -5556.1601
196.15029 -5510.1381
196.16137 -5434.7875
196.16137 -5440.7103
196.17798 -5088.4144
196.17798 -5094.3378
196.19459 -5099.568
196.19459 -5105.4948
196.20566 -5165.5271
196.21119 -5334.0026
196.21119 -5339.9399
196.2278 -4857.6244
196.2278 -4863.5486
196.24441 -5287.5204
196.24441 -5293.4353
196.26102 -5358.1045
196.26102 -5364.0376
196.27763 -5075.4471
196.27763 -5081.3722
196.29424 -5626.1119
196.29424 -5632.041
196.31085 -5318.2403
196.31085 -5324.1747
196.31638 -5489.639
196.32746 -5435.7686
196.32746 -5441.6887
196.34406 -5207.6033
196.34406 -5213.5283
196.36067 -5389.6477
196.36067 -5395.5754
196.37175 -5347.0975
196.37728 -5421.7742
196.37728 -5427.7278
196.39389 -4969.3089
196.39389 -4975.2483
196.4105 -4821.6546
196.4105 -4827.6014
196.42711 -5106.9425
196.42711 -5112.8977
196.44372 -5037.6426
196.44372 -5043.5733
196.46033 -5233.0063
196.46033 -5238.9478
196.47694 -5364.708
196.47694 -5370.644
196.48247 -5451.6294
196.49354 -5177.0766
196.49354 -5183.0172
196.51015 -5328.1148
196.51015 -5334.0748
196.52676 -5560.8099
196.52676 -5566.7465
196.53783 -5440.2107
196.54337 -5653.1313
196.54337 -5659.056
196.55998 -5005.1477
196.55998 -5011.0818
196.57659 -5540.6435
196.57659 -5546.5797
196.5932 -5592.3279
196.5932 -5598.2714
196.60981 -5277.1549
196.60981 -5283.0983
196.62641 -5191.779
196.62641 -5197.7042
196.64302 -5142.3234
196.64302 -5148.2386
196.64856 -5072.9443
196.65963 -4999.0058
196.65963 -5004.9386
196.67624 -5123.1628
196.67624 -5129.0771
196.69285 -5054.1515
196.69285 -5060.0902
196.70392 -5236.7235
196.70946 -5540.7782
196.70946 -5546.7123
196.72607 -5174.5092
196.72607 -5180.4291
196.74268 -4930.118
196.74268 -4936.0597
196.75929 -5438.8699
196.75929 -5444.8
196.77589 -5349.2578
196.77589 -5355.1781
196.7925 -5194.6992
196.7925 -5200.6215
196.80911 -5134.2666
196.80911 -5140.186
196.81465 -5324.5968
196.82572 -5479.9716
196.82572 -5485.881
196.84233 -4915.3368
196.84233 -4921.2497
196.85894 -5053.9174
196.85894 -5059.8276
196.87001 -5109.1877
196.87555 -5136.9145
196.87555 -5142.8319
196.89216 -5043.5277
196.89216 -5049.4326
196.90876 -5227.7015
196.90876 -5233.6184
196.92537 -5551.6954
196.92537 -5557.6069
196.94198 -5158.3988
196.94198 -5164.3108
196.95859 -5349.6906
196.95859 -5355.5894
196.9752 -5407.2127
196.9752 -5413.1291
196.98074 -5368.8678
196.99181 -4947.6174
196.99181 -4953.5279
197.00842 -5194.9032
197.00842 -5200.8105
197.02503 -5249.8414
197.02503 -5255.739
197.0361 -5592.6408
197.04164 -5381.5388
197.04164 -5387.4251
197.05824 -5380.1621
197.05824 -5386.0703
197.07485 -5366.5814
197.07485 -5372.4889
197.09146 -5344.1144
197.09146 -5349.9898
197.10807 -5362.3144
197.10807 -5370.9768
197.12468 -5380.2676
197.12468 -5386.1769
197.14129 -5209.7239
197.14129 -5215.6183
197.14682 -5603.9091
197.1579 -5414.8235
197.1579 -5420.7314
197.17451 -5310.1812
197.17451 -5316.0723
197.19112 -5394.0836
197.19112 -5399.998
197.20219 -5399.2592
197.20772 -5222.4682
197.20772 -5228.3609
197.22433 -4817.4283
197.22433 -4823.3306
197.24094 -5456.7469
197.24094 -5462.6358
197.25755 -5361.8997
197.25755 -5367.8019
197.27416 -5317.2265
197.27416 -5323.1297
197.29077 -6042.5755
197.29077 -6048.4935
197.30738 -4941.7596
197.30738 -4947.6641
197.31291 -5187.6538
197.32399 -5151.459
197.32399 -5157.369
197.34059 -5372.0396
197.34059 -5377.9291
197.3572 -5256.3755
197.3572 -5262.2651
197.36828 -5477.4882
197.37381 -5655.5718
197.37381 -5661.4739
197.39042 -5356.4257
197.39042 -5362.3235
197.40703 -5581.9458
197.40703 -5587.8404
197.42364 -5601.1343
197.42364 -5607.0197
197.44025 -5387.6531
197.44025 -5393.5541
197.45686 -5554.276
197.45686 -5560.1816
197.47347 -5165.1195
197.47347 -5171.038
197.479 -4885.6513
197.49007 -5369.4738
197.49007 -5375.3876
197.50668 -5441.1689
197.50668 -5447.0878
197.52329 -5164.7265
197.52329 -5170.6381
197.53436 -5617.487
197.5399 -5294.4328
197.5399 -5300.3401
197.55651 -5001.1006
197.55651 -5007.0105
197.57312 -5628.4802
197.57312 -5634.3967
197.58973 -5133.2719
197.58973 -5139.1953
197.60634 -5071.3485
197.60634 -5077.2456
197.62294 -5536.4122
197.62294 -5542.314
197.63955 -4808.8263
197.63955 -4814.7228
197.64509 -5075.9289
197.65616 -5510.8415
197.65616 -5516.7365
197.67277 -5184.8649
197.67277 -5190.7529
197.68938 -5256.6933
197.68938 -5262.5934
197.70045 -5491.9853
197.70599 -4953.9693
197.70599 -4959.8691
197.7226 -5124.2798
197.7226 -5130.1492
197.73921 -6086.3674
197.73921 -6092.2405
197.75582 -5249.3297
197.75582 -5255.1883
197.77242 -5379.1345
197.77242 -5385.0113
197.78903 -5649.5607
197.78903 -5655.4416
197.80564 -5386.1179
197.80564 -5391.992
197.81118 -5619.0074
197.82225 -5104.925
197.82225 -5110.7937
197.83886 -5237.9872
197.83886 -5243.8473
197.85547 -5429.3501
197.85547 -5435.2125
197.86654 -5553.6943
197.87208 -5133.4069
197.87208 -5139.2748
197.88869 -5365.024
197.88869 -5370.8915
197.90529 -5463.0689
197.90529 -5468.9449
197.9219 -5048.9535
197.9219 -5054.8099
197.93851 -5351.8901
197.93851 -5357.7602
197.95512 -5255.1595
197.95512 -5261.0172
197.97173 -5342.5098
197.97173 -5348.353
197.97727 -5316.1504
197.98834 -4898.5815
197.98834 -4904.4333
198.00495 -5198.1415
198.00495 -5204.0018
198.02156 -5568.1035
198.02156 -5573.9679
198.03263 -5095.4127
198.03817 -5156.1971
198.03817 -5162.0738
198.05477 -5208.8064
198.05477 -5214.6789
198.07138 -5203.0019
198.07138 -5208.8773
198.08799 -4952.38
198.08799 -4958.2461
198.1046 -5529.7875
198.1046 -5535.6717
198.12121 -5300.0089
198.12121 -5305.8641
198.13782 -5570.5761
198.13782 -5576.4196
198.14335 -5366.4735
198.15443 -5549.8872
198.15443 -5555.7423
198.17104 -5350.5959
198.17104 -5356.4435
198.18764 -5249.6039
198.18764 -5255.4533
198.19872 -5272.2106
198.20425 -5496.0257
198.20425 -5501.8723
198.22086 -5379.3937
198.22086 -5385.2254
198.23747 -5729.426
198.23747 -5735.2609
198.25408 -5543.9934
198.25408 -5549.8404
198.27069 -5768.9035
198.27069 -5774.7313
198.2873 -5335.9712
198.2873 -5341.8056
198.30391 -5066.1583
198.30391 -5071.9873
198.30944 -5076.1892
198.32052 -5525.1512
198.32052 -5530.9862
198.33712 -5421.1818
198.33712 -5427.0008
198.35373 -5175.4902
198.35373 -5181.3411
198.36481 -5493.2951
198.37034 -5125.3086
198.37034 -5131.1348
198.38695 -5381.9567
198.38695 -5387.7805
198.40356 -5488.1823
198.40356 -5494.018
198.42017 -5277.6719
198.42017 -5283.5126
198.43678 -5355.8868
198.43678 -5361.7287
198.45339 -5232.9465
198.45339 -5238.7856
198.47 -5564.1752
198.47 -5570.0055
198.47553 -5401.0724
198.4866 -5490.8079
198.4866 -5496.6564
198.50321 -5243.8582
198.50321 -5249.6874
198.51982 -5220.0727
198.51982 -5225.9115
198.53089 -5034.2387
198.53643 -5310.5445
198.53643 -5316.3917
198.55304 -5546.1527
198.55304 -5551.9962
198.56965 -5309.9543
198.56965 -5315.7968
198.58626 -5010.6356
198.58626 -5016.4727
198.60287 -5484.4882
198.60287 -5490.3289
198.61947 -5444.5408
198.61947 -5450.3877
198.63608 -5493.6983
198.63608 -5499.5481
198.64162 -5412.0173
198.65269 -5148.7655
198.65269 -5154.6113
198.6693 -5790.7917
198.6693 -5796.6349
198.68591 -5457.9746
198.68591 -5463.8262
198.69698 -5443.8625
198.70252 -5492.3292
198.70252 -5498.1805
198.71913 -5680.6647
198.71913 -5686.5328
198.73574 -5208.9426
198.73574 -5214.7906
198.75235 -5343.295
198.75235 -5349.1601
198.76895 -5525.1895
198.76895 -5531.0396
198.78556 -5428.0133
198.78556 -5433.8752
198.80217 -5558.9046
198.80217 -5564.7565
198.80771 -5631.4972
198.81878 -5021.8603
198.81878 -5027.7168
198.83539 -5776.4991
198.83539 -5782.3656
198.852 -5178.8502
198.852 -5184.6949
198.86307 -5518.6631
198.86861 -5164.346
198.86861 -5170.1861
198.88522 -6056.5389
198.88522 -6062.3797
198.90182 -5234.4571
198.90182 -5240.285
198.91843 -5082.4647
198.91843 -5088.3098
198.93504 -5434.5258
198.93504 -5440.3648
198.95165 -5826.5313
198.95165 -5832.3648
198.96826 -5261.2064
198.96826 -5267.0309
198.9738 -5499.884
198.98487 -5716.1972
198.98487 -5722.026
199.00148 -5265.1648
199.00148 -5271.0017
199.01809 -4775.7965
199.01809 -4781.6204
199.02916 -5284.5457
199.0347 -5612.6647
199.0347 -5618.4819
199.0513 -5447.7446
199.0513 -5453.5862
199.06791 -5456.7719
199.06791 -5462.5979
199.08452 -5542.0717
199.08452 -5547.9135
199.10113 -4992.7341
199.10113 -4998.5731
199.11774 -5344.2721
199.11774 -5350.1077
199.13435 -5621.4367
199.13435 -5627.2751
199.13988 -5133.4754
199.15096 -5444.2604
199.15096 -5450.083
199.16757 -5386.681
199.16757 -5392.5166
199.18417 -5422.6043
199.18417 -5428.4314
199.19525 -5548.224
199.20078 -5744.3154
199.20078 -5750.1472
199.21739 -5473.4359
199.21739 -5479.248
199.234 -5131.844
199.234 -5137.6766
199.25061 -5565.901
199.25061 -5571.7079
199.26722 -5338.5726
199.26722 -5344.393
199.28383 -5369.513
199.28383 -5375.3374
199.30044 -5222.0203
199.30044 -5227.8337
199.30597 -5315.6027
199.31705 -5663.5095
199.31705 -5669.3281
199.33365 -5609.3574
199.33365 -5615.1931
199.35026 -5351.9221
199.35026 -5357.748
199.36134 -6352.9039
199.36687 -5450.2414
199.36687 -5456.0698
199.38348 -5732.2754
199.38348 -5738.1059
199.40009 -5460.8425
199.40009 -5466.6594
199.4167 -5595.1977
199.4167 -5601.0115
199.43331 -5557.8781
199.43331 -5563.7071
199.44992 -5400.812
199.44992 -5406.6516
199.46652 -5572.7941
199.46652 -5578.6208
199.47206 -5815.6112
199.48313 -5571.6
199.48313 -5577.4403
199.49974 -5606.3669
199.49974 -5612.2008
199.51635 -5865.7009
199.51635 -5871.5269
199.52742 -5585.6707
199.53296 -5604.0098
199.53296 -5609.8477
199.54957 -5653.1992
199.54957 -5659.0337
199.56618 -5436.9287
199.56618 -5442.7596
199.58279 -5415.2137
199.58279 -5421.036
199.5994 -5589.1687
199.5994 -5595.0119
199.616 -5889.4925
199.616 -5895.3381
199.63261 -5810.0295
199.63261 -5815.8585
199.63815 -5716.6634
199.64922 -5478.2031
199.64922 -5484.0482
199.66583 -5376.6701
199.66583 -5382.5084
199.68244 -5788.4578
199.68244 -5794.2977
199.69351 -5384.0696
199.69905 -5446.7411
199.69905 -5452.5857
199.71566 -5641.5388
199.71566 -5647.3736
199.73227 -5802.5969
199.73227 -5808.4468
199.74888 -5509.2263
199.74888 -5515.0641
199.76548 -5548.6449
199.76548 -5554.4754
199.78209 -5557.4632
199.78209 -5563.2985
199.7987 -5588.6294
199.7987 -5594.4607
199.80424 -5832.541
199.81531 -5734.352
199.81531 -5740.2105
199.83192 -5690.7015
199.83192 -5696.5551
199.84853 -5513.8733
199.84853 -5519.704
199.8596 -5488.117
199.86514 -5456.9216
199.86514 -5462.7357
199.88175 -5429.5134
199.88175 -5435.3443
199.89835 -5276.8997
199.89835 -5282.7344
199.91496 -5565.7794
199.91496 -5571.6071
199.93157 -5379.6576
199.93157 -5385.4825
199.94818 -5498.0385
199.94818 -5503.8646
199.96479 -5803.7714
199.96479 -5809.5951
199.97033 -5938.8045
199.9814 -5766.737
199.9814 -5772.5438
199.99801 -5724.2281
199.99801 -5730.0306
200.01462 -5721.4453
200.01462 -5727.267
200.02569 -5280.9345
200.03123 -5485.7153
200.03123 -5491.517
200.04783 -5821.6317
200.04783 -5827.4443
200.06444 -5666.4586
200.06444 -5672.2777
200.08105 -5751.0242
200.08105 -5756.8168
200.09766 -5391.9774
200.09766 -5397.7712
200.11427 -5781.894
200.11427 -5787.6807
200.13088 -5653.9932
200.13088 -5659.7839
200.13641 -5644.3341
200.14749 -5404.7346
200.14749 -5410.5129
200.1641 -5759.5154
200.1641 -5765.3015
200.1807 -5890.7938
200.1807 -5896.5938
200.19178 -5689.1205
200.19731 -5618.7787
200.19731 -5624.5714
200.21392 -5572.9027
200.21392 -5578.7023
200.23053 -5352.9888
200.23053 -5358.8062
200.24714 -5604.3115
200.24714 -5610.1214
200.26375 -5474.06
200.26375 -5479.8732
200.28036 -5536.8526
200.28036 -5542.6441
200.29697 -5871.0189
200.29697 -5876.8233
200.3025 -5649.3138
200.31358 -5966.2017
200.31358 -5971.9905
200.33018 -5518.4493
200.33018 -5524.2508
200.34679 -5258.1024
200.34679 -5263.8867
200.35787 -5969.2811
200.3634 -6112.9381
200.3634 -6118.7329
200.38001 -5404.936
200.38001 -5410.7303
200.39662 -5570.426
200.39662 -5576.1909
200.41323 -5799.8422
200.41323 -5805.634
200.42984 -5811.7369
200.42984 -5817.5028
200.44645 -5471.6006
200.44645 -5477.3779
200.46305 -5584.583
200.46305 -5590.362
200.46859 -5616.1129
200.47966 -5623.6279
200.47966 -5629.4057
200.49627 -5681.1188
200.49627 -5686.91
200.51288 -5564.1514
200.51288 -5569.9529
200.52395 -6203.6396
200.52949 -5767.2001
200.52949 -5772.989
200.5461 -5839.186
200.5461 -5844.9663
200.56271 -5960.7952
200.56271 -5966.5763
200.57932 -5659.5804
200.57932 -5665.3575
200.59593 -5632.3299
200.59593 -5638.1089
200.61253 -5642.8326
200.61253 -5648.6233
200.62914 -5495.8959
200.62914 -5501.6863
200.63468 -6027.3997
200.64575 -5843.1203
200.64575 -5848.9039
200.66236 -6095.7553
200.66236 -6101.5236
200.67897 -5916.2173
200.67897 -5922.0113
200.69004 -5982.6314
200.69558 -5597.7677
200.69558 -5603.5457
200.71219 -5712.5963
200.71219 -5718.3805
200.7288 -5508.1475
200.7288 -5513.9177
200.7454 -5647.0062
200.7454 -5652.7915
200.76201 -5818.4796
200.76201 -5824.2534
200.77862 -5670.7172
200.77862 -5676.4972
200.79523 -5939.4131
200.79523 -5945.1913
200.80077 -6010.9465
200.81184 -5708.0285
200.81184 -5713.7944
200.82845 -5184.4666
200.82845 -5190.2364
200.84506 -5715.4075
200.84506 -5721.1939
200.85613 -5689.6347
200.86167 -5431.6557
200.86167 -5437.4453
200.87828 -5573.488
200.87828 -5579.2707
200.89488 -5790.6303
200.89488 -5796.4212
200.91149 -5670.3884
200.91149 -5676.1639
200.9281 -5402.0604
200.9281 -5407.8372
200.94471 -5900.6647
200.94471 -5906.4368
200.96132 -5593.4238
200.96132 -5599.1774
200.96686 -5604.4911
200.97793 -5155.3328
200.97793 -5161.0928
200.99454 -5980.2072
200.99454 -5985.9768
201.01115 -5876.0232
201.01115 -5881.7823
201.02222 -5759.6991
201.02776 -5928.6961
201.02776 -5934.4434
201.04436 -5818.4192
201.04436 -5824.1635
201.06097 -5697.6726
201.06097 -5703.4328
201.07758 -5806.2146
201.07758 -5811.9611
201.09419 -5260.5069
201.09419 -5266.2573
201.1108 -5827.7781
201.1108 -5833.5435
201.12741 -5926.2404
201.12741 -5931.9989
201.13294 -5904.339
201.14402 -5772.3961
201.14402 -5778.1663
201.16063 -5740.7659
201.16063 -5746.519
201.17723 -6108.7888
201.17723 -6114.5542
201.18831 -6055.0947
201.19384 -6191.9556
201.19384 -6197.7288
201.21045 -5667.1027
201.21045 -5672.858
201.22706 -5469.4552
201.22706 -5475.2211
201.24367 -5596.5192
201.24367 -5602.2878
201.26028 -5780.5018
201.26028 -5786.278
201.27689 -5905.618
201.27689 -5911.3852
201.2935 -5734.7183
201.2935 -5740.4897
201.29903 -5729.9797
201.31011 -5677.168
201.31011 -5682.9336
201.32671 -5861.2717
201.32671 -5867.0507
201.34332 -5722.0327
201.34332 -5727.7911
201.3544 -5574.6718
201.35993 -5492.8449
201.35993 -5498.604
201.37654 -6098.2838
201.37654 -6104.0362
201.39315 -5496.9963
201.39315 -5502.7273
201.40976 -5504.0006
201.40976 -5509.7611
201.42637 -6202.8874
201.42637 -6208.6557
201.44298 -5819.1286
201.44298 -5824.8653
201.45958 -5598.8153
201.45958 -5604.5383
201.46512 -5754.1893
201.47619 -6199.3514
201.47619 -6205.0961
201.4928 -6083.5139
201.4928 -6089.2489
201.50941 -5483.3885
201.50941 -5489.1291
201.52048 -5283.7811
201.52602 -4899.2945
201.52602 -4905.0336
201.54263 -5802.6805
201.54263 -5808.445
201.55924 -5571.062
201.55924 -5576.8263
201.57585 -5634.7785
201.57585 -5640.5416
201.59246 -6020.9139
201.59246 -6026.6738
201.60906 -5756.5173
201.60906 -5762.28
201.62567 -5782.3217
201.62567 -5788.0818
201.63121 -5671.382
201.64228 -5302.6775
201.64228 -5308.4386
201.65889 -5851.4537
201.65889 -5857.2039
201.6755 -5828.5529
201.6755 -5834.295
201.68657 -5644.4996
201.69211 -5698.4961
201.69211 -5704.2383
201.70872 -5919.2589
201.70872 -5925.0015
201.72533 -6085.8197
201.72533 -6091.5638
201.74193 -5950.8175
201.74193 -5956.5507
201.75854 -6098.4082
201.75854 -6104.1474
201.77515 -6186.0392
201.77515 -6191.7958
201.79176 -5739.2744
201.79176 -5745.0444
201.7973 -5782.3943
201.80837 -5525.821
201.80837 -5531.5768
201.82498 -5982.9697
201.82498 -5988.7107
201.84159 -5946.0864
201.84159 -5951.8164
201.85266 -5949.867
201.8582 -5730.9068
201.8582 -5736.6455
201.87481 -5947.8545
201.87481 -5953.6213
201.89141 -5753.2509
201.89141 -5759.004
201.90802 -5984.8561
201.90802 -5990.6267
201.92463 -5640.9488
201.92463 -5646.7094
201.94124 -5703.168
201.94124 -5708.9322
201.95785 -5488.1799
201.95785 -5493.9497
201.96339 -5754.2777
201.97446 -5579.7222
201.97446 -5585.4844
201.99107 -5548.714
201.99107 -5554.4689
202.00768 -5934.6388
202.00768 -5940.4024
202.01875 -5858.807
202.02428 -5863.5393
202.02428 -5869.3041
202.04089 -5816.5896
202.04089 -5822.342
202.0575 -6107.2865
202.0575 -6113.0341
202.07411 -6206.5187
202.07411 -6212.2788
202.09072 -5923.4503
202.09072 -5929.2281
202.10733 -5974.739
202.10733 -5980.4848
202.12394 -5441.2586
202.12394 -5447.0125
202.12947 -5685.5626
202.14055 -5315.9394
202.14055 -5321.6836
202.15716 -5924.0425
202.15716 -5929.7823
202.17376 -6108.5547
202.17376 -6114.3016
202.18484 -5997.2117
202.19037 -5836.5161
202.19037 -5842.2467
202.20698 -6070.5699
202.20698 -6076.3107
202.22359 -6035.1633
202.22359 -6040.9052
202.2402 -5846.3808
202.2402 -5852.1165
202.25681 -5425.1631
202.25681 -5430.8837
202.27342 -5695.0506
202.27342 -5700.7784
202.29003 -5892.5484
202.29003 -5898.2761
202.29556 -6101.1501
202.30664 -5275.2213
202.30664 -5280.9485
202.32324 -5879.4483
202.32324 -5885.1839
202.33985 -6080.621
202.33985 -6086.3425
202.35093 -6090.4272
202.35646 -5758.406
202.35646 -5764.1309
202.37307 -5809.4791
202.37307 -5815.188
202.38968 -5842.1166
202.38968 -5847.8387
202.40629 -6068.383
202.40629 -6074.1095
202.4229 -5523.2246
202.4229 -5528.9382
202.43951 -5593.7523
202.43951 -5599.4671
202.45611 -6035.0052
202.45611 -6040.7087
202.46165 -6031.9863
202.47272 -6055.3375
202.47272 -6061.0493
202.48933 -6074.1839
202.48933 -6079.8877
202.50594 -5954.4626
202.50594 -5960.1629
202.51701 -5987.3421
202.52255 -6115.496
202.52255 -6121.2006
202.53916 -5718.3365
202.53916 -5724.0419
202.55577 -5735.9035
202.55577 -5741.6154
202.57238 -5977.2472
202.57238 -5982.9538
202.58899 -5900.7859
202.58899 -5906.4924
202.60559 -5918.0048
202.60559 -5923.7214
202.6222 -5908.5965
202.6222 -5914.3128
202.62774 -5599.4727
202.63881 -6223.2254
202.63881 -6228.9588
202.65542 -6053.8889
202.65542 -6059.6092
202.67203 -5844.189
202.67203 -5849.9019
202.6831 -5723.584
202.68864 -6026.7603
202.68864 -6032.4926
202.70525 -6095.2777
202.70525 -6101.0001
202.72186 -5826.7291
202.72186 -5832.4308
202.73846 -5754.3851
202.73846 -5760.1052
202.75507 -6120.317
202.75507 -6126.0431
202.77168 -5958.9428
202.77168 -5964.6533
202.78829 -5932.2373
202.78829 -5937.9407
202.79383 -5853.154
202.8049 -5779.1674
202.8049 -5784.8888
202.82151 -5736.8464
202.82151 -5742.5551
202.83812 -5937.9463
202.83812 -5943.6661
202.84919 -5951.9591
202.85473 -6011.3487
202.85473 -6017.0691
202.87134 -5466.834
202.87134 -5472.546
202.88794 -5449.801
202.88794 -5455.5221
202.90455 -5954.2165
202.90455 -5959.9252
202.92116 -6129.6749
202.92116 -6135.3807
202.93777 -5763.3838
202.93777 -5769.0996
202.95438 -6083.6254
202.95438 -6089.3338
202.95992 -6157.3794
202.97099 -6121.6276
202.97099 -6127.342
202.9876 -5767.6016
202.9876 -5773.3047
203.00421 -6045.9967
203.00421 -6051.6948
203.01528 -6243.0886
203.02081 -6023.1956
203.02081 -6028.9136
203.03742 -5936.8845
203.03742 -5942.5838
203.05403 -5825.1307
203.05403 -5830.8294
203.07064 -6304.9563
203.07064 -6310.6521
203.08725 -5848.6961
203.08725 -5854.3802
203.10386 -5811.5751
203.10386 -5817.279
203.12047 -6065.8839
203.12047 -6071.5759
203.126 -6098.4123
203.13708 -6168.4333
203.13708 -6174.1091
203.15369 -5869.1997
203.15369 -5874.8824
203.17029 -5994.8499
203.17029 -6000.5409
203.18137 -5996.4721
203.1869 -5965.7779
203.1869 -5971.4725
203.20351 -5809.4119
203.20351 -5815.0977
203.22012 -5755.3588
203.22012 -5761.0524
203.23673 -5792.7967
203.23673 -5798.4948
203.25334 -5929.7415
203.25334 -5935.4266
203.26995 -6332.2218
203.26995 -6337.9252
203.28656 -6389.095
203.28656 -6394.8086
203.29209 -5984.2833
203.30316 -6012.0531
203.30316 -6017.7687
203.31977 -5813.7151
203.31977 -5819.4231
203.33638 -5862.0252
203.33638 -5867.7307
203.34746 -5784.3106
203.35299 -5931.7595
203.35299 -5937.4705
203.3696 -5681.7804
203.3696 -5687.4831
203.38621 -6028.4575
203.38621 -6034.1757
203.40282 -6385.3185
203.40282 -6391.0276
203.41943 -6052.6603
203.41943 -6058.3791
203.43604 -5848.9741
203.43604 -5854.69
203.45264 -6105.7372
203.45264 -6111.4321
203.45818 -6101.8191
203.46925 -6201.2369
203.46925 -6206.9322
203.48586 -6212.7111
203.48586 -6218.4169
203.50247 -6128.0928
203.50247 -6133.7909
203.51354 -6068.7587
203.51908 -5902.0127
203.51908 -5907.7039
203.53569 -6025.2669
203.53569 -6030.9701
203.5523 -6220.827
203.5523 -6226.5266
203.56891 -6087.7511
203.56891 -6093.4296
203.58552 -6325.0451
203.58552 -6330.7274
203.60212 -5714.2548
203.60212 -5719.9266
203.61873 -5904.6372
203.61873 -5910.332
203.62427 -6055.1223
203.63534 -6065.9716
203.63534 -6071.6685
203.65195 -5795.2244
203.65195 -5800.8915
203.66856 -6060.9894
203.66856 -6066.6465
203.67963 -6175.6433
203.68517 -5955.627
203.68517 -5961.3061
203.70178 -6324.5163
203.70178 -6330.192
203.71839 -5838.9926
203.71839 -5844.6722
203.73499 -5921.5808
203.73499 -5927.2671
203.7516 -6365.9985
203.7516 -6371.6737
203.76821 -6388.5583
203.76821 -6394.2273
203.78482 -6010.1915
203.78482 -6015.856
203.79036 -5849.3635
203.80143 -6196.7078
203.80143 -6202.3727
203.81804 -6595.3107
203.81804 -6600.9765
203.83465 -5892.7604
203.83465 -5898.4364
203.84572 -5978.442
203.85126 -5833.1087
203.85126 -5838.7851
203.86787 -6083.4137
203.86787 -6089.0912
203.88447 -6213.9171
203.88447 -6219.5867
203.90108 -6264.2914
203.90108 -6269.982
203.91769 -6496.9992
203.91769 -6502.6899
203.9343 -6327.4925
203.9343 -6333.1689
203.95091 -5706.2451
203.95091 -5711.9091
203.95645 -5785.1752
203.96752 -6000.8138
203.96752 -6006.4879
203.98413 -6001.1177
203.98413 -6006.7919
204.00074 -5945.413
204.00074 -5951.0777
204.01181 -6185.971
204.01734 -6061.7696
204.01734 -6067.4509
204.03395 -6365.4347
204.03395 -6371.1172
204.05056 -6057.3375
204.05056 -6063.0138
204.06717 -5741.926
204.06717 -5747.5976
204.08378 -6531.5554
204.08378 -6537.2355
204.10039 -6346.8984
204.10039 -6352.5814
204.117 -5855.0097
204.117 -5860.6824
204.12253 -5928.4907
204.13361 -5911.6947
204.13361 -5917.3626
204.15022 -6149.6344
204.15022 -6155.2953
204.16682 -6478.2754
204.16682 -6483.9247
204.1779 -5899.5983
204.18343 -5897.3872
204.18343 -5903.0554
204.20004 -6120.3512
204.20004 -6126.0105
204.21665 -6152.6837
204.21665 -6158.3382
204.23326 -5886.6082
204.23326 -5892.2655
204.24987 -6250.0313
204.24987 -6255.6844
204.26648 -6252.5581
204.26648 -6258.2158
204.28309 -6670.4544
204.28309 -6676.107
204.28862 -6531.6929
204.29969 -6271.9188
204.29969 -6277.5603
204.3163 -6245.5042
204.3163 -6251.1571
204.33291 -6433.8913
204.33291 -6439.5568
204.34398 -6328.0199
204.34952 -6632.7525
204.34952 -6638.4087
204.36613 -6083.3336
204.36613 -6088.9893
204.38274 -5987.5108
204.38274 -5993.1804
204.39935 -6549.3084
204.39935 -6554.967
204.41596 -6485.0248
204.41596 -6490.6869
204.43257 -5991.5224
204.43257 -5997.1881
204.44917 -5957.9837
204.44917 -5963.6506
204.45471 -5759.658
204.46578 -6399.1798
204.46578 -6404.8466
204.48239 -6017.6623
204.48239 -6023.3078
204.499 -5462.5556
204.499 -5468.2065
204.51007 -6057.0011
204.51561 -5977.9346
204.51561 -5983.5778
204.53222 -6704.7586
204.53222 -6710.4011
204.54883 -6030.9555
204.54883 -6036.6095
204.56544 -6091.8404
204.56544 -6097.4685
204.58204 -6439.4373
204.58204 -6445.0923
204.59865 -6341.863
204.59865 -6347.5198
204.61526 -6297.2758
204.61526 -6302.9136
204.6208 -6224.3212
204.63187 -6319.0364
204.63187 -6324.7046
204.64848 -6372.4671
204.64848 -6378.1399
204.66509 -6135.243
204.66509 -6140.8992
204.67616 -6541.193
204.6817 -6166.791
204.6817 -6172.4473
204.69831 -6057.481
204.69831 -6063.1566
204.71492 -6242.7151
204.71492 -6248.3581
204.73152 -6651.4805
204.73152 -6657.142
204.74813 -5917.0844
204.74813 -5922.7406
204.76474 -6436.0991
204.76474 -6441.7719
204.78135 -6278.0385
204.78135 -6283.6896
204.78689 -6497.9201
204.79796 -6199.0642
204.79796 -6204.7338
204.81457 -6225.2913
204.81457 -6230.9425
204.83118 -5969.4931
204.83118 -5975.1433
204.84225 -6738.9299
204.84779 -6796.4634
204.84779 -6802.1101
204.8644 -6498.9315
204.8644 -6504.5753
204.881 -6296.8477
204.881 -6302.51
204.89761 -6263.4609
204.89761 -6269.1143
204.91422 -5909.9434
204.91422 -5915.6171
204.93083 -6279.1143
204.93083 -6284.7627
204.94744 -6482.7635
204.94744 -6488.4292
204.95298 -6504.6295
204.96405 -6493.4601
204.96405 -6499.1199
204.98066 -6192.8706
204.98066 -6198.5032
204.99727 -6183.3044
204.99727 -6188.9401
205.00834 -6521.5241
205.01387 -6589.9459
205.01387 -6595.5931
205.03048 -6722.0836
205.03048 -6727.7375
205.04709 -6524.9151
205.04709 -6530.5597
205.0637 -6108.5035
205.0637 -6114.1379
205.08031 -6105.0487
205.08031 -6110.7006
205.09692 -6487.587
205.09692 -6493.2255
205.11353 -6270.1235
205.11353 -6275.7661
205.11906 -6261.0313
205.13014 -6341.7793
205.13014 -6347.4197
205.14675 -6006.4079
205.14675 -6012.0441
205.16335 -6365.4843
205.16335 -6371.1237
205.17443 -6420.6348
205.17996 -6595.6062
205.17996 -6601.2491
205.19657 -5954.257
205.19657 -5959.8986
205.21318 -6283.8089
205.21318 -6289.4478
205.22979 -6230.7334
205.22979 -6236.3618
205.2464 -6250.2625
205.2464 -6255.8975
205.26301 -6304.0847
205.26301 -6309.7304
205.27962 -6266.1498
205.27962 -6271.8065
205.28515 -6496.0571
205.29622 -6270.5258
205.29622 -6276.1669
205.31283 -6290.6298
205.31283 -6296.2733
205.32944 -6661.9066
205.32944 -6667.5503
205.34051 -6074.2965
205.34605 -5952.0073
205.34605 -5957.6474
205.36266 -5846.6075
205.36266 -5852.2534
205.37927 -6430.5354
205.37927 -6436.1779
205.39588 -6466.6881
205.39588 -6472.3448
205.41249 -6194.9965
205.41249 -6200.6533
205.4291 -6003.2044
205.4291 -6008.8683
205.4457 -6337.6562
205.4457 -6343.3014
205.45124 -6299.5717
205.46231 -6222.2781
205.46231 -6227.9448
205.47892 -6108.2202
205.47892 -6113.8815
205.49553 -6640.081
205.49553 -6645.7433
205.5066 -6065.6693
205.51214 -6551.9308
205.51214 -6557.6029
205.52875 -6284.4963
205.52875 -6290.1442
205.54536 -6399.8522
205.54536 -6405.4991
205.56197 -6380.2066
205.56197 -6385.8562
205.57857 -6507.1695
205.57857 -6512.8099
205.59518 -6242.8153
205.59518 -6248.4426
205.61179 -6453.4302
205.61179 -6459.0438
205.61733 -6424.2031
205.6284 -6271.3186
205.6284 -6276.9603
205.64501 -6395.126
205.64501 -6400.7577
205.66162 -6534.3801
205.66162 -6539.9787
205.67269 -6605.6943
205.67823 -6556.3856
205.67823 -6562.0203
205.69484 -6625.4438
205.69484 -6631.0541
205.71145 -6331.1947
205.71145 -6336.8283
205.72805 -6268.2704
205.72805 -6273.908
205.74466 -6544.8209
205.74466 -6550.4263
205.76127 -6454.8067
205.76127 -6460.4165
205.77788 -6252.705
205.77788 -6258.3268
205.78342 -6590.8836
205.79449 -6219.4942
205.79449 -6225.0924
205.8111 -6244.2592
205.8111 -6249.8775
205.82771 -6802.248
205.82771 -6807.873
205.83878 -6775.744
205.84432 -6505.4716
205.84432 -6511.0797
205.86092 -6521.2812
205.86092 -6526.8925
205.87753 -6814.8815
205.87753 -6820.5051
205.89414 -6861.8725
205.89414 -6867.4959
205.91075 -6486.0801
205.91075 -6491.6973
205.92736 -6654.3649
205.92736 -6659.9833
205.94397 -6743.039
205.94397 -6748.6548
205.94951 -6880.2168
205.96058 -6460.1802
205.96058 -6465.7869
205.97719 -6344.123
205.97719 -6349.7611
205.9938 -7075.802
205.9938 -7081.4285
206.00487 -6174.2479
206.0104 -6396.4256
206.0104 -6402.0543
206.02701 -6361.5543
206.02701 -6367.1823
206.04362 -6264.3336
206.04362 -6269.9635
206.06023 -6453.5426
206.06023 -6459.1877
206.07684 -6636.8016
206.07684 -6642.4173
206.09345 -6338.1882
206.09345 -6343.8153
206.11006 -6846.4093
206.11006 -6852.0521
206.11559 -6772.2496
206.12667 -6878.4097
206.12667 -6884.0622
206.14328 -6677.8693
206.14328 -6683.5024
206.15988 -6523.7989
206.15988 -6529.442
206.17096 -6485.0655
206.17649 -6430.0415
206.17649 -6435.683
206.1931 -6727.9176
206.1931 -6733.5627
206.20971 -6202.6925
206.20971 -6208.3361
206.22632 -6660.9824
206.22632 -6666.6407
206.24293 -6761.8509
206.24293 -6767.4833
206.25954 -6275.8545
206.25954 -6281.4929
206.27615 -6526.698
206.27615 -6532.3362
206.28168 -6509.523
206.29275 -6569.4332
206.29275 -6575.0845
206.30936 -6655.6834
206.30936 -6661.3382
206.32597 -6445.1837
206.32597 -6450.8302
206.33704 -6497.5895
206.34258 -6757.3176
206.34258 -6762.9822
206.35919 -6747.0182
206.35919 -6752.6913
206.3758 -6317.4761
206.3758 -6323.1271
206.39241 -6439.0938
206.39241 -6444.7849
206.40902 -6679.4416
206.40902 -6685.0918
206.42563 -6863.2302
206.42563 -6868.8914
206.44223 -6583.1185
206.44223 -6588.7788
206.44777 -6609.1592
206.45884 -6340.3081
206.45884 -6345.9628
206.47545 -6460.1613
206.47545 -6465.8168
206.49206 -6855.3265
206.49206 -6860.9645
206.50313 -6578.2891
206.50867 -6603.841
206.50867 -6609.4791
206.52528 -6348.7943
206.52528 -6354.4376
206.54189 -6227.305
206.54189 -6232.9444
206.5585 -6898.3566
206.5585 -6904.0016
206.5751 -6700.7893
206.5751 -6706.4231
206.59171 -6291.3497
206.59171 -6296.9957
206.60832 -6620.729
206.60832 -6626.3692
206.61386 -6685.1523
206.62493 -6346.7931
206.62493 -6352.4185
206.64154 -6465.2248
206.64154 -6470.8393
206.65815 -6350.9945
206.65815 -6356.6129
206.66922 -6886.2531
206.67476 -6582.3454
206.67476 -6587.985
206.69137 -6861.1837
206.69137 -6866.8061
206.70798 -6626.4341
206.70798 -6632.0591
206.72458 -6344.3858
206.72458 -6350.0041
206.74119 -6600.5109
206.74119 -6606.1378
206.7578 -6990.0768
206.7578 -6995.6945
206.77441 -6364.2178
206.77441 -6369.8296
206.77995 -6525.8021
206.79102 -6613.9277
206.79102 -6619.5433
206.80763 -6115.3052
206.80763 -6120.9227
206.82424 -6302.4881
206.82424 -6308.1091
206.83531 -6524.847
206.84085 -6472.7805
206.84085 -6478.3976
206.85745 -7001.1232
206.85745 -7006.7378
206.87406 -6750.1534
206.87406 -6755.7768
206.89067 -6480.8028
206.89067 -6486.4228
206.90728 -6598.9375
206.90728 -6604.5488
206.92389 -6527.9606
206.92389 -6533.5778
206.9405 -6684.4045
206.9405 -6690.0144
206.94604 -6588.6073
206.95711 -6522.3613
206.95711 -6527.9804
206.97372 -6762.1661
206.97372 -6767.7839
206.99033 -6906.3802
206.99033 -6911.9761
207.0014 -6628.0545
207.00693 -7031.6555
207.00693 -7037.2516
207.02354 -6848.1993
207.02354 -6853.797
207.04015 -6966.2901
207.04015 -6971.8804
207.05676 -6877.0944
207.05676 -6882.7001
207.07337 -6653.7191
207.07337 -6659.3079
207.08998 -6464.6453
207.08998 -6470.2535
207.10659 -6757.281
207.10659 -6762.8745
207.11212 -6456.3952
207.1232 -6539.9374
207.1232 -6545.547
207.1398 -6667.9963
207.1398 -6673.6094
207.15641 -6491.1574
207.15641 -6496.7646
207.16749 -6482.7184
207.17302 -6872.8938
207.17302 -6878.5077
207.18963 -7184.0118
207.18963 -7189.6329
207.20624 -6698.5285
207.20624 -6704.1465
207.22285 -7116.7757
207.22285 -7122.3754
207.23946 -6897.2544
207.23946 -6902.8776
207.25607 -6585.892
207.25607 -6591.5067
207.27268 -6849.4538
207.27268 -6855.0743
207.27821 -6773.5226
207.28928 -6708.6581
207.28928 -6714.2743
207.30589 -7156.5196
207.30589 -7162.1364
207.3225 -6897.6147
207.3225 -6903.2355
207.33357 -6838.9659
207.33911 -6726.2989
207.33911 -6731.9022
207.35572 -6578.3735
207.35572 -6583.9917
207.37233 -6828.5216
207.37233 -6834.139
207.38894 -6718.8442
207.38894 -6724.4622
207.40555 -6983.9103
207.40555 -6989.5417
207.42216 -6844.5556
207.42216 -6850.1585
207.43876 -6728.0755
207.43876 -6733.7003
207.4443 -7136.8766
207.45537 -6947.5231
207.45537 -6953.1371
207.47198 -7245.034
207.47198 -7250.6414
207.48859 -6828.6293
207.48859 -6834.228
207.49966 -6817.0365
207.5052 -6481.9148
207.5052 -6487.5317
207.52181 -6942.0801
207.52181 -6947.6753
207.53842 -6684.8342
207.53842 -6690.4189
207.55503 -6830.2034
207.55503 -6835.7904
207.57163 -6601.1372
207.57163 -6606.7144
207.58824 -6883.7362
207.58824 -6889.3237
207.60485 -6942.0553
207.60485 -6947.6418
207.61039 -7168.4273
207.62146 -6618.4077
207.62146 -6623.992
207.63807 -6949.9891
207.63807 -6955.5794
207.65468 -7055.644
207.65468 -7061.2237
207.66575 -6577.7206
207.67129 -6827.8762
207.67129 -6833.4749
207.6879 -6640.1624
207.6879 -6645.7421
207.70451 -6590.2387
207.70451 -6595.8326
207.72111 -6649.8217
207.72111 -6655.3918
207.73772 -6811.8967
207.73772 -6817.48
207.75433 -6771.6098
207.75433 -6777.2082
207.77094 -6762.0352
207.77094 -6767.6194
207.77648 -6767.1006
207.78755 -6748.4218
207.78755 -6753.9947
207.80416 -6761.8026
207.80416 -6767.3853
207.82077 -6782.2017
207.82077 -6787.7679
207.83184 -6838.0546
207.83738 -6629.7011
207.83738 -6635.2715
207.85398 -6596.3038
207.85398 -6601.8849
207.87059 -6653.3955
207.87059 -6658.9722
207.8872 -7044.6798
207.8872 -7050.259
207.90381 -6619.6972
207.90381 -6625.2892
207.92042 -7012.629
207.92042 -7018.2135
207.93703 -6844.768
207.93703 -6850.3608
207.94257 -6777.7521
207.95364 -6894.253
207.95364 -6899.8263
207.97025 -6997.5484
207.97025 -7003.1256
207.98686 -7206.4522
207.98686 -7212.0213
207.99793 -7234.4514
208.00346 -6969.1089
208.00346 -6974.6825
208.02007 -6664.1451
208.02007 -6669.7163
208.03668 -6924.5237
208.03668 -6930.1019
208.05329 -6802.9714
208.05329 -6808.5402
208.0699 -6573.7332
208.0699 -6579.335
208.08651 -7147.6881
208.08651 -7153.2663
208.10312 -7183.1406
208.10312 -7188.7287
208.10865 -6727.8849
208.11973 -6513.8182
208.11973 -6519.4045
208.13633 -7088.2694
208.13633 -7093.8543
208.15294 -7044.0492
208.15294 -7049.6224
208.16402 -6973.8349
208.16955 -6933.6292
208.16955 -6939.1961
208.18616 -6738.2651
208.18616 -6743.8544
208.20277 -7251.1851
208.20277 -7256.766
208.21938 -7549.9875
208.21938 -7555.5724
208.23599 -7129.8148
208.23599 -7135.3858
208.2526 -6899.3577
208.2526 -6904.9325
208.26921 -6794.0066
208.26921 -6799.5824
208.27474 -7018.7791
208.28581 -7136.8195
208.28581 -7142.3844
208.30242 -6706.5583
208.30242 -6712.1151
208.31903 -6602.1006
208.31903 -6607.6705
208.3301 -6683.0297
208.33564 -7064.6997
208.33564 -7070.2617
208.35225 -6836.2884
208.35225 -6841.8411
208.36886 -6890.8802
208.36886 -6896.4368
208.38547 -6913.9803
208.38547 -6919.5467
208.40208 -6971.3309
208.40208 -6976.8912
208.41868 -7031.114
208.41868 -7036.6613
208.43529 -6591.9761
208.43529 -6597.5255
208.44083 -7099.7328
208.4519 -6649.5746
208.4519 -6655.1244
208.46851 -7262.2508
208.46851 -7267.805
208.48512 -7035.3646
208.48512 -7040.9109
208.49619 -6986.6479
208.50173 -7112.3384
208.50173 -7117.8637
208.51834 -7216.9619
208.51834 -7222.4842
208.53495 -7096.158
208.53495 -7101.7017
208.55156 -7098.6627
208.55156 -7104.2047
208.56816 -6573.7858
208.56816 -6579.3388
208.58477 -6922.7151
208.58477 -6928.2659
208.60138 -6997.2744
208.60138 -7002.8144
208.60692 -6847.2813
208.61799 -6979.6538
208.61799 -6985.2193
208.6346 -7074.5052
208.6346 -7080.0602
208.65121 -7259.4912
208.65121 -7265.0536
208.66228 -6899.5743
208.66782 -7130.61
208.66782 -7136.164
208.68443 -6600.6345
208.68443 -6606.2043
208.70103 -6718.8224
208.70103 -6724.3859
208.71764 -6937.376
208.71764 -6942.9592
208.73425 -7045.2734
208.73425 -7050.8451
208.75086 -7002.385
208.75086 -7007.9866
208.76747 -7216.9985
208.76747 -7222.5799
208.77301 -6731.319
208.78408 -6834.2864
208.78408 -6839.8521
208.80069 -6845.707
208.80069 -6851.2746
208.8173 -6956.3153
208.8173 -6961.8683
208.82837 -7204.3413
208.83391 -7201.3512
208.83391 -7206.9277
208.85051 -6989.8023
208.85051 -6995.36
208.86712 -6855.6423
208.86712 -6861.2005
208.88373 -6999.4945
208.88373 -7005.0475
208.90034 -7397.4003
208.90034 -7402.953
208.91695 -7526.8534
208.91695 -7532.405
208.93356 -6875.0804
208.93356 -6880.6303
208.93909 -6961.4896
208.95017 -7257.3238
208.95017 -7262.8932
208.96678 -6957.0324
208.96678 -6962.5921
208.98339 -7039.9059
208.98339 -7045.4509
208.99446 -6973.0789
208.99999 -6811.9535
208.99999 -6817.4996
209.0166 -7032.2125
209.0166 -7037.7399
209.03321 -7043.4968
209.03321 -7049.0479
209.04982 -6846.5057
209.04982 -6852.0477
209.06643 -7246.9401
209.06643 -7252.4996
209.08304 -7331.3705
209.08304 -7336.9202
209.09965 -7012.6532
209.09965 -7018.1895
209.10518 -7227.4726
209.11626 -6889.2203
209.11626 -6894.772
209.13286 -6836.804
209.13286 -6842.3709
209.14947 -7208.7425
209.14947 -7214.2992
209.16055 -7194.709
209.16608 -7114.0012
209.16608 -7119.5512
209.18269 -6593.4933
209.18269 -6599.0557
209.1993 -6688.7401
209.1993 -6694.3013
209.21591 -7304.6084
209.21591 -7310.1525
209.23252 -7174.1973
209.23252 -7179.7597
209.24913 -6951.6413
209.24913 -6957.2016
209.26574 -7477.3146
209.26574 -7482.8445
209.27127 -7477.2418
209.28234 -7418.334
209.28234 -7423.8677
209.29895 -7204.9248
209.29895 -7210.4656
209.31556 -6718.1649
209.31556 -6723.7043
209.32663 -7544.1075
209.33217 -7153.983
209.33217 -7159.501
209.34878 -7227.0453
209.34878 -7232.5707
209.36539 -6950.1558
209.36539 -6955.6645
209.382 -6972.7193
209.382 -6978.2383
209.39861 -7058.0063
209.39861 -7063.5069
209.41521 -7308.3966
209.41521 -7313.9068
209.43182 -7081.2643
209.43182 -7086.7723
209.43736 -7126.1475
209.44843 -7059.684
209.44843 -7065.2009
209.46504 -7360.5996
209.46504 -7366.1038
209.48165 -7260.6351
209.48165 -7266.1325
209.49272 -7011.733
209.49826 -7488.5894
209.49826 -7494.0703
209.51487 -7500.8172
209.51487 -7506.3196
209.53148 -7038.7414
209.53148 -7044.234
209.54809 -7081.6986
209.54809 -7087.1952
209.56469 -6994.2174
209.56469 -6999.7204
209.5813 -7030.6273
209.5813 -7036.1192
209.59791 -7224.7711
209.59791 -7230.2825
209.60345 -7269.7087
209.61452 -7033.1104
209.61452 -7038.6003
209.63113 -7582.8526
209.63113 -7588.3451
209.64774 -7522.9427
209.64774 -7528.4357
209.65881 -7093.6818
209.66435 -6984.2781
209.66435 -6989.7743
209.68096 -7175.799
209.68096 -7181.3066
209.69756 -7332.6073
209.69756 -7338.1056
209.71417 -7141.3854
209.71417 -7146.8996
209.73078 -7081.5608
209.73078 -7087.0729
209.74739 -7221.1378
209.74739 -7226.6397
209.764 -7118.9953
209.764 -7124.5062
209.76954 -6926.8371
209.78061 -7247.717
209.78061 -7253.2312
209.79722 -6898.8527
209.79722 -6904.3463
209.81383 -6977.0275
209.81383 -6982.5461
209.8249 -7159.0189
209.83044 -7225.6361
209.83044 -7231.1401
209.84704 -6810.461
209.84704 -6815.9635
209.86365 -7015.9144
209.86365 -7021.4156
209.88026 -7173.8228
209.88026 -7179.3188
209.89687 -7200.2158
209.89687 -7205.7251
209.91348 -7202.6218
209.91348 -7208.1347
209.93009 -6962.1989
209.93009 -6967.699
209.93562 -7169.6234
209.9467 -6873.7418
209.9467 -6879.2447
209.96331 -7049.8902
209.96331 -7055.3782
209.97991 -6985.0509
209.97991 -6990.5494
209.99099 -6604.864
209.99652 -7115.6138
209.99652 -7121.1074
210.01313 -7417.0825
210.01313 -7422.5879
210.02974 -7389.617
210.02974 -7395.1281
210.04635 -6624.6008
210.04635 -6630.1049
210.06296 -7118.5342
210.06296 -7124.0612
210.07957 -7112.0838
210.07957 -7117.5921
210.09618 -7191.2101
210.09618 -7196.7014
210.10171 -7007.9506
210.11279 -7460.1521
210.11279 -7465.6498
210.12939 -6985.7054
210.12939 -6991.2061
210.146 -7700.5717
210.146 -7706.0775
210.15708 -7099.4809
210.16261 -7411.9236
210.16261 -7417.4231
210.17922 -7070.1175
210.17922 -7075.6158
210.19583 -7390.3805
210.19583 -7395.887
210.21244 -7197.5939
210.21244 -7203.0928
210.22905 -7539.6195
210.22905 -7545.1227
210.24566 -7456.6816
210.24566 -7462.188
210.26227 -7329.3352
210.26227 -7334.8322
210.2678 -7202.7836
210.27887 -7265.2107
210.27887 -7270.7273
210.29548 -7321.3246
210.29548 -7326.8301
210.31209 -7564.7118
210.31209 -7570.177
210.32316 -7128.1311
210.3287 -6906.7169
210.3287 -6912.2102
210.34531 -7403.9453
210.34531 -7409.4417
210.36192 -7589.9221
210.36192 -7595.4336
210.37853 -7224.3332
210.37853 -7229.8343
210.39514 -7311.0448
210.39514 -7316.558
210.41174 -7247.3303
210.41174 -7252.8361
210.42835 -7121.6381
210.42835 -7127.1509
210.43389 -7265.5945
210.44496 -7140.0842
210.44496 -7146.6284
210.46157 -7330.5124
210.46157 -7336.0178
210.47818 -7236.4897
210.47818 -7241.992
210.48925 -6925.3304
210.49479 -7477.7983
210.49479 -7483.3041
210.5114 -7633.6097
210.5114 -7639.1101
210.52801 -7612.8339
210.52801 -7618.3392
210.54462 -7202.0847
210.54462 -7207.6077
210.56122 -7247.9638
210.56122 -7253.4778
210.57783 -7550.4687
210.57783 -7555.9814
210.59444 -7211.2281
210.59444 -7216.7236
210.59998 -7502.6795
210.61105 -7740.823
210.61105 -7746.3253
210.62766 -7344.9389
210.62766 -7350.44
210.64427 -7545.3092
210.64427 -7550.8064
210.65534 -7473.6856
210.66088 -7524.3854
210.66088 -7529.8732
210.67749 -7323.1989
210.67749 -7328.6855
210.69409 -7698.9885
210.69409 -7704.4896
210.7107 -7339.6918
210.7107 -7345.2043
210.72731 -7181.6227
210.72731 -7187.1265
210.74392 -7479.9498
210.74392 -7485.4513
210.76053 -7715.7133
210.76053 -7721.2165
210.76607 -7883.2664
210.77714 -7422.9909
210.77714 -7428.5023
210.79375 -7429.9872
210.79375 -7435.4823
210.81036 -7742.8394
210.81036 -7748.35
210.82143 -7312.6043
210.82697 -7556.3909
210.82697 -7561.8955
210.84357 -6924.9097
210.84357 -6930.4009
210.86018 -7531.841
210.86018 -7537.3258
210.87679 -7472.0488
210.87679 -7477.5571
210.8934 -7783.5768
210.8934 -7789.0792
210.91001 -7714.5881
210.91001 -7720.1013
210.92662 -7583.8756
210.92662 -7589.3813
210.93215 -7339.4523
210.94323 -7410.7533
210.94323 -7416.2737
210.95984 -7095.2671
210.95984 -7100.7589
210.97644 -7646.4089
210.97644 -7651.9152
210.98752 -7172.0263
210.99305 -7471.4059
210.99305 -7476.9025
211.00966 -6993.677
211.00966 -6999.193
211.02627 -7601.2306
211.02627 -7606.7266
211.04288 -7708.2062
211.04288 -7713.7129
211.05949 -7294.7158
211.05949 -7300.21
211.0761 -7565.404
211.0761 -7570.9081
211.09271 -7629.6993
211.09271 -7635.1901
211.09824 -7383.9553
211.10932 -7527.8756
211.10932 -7533.3575
211.12592 -7442.1144
211.12592 -7447.5926
211.14253 -7576.5717
211.14253 -7582.0539
211.15361 -6916.6117
211.15914 -7293.8135
211.15914 -7299.2897
211.17575 -7887.323
211.17575 -7892.8203
211.19236 -7783.4027
211.19236 -7788.8883
211.20897 -7222.0416
211.20897 -7227.5357
211.22558 -7571.9135
211.22558 -7577.3973
211.24219 -7389.5264
211.24219 -7395.0271
211.25879 -7463.9873
211.25879 -7469.4756
211.26433 -7477.6095
211.2754 -7710.8671
211.2754 -7715.3111
211.29201 -7679.8785
211.29201 -7685.3573
211.30862 -7730.3774
211.30862 -7735.8519
211.31969 -7289.6856
211.32523 -7471.9825
211.32523 -7477.4681
211.34184 -7599.0702
211.34184 -7604.5539
211.35845 -7467.2296
211.35845 -7472.697
211.37506 -7708.9082
211.37506 -7714.3782
211.39167 -7431.0835
211.39167 -7436.5511
211.40827 -7198.2893
211.40827 -7203.7424
211.42488 -8003.4964
211.42488 -8008.9776
211.43042 -7850.1064
211.44149 -7658.8661
211.44149 -7664.3392
211.4581 -7256.5055
211.4581 -7261.9693
211.47471 -7502.1219
211.47471 -7507.5946
211.48578 -7391.5048
211.49132 -7533.332
211.49132 -7538.7981
211.50793 -7736.7245
211.50793 -7742.1937
211.52454 -7582.9622
211.52454 -7588.428
211.54115 -7322.1962
211.54115 -7327.6832
211.55775 -7577.4854
211.55775 -7582.9595
211.57436 -7243.9923
211.57436 -7249.4528
211.59097 -7255.9067
211.59097 -7261.3683
211.59651 -7689.7261
211.60758 -7516.2886
211.60758 -7521.7523
211.62419 -7498.7325
211.62419 -7504.2044
211.6408 -7539.503
211.6408 -7544.9829
211.65187 -7372.3332
211.65741 -7212.0452
211.65741 -7217.5167
211.67402 -7498.008
211.67402 -7503.4908
211.69062 -7848.0499
211.69062 -7853.5064
211.70723 -7599.7723
211.70723 -7605.233
211.72384 -7487.7228
211.72384 -7493.1773
211.74045 -7144.3384
211.74045 -7149.7995
211.75706 -7488.6909
211.75706 -7494.1379
211.7626 -7310.3761
211.77367 -7439.4475
211.77367 -7444.9194
211.79028 -7505.118
211.79028 -7510.5722
211.80689 -7214.6325
211.80689 -7220.1186
211.81796 -7657.161
211.8235 -7662.0651
211.8235 -7667.5357
211.8401 -7989.2465
211.8401 -7994.7107
211.85671 -7650.4945
211.85671 -7655.9607
211.87332 -7639.301
211.87332 -7644.7582
211.88993 -7931.024
211.88993 -7936.4896
211.90654 -7480.1666
211.90654 -7485.6242
211.92315 -7625.247
211.92315 -7630.706
211.92868 -7607.4186
211.93976 -7350.5094
211.93976 -7355.963
211.95637 -7755.7111
211.95637 -7761.1567
211.97297 -7684.9158
211.97297 -7690.3682
211.98405 -8126.0205
211.98958 -7585.0749
211.98958 -7590.5335
212.00619 -7713.7659
212.00619 -7719.2235
212.0228 -7321.2216
212.0228 -7326.6891
212.03941 -7675.322
212.03941 -7680.8031
212.05602 -7596.4859
212.05602 -7601.9542
212.07263 -7459.0663
212.07263 -7464.524
212.08924 -7937.7783
212.08924 -7943.2319
212.09477 -7821.3138
212.10585 -7716.5481
212.10585 -7723.1168
212.12245 -7130.8408
212.12245 -7136.2957
212.13906 -7433.2675
212.13906 -7438.729
212.15014 -7678.1619
212.15567 -7493.1647
212.15567 -7498.6225
212.17228 -7533.3803
212.17228 -7538.8412
212.18889 -7468.5161
212.18889 -7473.9757
212.2055 -7552.1264
212.2055 -7557.6007
212.22211 -7434.2175
212.22211 -7439.6815
212.23872 -7641.3887
212.23872 -7646.858
212.25532 -7395.0628
212.25532 -7400.5572
212.26086 -7202.2789
212.27193 -7043.5186
212.27193 -7048.9859
212.28854 -7549.2653
212.28854 -7554.729
212.30515 -7706.7066
212.30515 -7712.1747
212.31622 -7917.6419
212.32176 -7539.3611
212.32176 -7544.8302
212.33837 -7731.0072
212.33837 -7736.4656
212.35498 -7689.8281
212.35498 -7695.2925
212.37159 -7941.307
212.37159 -7946.7737
212.3882 -7330.103
212.3882 -7335.5805
212.4048 -7579.9172
212.4048 -7585.386
212.42141 -7662.6906
212.42141 -7668.1557
212.42695 -7653.0933
212.43802 -7588.1434
212.43802 -7593.6143
212.45463 -7741.2865
212.45463 -7746.7544
212.47124 -7482.3254
212.47124 -7487.8076
212.48231 -7507.0858
212.48785 -7798.7358
212.48785 -7804.1978
212.50446 -7951.5383
212.50446 -7957.0096
212.52107 -7803.7408
212.52107 -7809.2008
212.53767 -7325.2656
212.53767 -7330.7325
212.55428 -7603.6905
212.55428 -7609.1475
212.57089 -7458.5863
212.57089 -7464.0384
212.5875 -7458.4988
212.5875 -7463.9541
212.59304 -7691.5334
212.60411 -7647.7579
212.60411 -7653.213
212.62072 -8112.9788
212.62072 -8118.4235
212.63733 -7842.6616
212.63733 -7848.1132
212.6484 -7776.314
212.65394 -7411.4486
212.65394 -7415.8166
212.67055 -8253.5221
212.67055 -8258.9565
212.68715 -7747.341
212.68715 -7752.7922
212.70376 -7342.9214
212.70376 -7348.3708
212.72037 -7604.5956
212.72037 -7610.0322
212.73698 -7897.9495
212.73698 -7903.3826
212.75359 -7416.1036
212.75359 -7421.5579
212.75913 -7804.3856
212.7702 -7324.1871
212.7702 -7329.6292
212.78681 -7858.0424
212.78681 -7863.4804
212.80342 -7730.073
212.80342 -7735.5115
212.81449 -7815.6224
212.82003 -7161.605
212.82003 -7167.0196
212.83663 -7568.5191
212.83663 -7573.9427
212.85324 -8321.8243
212.85324 -8327.2533
212.86985 -7809.5846
212.86985 -7814.9911
212.88646 -7325.5443
212.88646 -7330.9861
212.90307 -7986.7617
212.90307 -7992.1854
212.91968 -7695.3503
212.91968 -7700.7816
212.92521 -7847.4047
212.93629 -7348.2727
212.93629 -7353.7029
212.9529 -7313.7927
212.9529 -7319.2356
212.9695 -7841.4102
212.9695 -7846.8624
212.98058 -7463.1359
212.98611 -7775.5413
212.98611 -7780.9915
213.00272 -7692.7224
213.00272 -7698.1535
213.01933 -7501.0296
213.01933 -7506.4825
213.03594 -8150.9094
213.03594 -8156.3436
213.05255 -8231.0403
213.05255 -8236.4494
213.06916 -7895.4336
213.06916 -7900.8745
213.08577 -7706.7176
213.08577 -7712.1575
213.0913 -7897.8417
213.10238 -7609.7163
213.10238 -7615.1576
213.11898 -7969.4026
213.11898 -7974.8518
213.13559 -7798.9122
213.13559 -7805.3463
213.14667 -7359.3233
213.1522 -7905.0619
213.1522 -7910.4952
213.16881 -7715.7398
213.16881 -7721.1698
213.18542 -8057.8719
213.18542 -8063.307
213.20203 -7927.08
213.20203 -7932.5063
213.21864 -7775.9132
213.21864 -7781.3384
213.23525 -7693.0278
213.23525 -7698.4683
213.25185 -7726.0638
213.25185 -7731.4942
213.25739 -7403.1802
213.26846 -7628.3272
213.26846 -7633.7743
213.28507 -8061.7805
213.28507 -8067.2458
213.30168 -8143.8527
213.30168 -8149.3039
213.31275 -7270.9064
213.31829 -7809.9141
213.31829 -7815.3522
213.3349 -7704.6576
213.3349 -7710.0932
213.35151 -8035.5291
213.35151 -8040.9853
213.36812 -7844.1309
213.36812 -7849.5602
213.38473 -8052.6379
213.38473 -8058.0553
213.40133 -8078.7361
213.40133 -8084.1749
213.41794 -7703.6082
213.41794 -7709.0386
213.42348 -7874.699
213.43455 -7895.281
213.43455 -7900.7201
213.45116 -8016.0477
213.45116 -8021.4684
213.46777 -7796.259
213.46777 -7801.6624
213.47884 -7813.5574
213.48438 -7903.7574
213.48438 -7909.1759
213.50099 -7629.3914
213.50099 -7634.8175
213.5176 -7888.8721
213.5176 -7894.2884
213.5342 -8113.8459
213.5342 -8119.2732
213.55081 -7471.6634
213.55081 -7477.0779
213.56742 -8071.5662
213.56742 -8076.9879
213.58403 -8494.3219
213.58403 -8499.745
213.58957 -7943.3737
213.60064 -7520.8855
213.60064 -7526.2944
213.61725 -7782.8753
213.61725 -7788.3199
213.63386 -8059.5191
213.63386 -8064.9295
213.64493 -7662.4841
213.65047 -7530.1428
213.65047 -7535.5464
213.66708 -7897.5173
213.66708 -7902.9435
213.68368 -8071.1552
213.68368 -8076.5502
213.70029 -8142.9557
213.70029 -8148.3607
213.7169 -7814.7742
213.7169 -7820.1707
213.73351 -7748.6979
213.73351 -7754.0977
213.75012 -8160.1445
213.75012 -8165.5433
213.75566 -7697.3763
213.76673 -7951.0022
213.76673 -7956.4047
213.78334 -7626.724
213.78334 -7632.1113
213.79995 -8264.0038
213.79995 -8269.397
213.81102 -8220.3816
213.81655 -8061.2473
213.81655 -8066.6506
213.83316 -8151.7927
213.83316 -8157.206
213.84977 -7967.867
213.84977 -7973.2704
213.86638 -7720.9881
213.86638 -7726.3866
213.88299 -7771.3909
213.88299 -7776.7929
213.8996 -7601.7214
213.8996 -7607.1287
213.91621 -7915.2723
213.91621 -7920.7046
213.92174 -8106.8976
213.93282 -7901.9397
213.93282 -7907.355
213.94943 -7947.4437
213.94943 -7952.8438
213.96603 -7857.2719
213.96603 -7862.6938
213.97711 -8031.1153
213.98264 -8025.2289
213.98264 -8030.6451
213.99925 -8106.6468
213.99925 -8112.0535
214.01586 -7887.404
214.01586 -7892.8261
214.03247 -7999.1165
214.03247 -8004.5405
214.04908 -7642.5593
214.04908 -7652.5241
214.06569 -7870.1388
214.06569 -7875.5616
214.0823 -8102.2296
214.0823 -8107.6387
214.08783 -7971.3692
214.09891 -8148.4927
214.09891 -8153.9287
214.11551 -7872.8593
214.11551 -7878.2855
214.13212 -8088.7563
214.13212 -8094.1717
214.1432 -7731.4363
214.14873 -7993.3188
214.14873 -7998.7438
214.16534 -7967.4594
214.16534 -7972.862
214.18195 -7755.1137
214.18195 -7760.5306
214.19856 -7906.975
214.19856 -7912.3918
214.21517 -8030.9943
214.21517 -8036.3977
214.23178 -8152.9065
214.23178 -8158.3181
214.24838 -8428.4141
214.24838 -8433.8291
214.25392 -8421.5765
214.26499 -8229.6452
214.26499 -8235.0398
214.2816 -7952.9619
214.2816 -7958.3559
214.29821 -8076.3757
214.29821 -8081.7959
214.30928 -7919.3657
214.31482 -7680.6359
214.31482 -7686.051
214.33143 -8162.2542
214.33143 -8167.6614
214.34804 -8330.096
214.34804 -8335.5133
214.36465 -8338.3412
214.36465 -8343.7379
214.38126 -8439.1066
214.38126 -8444.5053
214.39786 -8032.9876
214.39786 -8038.3841
214.41447 -8243.8803
214.41447 -8249.2745
214.42001 -8362.0539
214.43108 -7923.304
214.43108 -7928.7219
214.44769 -7792.892
214.44769 -7798.2762
214.4643 -7858.7743
214.4643 -7864.1799
214.47537 -7881.8258
214.48091 -7970.6886
214.48091 -7976.0852
214.49752 -7976.6877
214.49752 -7982.0932
214.51413 -8156.4289
214.51413 -8161.8314
214.53073 -8045.1849
214.53073 -8050.5958
214.54734 -8151.5226
214.54734 -8156.9277
214.56395 -8113.8861
214.56395 -8119.288
214.58056 -7999.0189
214.58056 -8004.4244
214.5861 -8068.9194
214.59717 -7963.9518
214.59717 -7969.3617
214.61378 -7752.1907
214.61378 -7757.5968
214.63039 -8259.6721
214.63039 -8265.0783
214.64146 -8259.9721
214.647 -8142.6183
214.647 -8148.029
214.66361 -8018.7624
214.66361 -8024.1665
214.68021 -8115.2563
214.68021 -8120.6581
214.69682 -7914.3393
214.69682 -7919.75
214.71343 -8080.5801
214.71343 -8085.9891
214.73004 -8129.7357
214.73004 -8135.1332
214.74665 -8583.2128
214.74665 -8588.6251
214.75219 -8425.3892
214.76326 -8341.8726
214.76326 -8347.29
214.77987 -8266.8121
214.77987 -8272.2017
214.79648 -8339.0243
214.79648 -8344.4258
214.80755 -8133.6411
214.81308 -7897.2308
214.81308 -7902.6455
214.82969 -7794.1687
214.82969 -7799.5777
214.8463 -7945.469
214.8463 -7950.8735
214.86291 -8466.2441
214.86291 -8471.6518
214.87952 -8463.663
214.87952 -8469.0822
214.89613 -8209.7824
214.89613 -8215.1842
214.91274 -8358.8725
214.91274 -8364.2618
214.91827 -8061.4399
214.92935 -8317.4108
214.92935 -8322.8037
214.94596 -8417.3102
214.94596 -8422.6882
214.96256 -8454.8164
214.96256 -8460.2048
214.97364 -7942.4591
214.97917 -8658.7115
214.97917 -8664.0964
214.99578 -8212.4409
214.99578 -8217.8178
215.01239 -7469.6446
215.01239 -7475.023
215.029 -8407.2468
215.029 -8412.6404
215.04561 -8304.5763
215.04561 -8309.9737
215.06222 -8000.9461
215.06222 -8006.3337
215.07883 -8294.1551
215.07883 -8299.5576
215.08436 -8227.51
215.09543 -8382.491
215.09543 -8387.8741
215.11204 -8582.5988
215.11204 -8587.9931
215.12865 -7913.0722
215.12865 -7918.4683
215.13973 -8382.6735
215.14526 -7823.991
215.14526 -7829.3687
215.16187 -8461.9233
215.16187 -8467.3106
215.17848 -8175.8719
215.17848 -8181.2488
215.19509 -8337.228
215.19509 -8342.6244
215.2117 -8463.6374
215.2117 -8469.021
215.22831 -8385.4644
215.22831 -8390.8474
215.24491 -8539.5252
215.24491 -8544.9135
215.25045 -8251.4006
215.26152 -8293.8056
215.26152 -8299.1945
215.27813 -8229.5507
215.27813 -8234.9346
215.29474 -7864.6735
215.29474 -7870.0558
215.30581 -8012.961
215.31135 -8361.1132
215.31135 -8366.4845
215.32796 -8411.7048
215.32796 -8417.1057
215.34457 -8166.8958
215.34457 -8172.2788
215.36118 -8698.8709
215.36118 -8704.2615
215.37779 -7733.8745
215.37779 -7739.2692
215.39439 -8244.662
215.39439 -8250.0533
215.411 -8356.8517
215.411 -8362.2588
215.41654 -8110.4908
215.42761 -8099.4518
215.42761 -8104.8466
215.44422 -8513.1154
215.44422 -8518.5135
215.46083 -8090.3705
215.46083 -8095.7594
215.4719 -8114.2144
215.47744 -8285.0246
215.47744 -8290.4186
215.49405 -8361.9062
215.49405 -8367.3098
215.51066 -8225.0802
215.51066 -8230.4628
215.52726 -8412.9543
215.52726 -8418.3461
215.54387 -8249.9568
215.54387 -8255.3446
215.56048 -8432.7661
215.56048 -8438.142
215.57709 -8673.6261
215.57709 -8679.0182
215.58263 -8834.5789
215.5937 -8432.4311
215.5937 -8437.814
215.61031 -8410.9946
215.61031 -8416.3872
215.62692 -8382.2077
215.62692 -8387.5857
215.63799 -8712.4021
215.64353 -8357.1331
215.64353 -8362.523
215.66014 -8524.5911
215.66014 -8529.9545
215.67674 -8597.8862
215.67674 -8603.2777
215.69335 -8246.7154
215.69335 -8252.0873
215.70996 -8485.08
215.70996 -8490.4698
215.72657 -8166.7649
215.72657 -8172.1475
215.74318 -8203.2009
215.74318 -8208.5903
215.74872 -8574.8519
215.75979 -8347.2574
215.75979 -8352.6344
215.7764 -8484.6797
215.7764 -8490.0599
215.79301 -8364.2752
215.79301 -8369.6604
215.80408 -8168.938
215.80961 -8308.5065
215.80961 -8313.8911
215.82622 -8290.5279
215.82622 -8295.9303
215.84283 -8130.6408
215.84283 -8136.026
215.85944 -8136.4669
215.85944 -8141.8594
215.87605 -8602.5063
215.87605 -8607.9018
215.89266 -8463.5721
215.89266 -8468.9422
215.90927 -8795.4268
215.90927 -8800.8188
215.9148 -8440.4353
215.92588 -9114.8599
215.92588 -9120.2478
215.94249 -8795.1004
215.94249 -8800.497
215.95909 -8544.5304
215.95909 -8549.9143
215.97017 -8695.2172
215.9757 -8540.9843
215.9757 -8546.3576
215.99231 -8499.4185
215.99231 -8504.7911
216.00892 -8561.1302
216.00892 -8566.513
216.02553 -8288.2016
216.02553 -8293.5885
216.04214 -8791.8771
216.04214 -8797.255
216.05875 -8724.3303
216.05875 -8729.7167
216.07536 -8797.963
216.07536 -8803.3654
216.08089 -8384.3451
216.09196 -8238.4286
216.09196 -8243.8202
216.10857 -8328.3619
216.10857 -8333.7432
216.12518 -8697.731
216.12518 -8703.1132
216.13626 -8402.8028
216.14179 -8349.4961
216.14179 -8354.8732
216.1584 -8738.3031
216.1584 -8743.7042
216.17501 -8552.8616
216.17501 -8558.252
216.19162 -8717.5433
216.19162 -8722.9437
216.20823 -8548.2686
216.20823 -8553.6591
216.22484 -8276.3657
216.22484 -8281.7424
216.24144 -8438.5869
216.24144 -8443.9672
216.24698 -8673.7585
216.25805 -8079.029
216.25805 -8084.4151
216.27466 -8680.6843
216.27466 -8686.0638
216.29127 -9179.5708
216.29127 -9184.9547
216.30234 -8264.6488
216.30788 -7963.8031
216.30788 -7969.1914
216.32449 -8544.9217
216.32449 -8550.307
216.3411 -8454.0172
216.3411 -8459.3807
216.35771 -8483.9463
216.35771 -8489.313
216.37431 -8312.8087
216.37431 -8318.173
216.39092 -8546.3778
216.39092 -8551.7553
216.40753 -8391.4923
216.40753 -8396.8475
216.41307 -8207.0079
216.42414 -8316.3635
216.42414 -8321.7105
216.44075 -8320.5447
216.44075 -8325.8936
216.45736 -8848.5023
216.45736 -8853.8392
216.46843 -8539.6987
216.47397 -9016.7493
216.47397 -9022.1048
216.49058 -8685.4011
216.49058 -8690.761
216.50719 -8629.5803
216.50719 -8634.9401
216.52379 -8540.7331
216.52379 -8546.0872
216.5404 -8874.6146
216.5404 -8879.947
216.55701 -8507.8962
216.55701 -8513.2512
216.57362 -8395.0268
216.57362 -8400.3933
216.57916 -8520.8645
216.59023 -8698.4463
216.59023 -8703.8122
216.60684 -8735.5119
216.60684 -8740.862
216.62345 -8252.3244
216.62345 -8257.6776
216.63452 -8348.6487
216.64006 -8472.7037
216.64006 -8478.0473
216.65667 -8796.9786
216.65667 -8802.326
216.67327 -8565.5688
216.67327 -8570.9136
216.68988 -8168.8923
216.68988 -8174.2399
216.70649 -8563.9314
216.70649 -8569.2817
216.7231 -8718.8656
216.7231 -8724.2093
216.73971 -7999.886
216.73971 -8005.2314
216.74525 -8448.01
216.75632 -8077.3294
216.75632 -8082.6774
216.77293 -8477.9653
216.77293 -8483.3107
216.78954 -8535.617
216.78954 -8540.9699
216.80061 -8416.3957
216.80614 -8529.8132
216.80614 -8535.1577
216.82275 -8296.4293
216.82275 -8301.7893
216.83936 -8348.0839
216.83936 -8353.4336
216.85597 -8526.8452
216.85597 -8532.1919
216.87258 -8691.6143
216.87258 -8696.9727
216.88919 -8542.4145
216.88919 -8547.7568
216.9058 -8428.0674
216.9058 -8433.4101
216.91133 -8457.8782
216.92241 -8410.2004
216.92241 -8415.5454
216.93902 -8863.9294
216.93902 -8869.279
216.95562 -8656.896
216.95562 -8662.2426
216.9667 -8598.5607
216.97223 -8307.4108
216.97223 -8312.7624
216.98884 -8444.1587
216.98884 -8449.5087
217.00545 -8745.9268
217.00545 -8751.2725
217.02206 -8495.0245
217.02206 -8500.3516
217.03867 -8212.0868
217.03867 -8217.432
217.05528 -8553.5231
217.05528 -8558.8613
217.07189 -8949.73
217.07189 -8955.058
217.07742 -8891.6158
217.08849 -8426.682
217.08849 -8432.0215
217.1051 -8301.1874
217.1051 -8306.5136
217.12171 -8626.1311
217.12171 -8631.4611
217.13278 -8246.1134
217.13832 -8449.9036
217.13832 -8455.2406
217.15493 -8091.2386
217.15493 -8096.5758
217.17154 -8160.7539
217.17154 -8166.0897
217.18815 -8400.9621
217.18815 -8406.3075
217.20476 -8420.2792
217.20476 -8425.6075
217.22137 -8620.379
217.22137 -8625.7139
217.23797 -8509.3562
217.23797 -8514.6884
217.24351 -8533.1671
217.25458 -8328.0481
217.25458 -8333.3687
217.27119 -8660.2332
217.27119 -8665.5645
217.2878 -8913.0713
217.2878 -8918.3995
217.29887 -8791.1959
217.30441 -8555.8378
217.30441 -8561.164
217.32102 -8633.8699
217.32102 -8639.2012
217.33763 -8432.752
217.33763 -8438.0811
217.35424 -8553.8827
217.35424 -8559.209
217.37084 -8419.225
217.37084 -8424.5418
217.38745 -8333.9681
217.38745 -8339.2917
217.40406 -8264.6235
217.40406 -8269.9667
217.4096 -8656.9038
217.42067 -8499.4742
217.42067 -8504.7926
217.43728 -8410.9434
217.43728 -8416.2594
217.45389 -8489.5908
217.45389 -8494.9136
217.46496 -8597.8531
217.4705 -8818.9353
217.4705 -8824.2354
217.48711 -8707.3603
217.48711 -8712.6789
217.50372 -8743.5653
217.50372 -8748.8848
217.52032 -8593.7633
217.52032 -8599.0924
217.53693 -8527.235
217.53693 -8532.5558
217.55354 -8371.4125
217.55354 -8376.7275
217.57015 -8581.9086
217.57015 -8587.2231
217.57569 -8743.7877
217.58676 -8570.3086
217.58676 -8575.6281
217.60337 -8177.4099
217.60337 -8182.7209
217.61998 -8608.3645
217.61998 -8613.6709
217.63105 -8828.1784
217.63659 -9063.677
217.63659 -9068.9883
217.65319 -8896.5227
217.65319 -8901.8341
217.6698 -8435.6976
217.6698 -8441.0177
217.68641 -8229.7387
217.68641 -8235.0803
217.70302 -8911.4061
217.70302 -8916.7345
217.71963 -8716.3039
217.71963 -8721.6317
217.73624 -8503.0675
217.73624 -8508.3816
217.74178 -8831.2791
217.75285 -8563.6465
217.75285 -8568.998
217.76946 -8841.8835
217.76946 -8847.2046
217.78607 -8933.5798
217.78607 -8938.8956
217.79714 -8708.07
217.80267 -8547.5801
217.80267 -8552.901
217.81928 -8707.599
217.81928 -8712.9152
217.83589 -8874.7295
217.83589 -8880.0742
217.8525 -8283.4519
217.8525 -8288.7633
217.86911 -8688.2791
217.86911 -8693.6007
217.88572 -8769.6956
217.88572 -8775.0116
217.90233 -8659.0698
217.90233 -8664.396
217.90786 -8506.4443
217.91894 -8548.8919
217.91894 -8554.2067
217.93555 -8678.3061
217.93555 -8683.6383
217.95215 -9113.4943
217.95215 -9118.8218
217.96323 -8925.1316
217.96876 -8800.9566
217.96876 -8806.2783
217.98537 -8974.6861
217.98537 -8979.9964
218.00198 -8924.1617
218.00198 -8929.4602
218.01859 -9107.6025
218.01859 -9112.9265
218.0352 -8598.7304
218.0352 -8604.0523
218.05181 -8641.7266
218.05181 -8647.034
218.06842 -9185.7608
218.06842 -9191.0836
218.07395 -9020.221
218.08502 -8849.4273
218.08502 -8854.7435
218.10163 -8793.7101
218.10163 -8799.0312
218.11824 -8912.9953
218.11824 -8918.3094
218.12931 -8460.1126
218.13485 -8717.0458
218.13485 -8722.3611
218.15146 -9198.0995
218.15146 -9203.4333
218.16807 -8956.3776
218.16807 -8961.7158
218.18468 -8439.7375
218.18468 -8445.0496
218.20129 -9100.8265
218.20129 -9106.1352
218.2179 -8638.9571
218.2179 -8644.2854
218.2345 -8545.0696
218.2345 -8550.3853
218.24004 -8536.3281
218.25111 -8687.5442
218.25111 -8692.8585
218.26772 -8814.7588
218.26772 -8820.0673
218.28433 -8687.3152
218.28433 -8692.6153
218.30094 -8658.4262
218.30094 -8758.2414
218.31755 -8780.0396
218.31755 -8785.3387
218.33416 -8422.7166
218.33416 -8428.0204
218.35077 -8486.643
218.35077 -8491.9244
218.3563 -8623.6808
218.36737 -8445.3343
218.36737 -8450.6257
218.38398 -8526.8387
218.38398 -8532.1389
218.40059 -8746.3773
218.40059 -8751.6724
218.41166 -8660.4965
218.4172 -8766.4086
218.4172 -8771.7216
218.43381 -8518.423
218.43381 -8523.7285
218.45042 -8470.0458
218.45042 -8475.3356
218.46703 -8724.1704
218.46703 -8729.4733
218.48364 -8766.7605
218.48364 -8772.0644
218.50025 -8904.3296
218.50025 -8909.6368
218.51685 -8576.299
218.51685 -8581.5965
218.52239 -8793.1374
218.53346 -8612.0096
218.53346 -8617.3088
218.55007 -8701.6131
218.55007 -8706.9087
218.56668 -8579.2839
218.56668 -8584.5705
218.57775 -8379.3114
218.58329 -8590.9529
218.58329 -8596.245
218.5999 -8496.0949
218.5999 -8501.3978
218.61651 -8740.2964
218.61651 -8745.5886
218.63312 -8441.5048
218.63312 -8446.8119
218.64972 -8192.4126
218.64972 -8197.7077
218.66633 -8057.1174
218.66633 -8062.4091
218.68294 -8774.5327
218.68294 -8779.8262
218.68848 -8832.768
218.69955 -8723.5435
218.69955 -8728.8465
218.71616 -8694.2109
218.71616 -8699.5021
218.73277 -8741.4057
218.73277 -8746.7184
218.74384 -8577.3945
218.74938 -8562.7048
218.74938 -8567.9888
218.76599 -8197.8129
218.76599 -8203.1057
218.7826 -8417.2162
218.7826 -8422.504
218.7992 -8479.4853
218.7992 -8484.781
218.81581 -8750.8786
218.81581 -8756.1701
218.83242 -8805.8106
218.83242 -8811.1047
218.84903 -8620.0711
218.84903 -8625.3534
218.85457 -8470.572
218.86564 -8813.1129
218.86564 -8818.3983
218.88225 -8994.6169
218.88225 -8999.9112
218.89886 -8202.8509
218.89886 -8208.1442
218.90993 -8608.315
218.91547 -8320.5605
218.91547 -8325.8483
218.93207 -8960.0821
218.93207 -8965.373
218.94868 -8736.9412
218.94868 -8742.2409
218.96529 -8311.3271
218.96529 -8316.6168
218.9819 -8836.9927
218.9819 -8842.2914
218.99851 -8862.9426
218.99851 -8868.2438
219.01512 -8447.4273
219.01512 -8452.7263
219.02066 -8303.006
219.03173 -8024.4832
219.03173 -8029.7731
219.04834 -8708.5606
219.04834 -8713.8663
219.06495 -8774.3302
219.06495 -8779.6118
219.07602 -8556.0204
219.08155 -8257.0527
219.08155 -8262.3473
219.09816 -8471.468
219.09816 -8476.7753
219.11477 -8577.7524
219.11477 -8583.0375
219.13138 -8647.3408
219.13138 -8652.6301
219.14799 -8454.3371
219.14799 -8459.6299
219.1646 -8498.1045
219.1646 -8503.4098
219.18121 -8718.1708
219.18121 -8723.4749
219.18674 -8442.9501
219.19782 -8606.6454
219.19782 -8611.9352
219.21443 -8537.4808
219.21443 -8542.7738
219.23103 -8895.4244
219.23103 -8900.7128
219.24211 -8677.5006
219.24764 -8899.8205
219.24764 -8905.1025
219.26425 -8457.7784
219.26425 -8463.0655
219.28086 -8655.2004
219.28086 -8660.4755
219.29747 -9100.7564
219.29747 -9106.0635
219.31408 -8751.3791
219.31408 -8756.6447
219.33069 -8606.836
219.33069 -8612.1195
219.3473 -8249.3116
219.3473 -8254.5621
219.35283 -8672.3053
219.3639 -8680.9156
219.3639 -8686.1877
219.38051 -8864.5923
219.38051 -8869.8499
219.39712 -8643.7662
219.39712 -8649.0324
219.40819 -9072.0205
219.41373 -8742.4075
219.41373 -8747.6788
219.43034 -8715.5855
219.43034 -8720.8581
219.44695 -8699.9378
219.44695 -8705.2038
219.46356 -8688.5622
219.46356 -8693.8256
219.48017 -8571.6681
219.48017 -8576.9326
219.49678 -8551.9108
219.49678 -8557.1822
219.51338 -8186.6782
219.51338 -8191.9534
219.51892 -8501.7572
219.52999 -8495.5317
219.52999 -8500.7912
219.5466 -8885.0479
219.5466 -8890.325
219.56321 -8298.8104
219.56321 -8304.0913
219.57428 -8680.727
219.57982 -8965.0117
219.57982 -8970.3006
219.59643 -9026.5498
219.59643 -9031.8398
219.61304 -8390.0682
219.61304 -8395.3497
219.62965 -8445.34
219.62965 -8450.6241
219.64625 -8606.2749
219.64625 -8611.5513
219.66286 -8794.0168
219.66286 -8799.2845
219.67947 -8872.2222
219.67947 -8877.4918
219.68501 -9041.2603
219.69608 -8656.533
219.69608 -8661.8042
219.71269 -8846.7028
219.71269 -8851.9751
219.7293 -8913.8846
219.7293 -8919.1664
219.74037 -8797.5115
219.74591 -8565.3519
219.74591 -8570.6252
219.76252 -8484.2076
219.76252 -8489.4789
219.77913 -8998.2496
219.77913 -9003.522
219.79573 -8936.419
219.79573 -8941.6989
219.81234 -8769.3604
219.81234 -8774.6394
219.82895 -8802.0949
219.82895 -8807.3995
219.84556 -9091.1543
219.84556 -9096.4564
219.8511 -9403.0495
219.86217 -9096.3566
219.86217 -9101.6332
219.87878 -8510.3497
219.87878 -8515.6338
219.89539 -8547.7759
219.89539 -8553.0561
219.90646 -8929.5637
219.912 -8748.9829
219.912 -8754.2522
219.9286 -8499.4355
219.9286 -8504.7344
219.94521 -8534.1388
219.94521 -8539.4126
219.96182 -8929.3171
219.96182 -8934.608
219.97843 -8984.9559
219.97843 -8990.2359
219.99504 -8746.6517
219.99504 -8751.9143
220.01165 -8875.5493
220.01165 -8880.8162
220.01719 -8858.9183
220.02826 -8743.9541
220.02826 -8749.2154
220.04487 -8535.8873
220.04487 -8541.1479
220.06148 -8861.2167
220.06148 -8866.4816
220.07255 -8997.0356
220.07808 -8894.4349
220.07808 -8899.7042
220.09469 -8734.267
220.09469 -8739.5364
220.1113 -8624.8051
220.1113 -8630.0629
220.12791 -8756.2213
220.12791 -8761.4974
220.14452 -8930.4818
220.14452 -8935.7409
220.16113 -8752.7076
220.16113 -8757.9734
220.17774 -8493.8224
220.17774 -8499.1072
220.18327 -8437.8686
220.19435 -8755.2634
220.19435 -8760.5138
220.21095 -9070.9537
220.21095 -9076.2148
220.22756 -8889.902
220.22756 -8895.1587
220.23864 -8773.5562
220.24417 -8362.3108
220.24417 -8367.5472
220.26078 -9232.2924
220.26078 -9237.5324
220.27739 -9239.3991
220.27739 -9244.6285
220.294 -8641.5989
220.294 -8646.8358
220.31061 -8542.9635
220.31061 -8548.186
220.32722 -8679.5123
220.32722 -8684.745
220.34383 -8822.9087
220.34383 -8828.1485
220.34936 -8874.2015
220.36043 -8763.4918
220.36043 -8768.7372
220.37704 -8897.5121
220.37704 -8902.7586
220.39365 -8803.9298
220.39365 -8809.1737
220.40472 -8582.0986
220.41026 -9053.4301
220.41026 -9058.6879
220.42687 -8950.1213
220.42687 -8955.3784
220.44348 -8869.5166
220.44348 -8874.7641
220.46009 -8965.3443
220.46009 -8970.5975
220.4767 -8737.9548
220.4767 -8743.2026
220.49331 -8749.8071
220.49331 -8755.0318
220.50991 -8857.8397
220.50991 -8863.0847
220.51545 -8517.4228
220.52652 -8581.4739
220.52652 -8586.7315
220.54313 -8832.3907
220.54313 -8837.6319
220.55974 -9048.8926
220.55974 -9054.1492
220.57081 -8828.0759
220.57635 -8893.801
220.57635 -8899.057
220.59296 -8896.6286
220.59296 -8901.8937
220.60957 -9073.326
220.60957 -9078.599
220.62618 -9173.2197
220.62618 -9178.4852
220.64278 -8687.5328
220.64278 -8692.8068
220.65939 -8952.026
220.65939 -8957.2816
220.676 -9107.1744
220.676 -9112.4473
220.68154 -8753.6468
220.69261 -8562.8342
220.69261 -8568.099
220.70922 -8728.7538
220.70922 -8734.0183
220.72583 -8718.7958
220.72583 -8724.0736
220.7369 -8579.8676
220.74244 -8394.7855
220.74244 -8400.0477
220.75905 -8762.1711
220.75905 -8767.4402
220.77566 -9065.8116
220.77566 -9071.0647
220.79226 -9027.1471
220.79226 -9032.3808
220.80887 -8752.4875
220.80887 -8757.7272
220.82548 -8702.1657
220.82548 -8707.4167
220.84209 -9126.6009
220.84209 -9131.8441
220.84763 -8959.7008
220.8587 -8872.7301
220.8587 -8877.9665
220.87531 -8900.8596
220.87531 -8906.0942
220.89192 -8930.7766
220.89192 -8936.0111
220.90299 -9211.9752
220.90853 -9300.4723
220.90853 -9305.6893
220.92513 -9331.5026
220.92513 -9336.7266
220.94174 -8985.0059
220.94174 -8990.2307
220.95835 -9222.0511
220.95835 -9227.2861
220.97496 -9472.812
220.97496 -9478.0394
220.99157 -8638.687
220.99157 -8643.9187
221.00818 -9053.4303
221.00818 -9058.6558
221.01372 -9164.0879
221.02479 -8645.1639
221.02479 -8650.3913
221.0414 -8471.3839
221.0414 -8476.6206
221.05801 -8766.9198
221.05801 -8772.1627
221.06908 -8940.4902
221.07461 -8655.3981
221.07461 -8660.6291
221.09122 -9229.9417
221.09122 -9235.1665
221.10783 -8939.2929
221.10783 -8944.5217
221.12444 -8851.7536
221.12444 -8856.9747
221.14105 -8952.9419
221.14105 -8958.1624
221.15766 -8636.7042
221.15766 -8641.9233
221.17427 -9392.2071
221.17427 -9397.4381
221.1798 -9318.555
221.19088 -8893.0212
221.19088 -8898.2436
221.20748 -8993.4985
221.20748 -8998.7333
221.22409 -9209.3636
221.22409 -9214.5991
221.23517 -8919.6627
221.2407 -9175.2074
221.2407 -9180.4317
221.25731 -8849.2899
221.25731 -8854.5138
221.27392 -8693.4135
221.27392 -8698.6425
221.29053 -8949.4153
221.29053 -8954.6623
221.30714 -9056.8611
221.30714 -9062.0959
221.32375 -8872.9526
221.32375 -8878.1932
221.34036 -8693.7743
221.34036 -8699.0161
221.34589 -8797.2893
221.35696 -9306.4809
221.35696 -9311.7317
221.37357 -9308.8351
221.37357 -9314.0852
221.39018 -9088.3859
221.39018 -9093.6224
221.40125 -9197.2385
221.40679 -9373.3001
221.40679 -9378.5402
221.4234 -9551.2546
221.4234 -9556.4928
221.44001 -9113.9357
221.44001 -9119.1759
221.45662 -8695.5375
221.45662 -8700.7795
221.47323 -8899.5604
221.47323 -8904.8065
221.48983 -9298.9209
221.48983 -9304.1593
221.50644 -9183.5287
221.50644 -9188.77
221.51198 -9386.0893
221.52305 -9210.3126
221.52305 -9215.5475
221.53966 -9350.7291
221.53966 -9355.9645
221.55627 -9421.1319
221.55627 -9426.3647
221.56734 -9469.757
221.57288 -8965.4804
221.57288 -8970.7274
221.58949 -9207.3294
221.58949 -9212.5583
221.6061 -8919.8059
221.6061 -8925.0574
221.62271 -9095.6335
221.62271 -9100.8871
221.63931 -8978.4267
221.63931 -8983.6718
221.65592 -9108.8516
221.65592 -9114.0905
221.67253 -9162.1852
221.67253 -9167.4144
221.67807 -9499.3702
221.68914 -9046.6628
221.68914 -9051.8957
221.70575 -9638.2891
221.70575 -9643.5393
221.72236 -9340.6674
221.72236 -9345.9025
221.73343 -9283.8104
221.73897 -9173.9631
221.73897 -9179.1907
221.75558 -8928.3493
221.75558 -8933.5782
221.77219 -9190.0187
221.77219 -9195.2556
221.78879 -9181.17
221.78879 -9186.4008
221.8054 -9256.0218
221.8054 -9261.2628
221.82201 -9090.4335
221.82201 -9095.6621
221.83862 -9362.9552
221.83862 -9368.1829
221.84416 -9609.3956
221.85523 -8929.9075
221.85523 -8935.135
221.87184 -9068.5351
221.87184 -9073.7726
221.88845 -9358.7388
221.88845 -9363.9694
221.89952 -9193.1026
221.90506 -9074.8989
221.90506 -9080.1271
221.92166 -8808.7874
221.92166 -8814.0172
221.93827 -9087.0116
221.93827 -9092.2338
221.95488 -9471.7225
221.95488 -9476.9473
221.97149 -9028.2238
221.97149 -9033.4319
221.9881 -8932.8968
221.9881 -8938.1165
222.00471 -9270.5196
222.00471 -9275.7312
222.01024 -9182.4369
222.02132 -9420.9474
222.02132 -9426.1411
222.03793 -9168.6591
222.03793 -9173.8821
222.05454 -9078.5549
222.05454 -9083.7863
222.06561 -9205.7789
222.07114 -9243.1717
222.07114 -9248.3859
222.08775 -9176.2863
222.08775 -9181.5145
222.10436 -9012.6086
222.10436 -9017.8281
222.12097 -9244.6898
222.12097 -9249.8983
222.13758 -9480.8702
222.13758 -9486.0874
222.15419 -9524.1643
222.15419 -9529.3803
222.1708 -9585.1569
222.1708 -9590.3644
222.17633 -9524.3383
222.18741 -9279.3676
222.18741 -9284.5772
222.20401 -9433.3774
222.20401 -9438.5966
222.22062 -9405.8846
222.22062 -9411.1003
222.2317 -9361.9189
222.23723 -9287.5633
222.23723 -9292.7811
222.25384 -9452.4552
222.25384 -9457.6808
222.27045 -9175.5409
222.27045 -9180.752
222.28706 -9315.1008
222.28706 -9320.3291
222.30367 -9318.6973
222.30367 -9323.9242
222.32028 -9151.2871
222.32028 -9156.5251
222.33689 -9186.84
222.33689 -9192.0625
222.34242 -9241.2876
222.35349 -9516.6921
222.35349 -9521.9211
222.3701 -9329.729
222.3701 -9334.9556
222.38671 -9025.9107
222.38671 -9031.1275
222.39778 -9202.6018
222.40332 -9390.0671
222.40332 -9395.2846
222.41993 -9775.2802
222.41993 -9780.5076
222.43654 -9658.0793
222.43654 -9663.3026
222.45315 -9265.3417
222.45315 -9270.5667
222.46976 -9364.5447
222.46976 -9369.7783
222.48636 -9586.435
222.48636 -9591.6553
222.50297 -9357.1536
222.50297 -9362.383
222.50851 -9068.2267
222.51958 -9435.8361
222.51958 -9441.0593
222.53619 -9440.8681
222.53619 -9446.0946
222.5528 -9839.4018
222.5528 -9844.624
222.56387 -9250.7197
222.56941 -9440.9132
222.56941 -9446.1451
222.58602 -8998.2125
222.58602 -9003.4467
222.60263 -9513.3065
222.60263 -9518.5125
222.61924 -9457.3332
222.61924 -9462.5364
222.63584 -9056.033
222.63584 -9061.23
222.65245 -9551.664
222.65245 -9556.879
222.66906 -9566.4276
222.66906 -9571.6264
222.6746 -9681.11
222.68567 -9561.5244
222.68567 -9566.7224
222.70228 -9137.5477
222.70228 -9142.7429
222.71889 -9198.5602
222.71889 -9203.7668
222.72996 -9482.0753
222.7355 -9229.9894
222.7355 -9235.1766
222.75211 -9314.7534
222.75211 -9319.931
222.76871 -9674.3065
222.76871 -9679.4881
222.78532 -9209.7898
222.78532 -8937.6135
222.80193 -9155.0633
222.80193 -9160.2548
222.81854 -9184.0622
222.81854 -9189.2635
222.83515 -8859.0086
222.83515 -8864.1916
222.84069 -9327.4577
222.85176 -9378.2875
222.85176 -9383.4892
222.86837 -8950.3516
222.86837 -8955.5307
222.88498 -9237.0726
222.88498 -9242.2657
222.89605 -9481.5917
222.90159 -9507.0357
222.90159 -9512.2183
222.91819 -9331.3809
222.91819 -9336.5791
222.9348 -9270.7381
222.9348 -9275.9252
222.95141 -9291.0426
222.95141 -9296.2261
222.96802 -9154.2901
222.96802 -9159.5007
222.98463 -8867.8457
222.98463 -8873.045
223.00124 -8773.3584
223.00124 -8778.5396
223.00677 -9203.0322
223.01785 -9448.3793
223.01785 -9453.585
223.03446 -9120.8868
223.03446 -9126.0873
223.05107 -8659.8851
223.05107 -8665.0911
223.06214 -9014.6279
223.06767 -9058.6338
223.06767 -9063.8434
223.08428 -9325.4857
223.08428 -9330.6834
223.10089 -8948.8236
223.10089 -8954.0236
223.1175 -8934.2831
223.1175 -8939.4729
223.13411 -9274.6608
223.13411 -9279.8447
223.15072 -8916.2845
223.15072 -8921.4668
223.16733 -8852.5048
223.16733 -8857.6982
223.17286 -9377.5511
223.18394 -9437.7946
223.18394 -9442.9932
223.20054 -9152.736
223.20054 -9157.9328
223.21715 -9187.4292
223.21715 -9192.6166
223.22823 -9454.1399
223.23376 -9118.7142
223.23376 -9123.898
223.25037 -9032.4331
223.25037 -9037.6218
223.26698 -9431.3701
223.26698 -9436.5558
223.28359 -8912.1743
223.28359 -8917.3434
223.3002 -8766.3375
223.3002 -8771.5264
223.31681 -9230.1709
223.31681 -9235.3451
223.33342 -9349.0236
223.33342 -9354.2045
223.33895 -9407.3026
223.35002 -9291.0532
223.35002 -9296.2181
223.36663 -9330.0778
223.36663 -9335.2491
223.38324 -9031.8109
223.38324 -9036.993
223.39431 -9189.4027
223.39985 -9236.8262
223.39985 -9242.0081
223.41646 -9243.8587
223.41646 -9249.0295
223.43307 -9533.376
223.43307 -9538.5528
223.44968 -8902.109
223.44968 -8907.2754
223.46629 -9062.462
223.46629 -9067.6299
223.48289 -9066.1412
223.48289 -9071.3191
223.4995 -9061.3109
223.4995 -9066.4752
223.50504 -8977.2139
223.51611 -9523.9722
223.51611 -9529.1513
223.53272 -8964.36
223.53272 -8969.5281
223.54933 -9179.783
223.54933 -9184.9453
223.5604 -9382.2499
223.56594 -9563.5994
223.56594 -9568.762
223.58255 -8952.7978
223.58255 -8957.9707
223.59916 -9070.8153
223.59916 -9075.9738
223.61577 -8623.5624
223.61577 -8628.7329
223.63237 -9165.868
223.63237 -9171.0427
223.64898 -9124.2481
223.64898 -9129.4282
223.66559 -9084.8255
223.66559 -9089.9795
223.67113 -8928.6628
223.6822 -9137.151
223.6822 -9142.3165
223.69881 -9339.8742
223.69881 -9345.0292
223.71542 -9452.6929
223.71542 -9457.8505
223.72649 -9216.9372
223.73203 -9075.4638
223.73203 -9080.6391
223.74864 -9502.1115
223.74864 -9507.2812
223.76524 -9328.5098
223.76524 -9333.6644
223.78185 -9421.6719
223.78185 -9426.8351
223.79846 -9411.8952
223.79846 -9417.0555
223.81507 -9194.7077
223.81507 -9199.878
223.83168 -8906.5156
223.83168 -8911.6777
223.83722 -9191.8142
223.84829 -9354.382
223.84829 -9359.5435
223.8649 -9208.4563
223.8649 -9213.609
223.88151 -9158.8998
223.88151 -9164.0568
223.89258 -8781.3319
223.89812 -8992.2088
223.89812 -8997.3756
223.91472 -9177.126
223.91472 -9182.2873
223.93133 -9275.9886
223.93133 -9281.1426
223.94794 -9388.9789
223.94794 -9394.1575
223.96455 -9362.4448
223.96455 -9367.6068
223.98116 -9578.6318
223.98116 -9583.7965
223.99777 -9579.7453
223.99777 -9584.9063
224.0033 -9216.2124
224.01438 -9081.5096
224.01438 -9086.665
224.03099 -9372.5254
224.03099 -9377.6876
224.04759 -9696.0242
224.04759 -9701.194
224.05867 -8768.2236
224.0642 -9324.2115
224.0642 -9329.3864
224.08081 -9504.1046
224.08081 -9509.272
224.09742 -9246.0906
224.09742 -9251.2528
224.11403 -9277.4954
224.11403 -9282.668
224.13064 -9070.8772
224.13064 -9076.0435
224.14725 -8956.7906
224.14725 -8961.9597
224.16386 -9221.007
224.16386 -9226.1803
224.16939 -9096.859
224.18047 -9201.4787
224.18047 -9206.6288
224.19707 -9354.6956
224.19707 -9359.8636
224.21368 -9132.6709
224.21368 -9137.8216
224.22476 -9272.3707
224.23029 -9570.22
224.23029 -9575.383
224.2469 -9334.5567
224.2469 -9339.6997
224.26351 -8849.9681
224.26351 -8855.1108
224.28012 -8986.0224
224.28012 -8991.1729
224.29673 -9205.3305
224.29673 -9210.493
224.31334 -9136.7648
224.31334 -9141.9249
224.32995 -9807.8522
224.32995 -9812.9951
224.33548 -9670.7532
224.34655 -9385.1171
224.34655 -9390.2616
224.36316 -9058.7647
224.36316 -9063.9219
224.37977 -9475.0242
224.37977 -9480.172
224.39084 -9321.5489
224.39638 -9604.825
224.39638 -9609.9802
224.41299 -9282.2999
224.41299 -9287.4607
224.4296 -9730.096
224.4296 -9735.2519
224.44621 -9658.1446
224.44621 -9663.2939
224.46282 -9219.6671
224.46282 -9224.8209
224.47942 -9389.2917
224.47942 -9394.4481
224.49603 -9197.294
224.49603 -9202.448
224.50157 -8969.7833
224.51264 -9190.318
224.51264 -9195.4624
224.52925 -9368.1414
224.52925 -9373.295
224.54586 -9494.6127
224.54586 -9499.7545
224.55693 -9093.7561
224.56247 -9213.3838
224.56247 -9218.5406
224.57908 -9243.0899
224.57908 -9248.2295
224.59569 -9011.2194
224.59569 -9016.3692
224.6123 -9298.0758
224.6123 -9303.2237
224.6289 -9405.6856
224.6289 -9410.8332
224.64551 -9547.6789
224.64551 -9552.8274
224.66212 -9553.8766
224.66212 -9559.0293
224.66766 -9362.7866
224.67873 -9347.2551
224.67873 -9352.414
224.69534 -9534.4055
224.69534 -9539.5535
224.71195 -9536.4609
224.71195 -9541.6084
224.72302 -9556.488
224.72856 -9566.0339
224.72856 -9571.1828
224.74517 -9139.6907
224.74517 -9144.8497
224.76177 -9285.5783
224.76177 -9290.7313
224.77838 -9397.7098
224.77838 -9402.8566
224.79499 -9174.0122
224.79499 -9179.1521
224.8116 -9541.0994
224.8116 -9546.246
224.82821 -9182.2039
224.82821 -9187.3535
224.83375 -9543.4582
224.84482 -9587.8057
224.84482 -9592.967
224.86143 -9429.2949
224.86143 -9434.4507
224.87804 -9310.445
224.87804 -9315.5845
224.88911 -9535.3476
224.89465 -9746.346
224.89465 -9751.4959
224.91125 -9194.3787
224.91125 -9199.5228
224.92786 -9548.4909
224.92786 -9553.6357
224.94447 -9587.9648
224.94447 -9593.1227
224.96108 -9364.47
224.96108 -9369.6243
224.97769 -9399.1314
224.97769 -9404.2747
224.9943 -8875.0105
224.9943 -8880.1519
224.99983 -9242.882
225.01091 -9411.6857
225.01091 -9416.8283
225.02752 -9330.6018
225.02752 -9335.7314
225.04412 -9207.0693
225.04412 -9212.2003
225.0552 -9804.4261
225.06073 -9833.9014
225.06073 -9839.0455
225.07734 -9845.1011
225.07734 -9850.2236
225.09395 -9327.6439
225.09395 -9332.7771
225.11056 -9075.7987
225.11056 -9080.9246
225.12717 -9392.6056
225.12717 -9397.7436
225.14378 -9342.7109
225.14378 -9347.835
225.16039 -9421.6904
225.16039 -9426.8184
225.16592 -9213.0416
225.177 -9892.7557
225.177 -9897.8916
225.1936 -9622.3295
225.1936 -9627.4529
225.21021 -9681.9324
225.21021 -9687.0653
225.22129 -9613.8069
225.22682 -9899.0307
225.22682 -9904.16
225.24343 -9435.5471
225.24343 -9440.6806
225.26004 -9749.0565
225.26004 -9754.1825
225.27665 -9528.2438
225.27665 -9533.3686
225.29326 -9075.952
225.29326 -9081.0855
225.30987 -9608.1259
225.30987 -9613.2481
225.32647 -9502.6764
225.32647 -9507.7997
225.33201 -9376.5286
225.34308 -9649.9489
225.34308 -9655.067
225.35969 -9664.8582
225.35969 -9669.9904
225.3763 -9971.9025
225.3763 -9977.0253
225.38737 -9712.7512
225.39291 -9344.2692
225.39291 -9349.4126
225.40952 -9624.8351
225.40952 -9629.9768
225.42613 -9474.4085
225.42613 -9479.5311
225.44274 -9872.2667
225.44274 -9877.3919
225.45935 -9791.7341
225.45935 -9796.858
225.47595 -9873.7529
225.47595 -9878.8907
225.49256 -9447.8117
225.49256 -9452.9342
225.4981 -9852.7944
225.50917 -9621.7879
225.50917 -9626.9202
225.52578 -10072.982
225.52578 -10078.105
225.54239 -9578.8142
225.54239 -9583.9378
225.55346 -9577.1974
225.559 -9420.4876
225.559 -9425.6031
225.57561 -9793.589
225.57561 -9798.7301
225.59222 -9720.3563
225.59222 -9725.4766
225.60883 -9518.8613
225.60883 -9523.9984
225.62543 -9592.1999
225.62543 -9597.3188
225.64204 -9617.302
225.64204 -9622.4227
225.65865 -9909.7424
225.65865 -9914.8773
225.66419 -9881.7014
225.67526 -9734.1512
225.67526 -9739.2912
225.69187 -9634.5477
225.69187 -9639.6684
225.70848 -9046.792
225.70848 -9051.9014
225.71955 -9382.9152
225.72509 -9572.0074
225.72509 -9577.1361
225.7417 -9770.094
225.7417 -9775.2241
225.7583 -9623.4218
225.7583 -9628.556
225.77491 -10180.666
225.77491 -10185.791
225.79152 -9644.4737
225.79152 -9649.5919
225.80813 -9164.0556
225.80813 -9169.1777
225.82474 -9646.3984
225.82474 -9651.5265
225.83028 -9569.5259
225.84135 -9700.6239
225.84135 -9705.7301
225.85796 -9828.1752
225.85796 -9833.2907
225.87457 -9590.555
225.87457 -9595.6761
225.88564 -9912.7968
225.89118 -10104.535
225.89118 -10109.651
225.90778 -10043.05
225.90778 -10048.158
225.92439 -9637.3115
225.92439 -9642.4376
225.941 -9771.702
225.941 -9776.8214
225.95761 -10073.007
225.95761 -10078.117
225.97422 -10178.769
225.97422 -10183.879
225.99083 -9224.3768
225.99083 -9229.4759
225.99636 -9488.0784
226.00744 -9460.0967
226.00744 -9465.2142
226.02405 -10176.535
226.02405 -10181.646
226.04065 -9577.7429
226.04065 -9582.8378
226.05173 -9685.3584
226.05726 -9368.6787
226.05726 -9373.7737
226.07387 -10098.337
226.07387 -10103.45
226.09048 -9705.3886
226.09048 -9710.5046
226.10709 -9578.7476
226.10709 -9583.8612
226.1237 -9771.7844
226.1237 -9776.8927
226.14031 -10314.862
226.14031 -10319.968
226.15692 -10115.146
226.15692 -10120.248
226.16245 -10041.78
226.17353 -9940.4945
226.17353 -9945.5984
226.19013 -9855.6837
226.19013 -9860.7778
226.20674 -10192.797
226.20674 -10197.901
226.21782 -9524.0985
226.22335 -9760.7749
226.22335 -9765.8747
226.23996 -9560.3177
226.23996 -9565.4262
226.25657 -9866.9593
226.25657 -9872.0785
226.27318 -9480.3026
226.27318 -9485.416
226.28979 -9750.2255
226.28979 -9755.3466
226.3064 -9517.1998
226.3064 -9522.3175
226.323 -9723.7487
226.323 -9728.8683
226.32854 -9884.9825
226.33961 -9966.3644
226.33961 -9971.501
226.35622 -9757.398
226.35622 -9762.5303
226.37283 -10119.685
226.37283 -9476.2383
226.38944 -9664.208
226.38944 -9669.3291
226.40605 -9946.985
226.40605 -9952.0844
226.42266 -9990.9682
226.42266 -9996.0783
226.42819 -10025.198
226.43927 -9652.9117
226.43927 -9658.0231
226.45588 -9739.9966
226.45588 -9745.1136
226.47248 -9506.5665
226.47248 -9511.6852
226.48356 -9759.8415
226.48909 -9435.6271
226.48909 -9440.7377
226.5057 -9537.2214
226.5057 -9542.3238
226.52231 -9825.7789
226.52231 -9830.8871
226.53892 -9447.6134
226.53892 -9452.7057
226.55553 -9685.7503
226.55553 -9690.8508
226.57214 -9813.038
226.57214 -9818.1515
226.58875 -9642.2346
226.58875 -9647.3358
226.59428 -9389.8836
226.60535 -9509.3977
226.60535 -9514.4951
226.62196 -9768.9015
226.62196 -9773.9823
226.63857 -9872.4006
226.63857 -9877.4839
226.64965 -9619.7851
226.65518 -9722.259
226.65518 -9727.3405
226.67179 -9815.0352
226.67179 -9820.1248
226.6884 -9557.2147
226.6884 -9562.3014
226.70501 -9854.6531
226.70501 -9859.7474
226.72162 -9804.4779
226.72162 -9809.563
226.73823 -9569.3186
226.73823 -9574.4143
226.75483 -9476.5173
226.75483 -9481.6068
226.76037 -9458.5912
226.77144 -9543.1024
226.77144 -9548.195
226.78805 -9594.4149
226.78805 -9599.4948
226.80466 -9456.1466
226.80466 -9461.23
226.81573 -9426.5079
226.82127 -9696.0254
226.82127 -9701.1176
226.83788 -9668.914
226.83788 -9673.9982
226.85449 -10114.512
226.85449 -10119.586
226.8711 -10036.875
226.8711 -10041.977
226.88771 -9662.1887
226.88771 -9667.2851
226.90431 -9819.3373
226.90431 -9824.4283
226.92092 -9714.835
226.92092 -9719.9175
226.92646 -9647.2231
226.93753 -9886.3658
226.93753 -9891.4606
226.95414 -9713.1331
226.95414 -9525.2565
226.97075 -9444.3637
226.97075 -9449.4395
226.98736 -9313.696
226.98736 -9318.7997
227.00397 -9314.2221
227.00397 -9319.3313
227.0095 -9429.6681
227.02058 -9026.7063
227.02058 -9031.7896
227.03718 -9440.2855
227.03718 -9445.367
227.05379 -9496.9597
227.05379 -9502.0401
227.06487 -9004.0071
227.0704 -9170.7939
227.0704 -9175.8881
227.08701 -9422.4799
227.08701 -9427.5633
227.10362 -9787.3887
227.10362 -9792.4846
227.12023 -9239.6558
227.12023 -9244.7363
227.13684 -9000.9077
227.13684 -9006.0
227.15345 -9199.8657
227.15345 -9204.9419
227.17006 -9471.5721
227.17006 -9476.6306
227.17559 -9577.1241
227.18666 -9307.619
227.18666 -9312.6906
227.20327 -8916.8071
227.20327 -8921.8853
227.21988 -9292.5817
227.21988 -9297.6615
227.23095 -9251.6663
227.23649 -9052.7402
227.23649 -9057.8197
227.2531 -9240.7508
227.2531 -9245.8369
227.26971 -9047.2878
227.26971 -9052.3637
227.28632 -9257.7639
227.28632 -9262.8431
227.30293 -9473.1649
227.30293 -9478.2436
227.31953 -9197.1765
227.31953 -9202.2549
227.33614 -9329.8555
227.33614 -9334.9297
227.34168 -9422.9866
227.35275 -9720.8262
227.35275 -9725.9126
227.36936 -9679.3387
227.36936 -9684.4126
227.38597 -9204.6807
227.38597 -9209.7487
227.39704 -9451.7054
227.40258 -9044.8505
227.40258 -9049.9228
227.41919 -9514.2415
227.41919 -9519.3025
227.4358 -9301.3753
227.4358 -9306.4465
227.45241 -9323.9134
227.45241 -9328.9955
227.46901 -9843.3832
227.46901 -9848.4509
227.48562 -9189.3723
227.48562 -9194.4431
227.50223 -8990.4126
227.50223 -8995.4989
227.50777 -9266.7789
227.51884 -9573.4793
227.51884 -9578.5557
227.53545 -9407.8689
227.53545 -9412.9379
227.55206 -9300.5074
227.55206 -9305.5828
227.56313 -9222.4168
227.56867 -9317.7174
227.56867 -9322.7917
227.58528 -9329.408
227.58528 -9334.4651
227.60188 -9323.5478
227.60188 -9328.615
227.61849 -9222.6426
227.61849 -9227.7037
227.6351 -9439.7319
227.6351 -9444.7908
227.65171 -9726.0208
227.65171 -9731.0938
227.66832 -9378.2234
227.66832 -9383.277
227.67386 -9541.9631
227.68493 -9304.63
227.68493 -9309.6828
227.70154 -9655.9422
227.70154 -9661.0052
227.71815 -9490.9621
227.71815 -9496.035
227.72922 -9303.6273
227.73476 -9162.0378
227.73476 -9167.0954
227.75136 -8925.0083
227.75136 -8930.0683
227.76797 -9437.6541
227.76797 -9442.7266
227.78458 -9686.3423
227.78458 -9691.4202
227.80119 -9324.2376
227.80119 -9329.2922
227.8178 -8961.4303
227.8178 -8966.4986
227.83441 -9287.486
227.83441 -9292.5579
227.83994 -9163.4207
227.85102 -9400.1597
227.85102 -9405.2286
227.86763 -9478.3671
227.86763 -9483.435
227.88423 -9652.0525
227.88423 -9657.1358
227.89531 -9306.5575
227.90084 -9595.3631
227.90084 -9600.4329
227.91745 -9559.5326
227.91745 -9564.6063
227.93406 -9803.5071
227.93406 -9808.5689
227.95067 -9775.2882
227.95067 -9780.3612
227.96728 -9269.0881
227.96728 -9241.4605
227.98389 -9178.2543
227.98389 -9183.3167
228.0005 -9529.0017
228.0005 -9534.0547
228.01711 -9187.6326
228.01711 -9192.7068
228.02264 -9056.9858
228.03371 -9231.1597
228.03371 -9236.2293
228.05032 -9261.7614
228.05032 -9266.8195
228.06693 -9172.3534
228.06693 -9177.422
228.078 -8741.9949
228.08354 -8476.6248
228.08354 -8481.6828
228.10015 -9056.7149
228.10015 -9061.7669
228.11676 -9520.7417
228.11676 -9525.7916
228.13337 -9232.7853
228.13337 -9237.8294
228.14998 -9030.6558
228.14998 -9035.6968
228.16659 -9071.4933
228.16659 -9076.5705
228.18319 -9229.5476
228.18319 -9234.5967
228.18873 -9173.2873
228.1998 -9296.2861
228.1998 -9301.3359
228.21641 -8805.9992
228.21641 -8811.0489
228.23302 -9526.7099
228.23302 -9531.76
228.24409 -9126.0276
228.24963 -9232.0641
228.24963 -9237.1006
228.26624 -9205.8958
228.26624 -9210.9283
228.28285 -9252.0101
228.28285 -9257.0512
228.29946 -9476.1218
228.29946 -9481.1581
228.31606 -9524.5677
228.31606 -9529.6082
228.33267 -9260.8789
228.33267 -9265.9243
228.34928 -8977.5571
228.34928 -8982.6055
228.35482 -8978.3421
228.36589 -9158.9822
228.36589 -9164.0266
228.3825 -9161.5205
228.3825 -9166.5584
228.39911 -9186.9086
228.39911 -9191.9644
228.41018 -9188.0599
228.41572 -8812.1454
228.41572 -8817.1761
228.43233 -9171.9344
228.43233 -9176.979
228.44894 -9656.4919
228.44894 -9661.5369
228.46554 -9262.8832
228.46554 -9267.9075
228.48215 -9285.0218
228.48215 -9290.0678
228.49876 -9425.7329
228.49876 -9430.7714
228.51537 -9267.1969
228.51537 -9272.2431
228.52091 -9059.9629
228.53198 -9278.8054
228.53198 -9283.8495
228.54859 -9150.1569
228.54859 -9155.2034
228.5652 -9274.4605
228.5652 -9279.5012
228.57627 -9001.4695
228.58181 -8990.1763
228.58181 -8995.2168
228.59841 -8715.5024
228.59841 -8720.5581
228.61502 -9226.6289
228.61502 -9231.6792
228.63163 -9502.0121
228.63163 -9507.0626
228.64824 -8846.15
228.64824 -8851.1944
228.66485 -8857.6202
228.66485 -8862.679
228.68146 -9546.2685
228.68146 -9551.3004
228.687 -9301.6262
228.69807 -9299.3734
228.69807 -9304.4032
228.71468 -9223.0505
228.71468 -9228.0722
228.73129 -9567.3564
228.73129 -9572.4004
228.74236 -9034.7532
228.74789 -9119.8185
228.74789 -9124.8689
228.7645 -9087.852
228.7645 -9092.9119
228.78111 -9158.2301
228.78111 -9163.2759
228.79772 -9250.9475
228.79772 -9255.9893
228.81433 -9433.4574
228.81433 -9438.4967
228.83094 -9040.4922
228.83094 -9045.5385
228.84755 -9350.2519
228.84755 -9355.3133
228.85308 -9151.389
228.86416 -9383.4497
228.86416 -9388.4875
228.88076 -9155.2249
228.88076 -9160.2607
228.89737 -9578.0532
228.89737 -9583.0783
228.90845 -9479.7614
228.91398 -9221.7118
228.91398 -9226.7512
228.93059 -9087.9589
228.93059 -9092.9837
228.9472 -9157.6948
228.9472 -9162.743
228.96381 -8980.3298
228.96381 -8985.3746
228.98042 -9248.3434
228.98042 -9253.3891
228.99703 -9503.2487
228.99703 -9508.3026
229.01364 -9054.8833
229.01364 -9059.9253
229.01917 -9267.7704
229.03024 -9552.7316
229.03024 -9557.781
229.04685 -9086.0965
229.04685 -9091.1332
229.06346 -9556.679
229.06346 -9561.7197
229.07453 -9345.0426
229.08007 -9609.4852
229.08007 -9614.5246
229.09668 -9242.1937
229.09668 -9247.223
229.11329 -9697.1711
229.11329 -9702.2033
229.1299 -9049.2354
229.1299 -9054.2732
229.14651 -8888.0781
229.14651 -8893.1045
229.16311 -9264.4212
229.16311 -9269.447
229.17972 -9421.0279
229.17972 -9426.0473
229.18526 -9076.448
229.19633 -9377.7636
229.19633 -9382.7842
229.21294 -9601.9394
229.21294 -9606.9449
229.22955 -9305.4124
229.22955 -9310.4212
229.24062 -8981.9262
229.24616 -9057.0563
229.24616 -9062.0712
229.26277 -9234.3172
229.26277 -9239.3276
229.27938 -9470.5952
229.27938 -9475.6102
229.29599 -9217.1948
229.29599 -9222.2108
229.31259 -9296.792
229.31259 -9301.7956
229.3292 -9401.4825
229.3292 -9406.4877
229.34581 -9238.8837
229.34581 -9243.8792
229.35135 -9264.3057
229.36242 -9328.8827
229.36242 -9333.8796
229.37903 -9252.8076
229.37903 -9257.8142
229.39564 -9118.8131
229.39564 -9123.8124
229.40671 -9185.7343
229.41225 -9039.9215
229.41225 -9044.9215
229.42886 -9144.0381
229.42886 -9149.0425
229.44547 -9560.2605
229.44547 -9565.2625
229.46207 -9441.1088
229.46207 -9446.1073
229.47868 -9481.8277
229.47868 -9486.8409
229.49529 -9086.1344
229.49529 -9091.1468
229.5119 -8881.9243
229.5119 -8886.9137
229.51744 -9206.4807
229.52851 -8946.9199
229.52851 -8951.9363
229.54512 -9371.755
229.54512 -9376.7562
229.56173 -9229.6575
229.56173 -9234.6644
229.5728 -9126.6632
229.57834 -9134.6021
229.57834 -9139.6033
229.59494 -9362.7898
229.59494 -9367.8019
229.61155 -9309.7406
229.61155 -9314.7501
229.62816 -9463.2732
229.62816 -9468.272
229.64477 -9195.673
229.64477 -9200.6794
229.66138 -9054.9821
229.66138 -9059.9944
229.67799 -9018.6886
229.67799 -9023.7034
229.68352 -9457.6386
229.6946 -9232.6381
229.6946 -9237.6291
229.71121 -9527.1329
229.71121 -9532.141
229.72782 -9541.7231
229.72782 -9546.7355
229.73889 -9129.9477
229.74442 -9231.0078
229.74442 -9236.0197
229.76103 -9421.8969
229.76103 -9426.8982
229.77764 -9697.6504
229.77764 -9702.645
229.79425 -9634.5106
229.79425 -9639.5184
229.81086 -9109.0377
229.81086 -9114.0313
229.82747 -9339.3583
229.82747 -9344.3479
229.84408 -9538.0338
229.84408 -9543.044
229.84961 -9262.5529
229.86069 -9387.2989
229.86069 -9392.3098
229.87729 -9225.0872
229.87729 -9230.0824
229.8939 -9103.6284
229.8939 -9108.6315
229.90498 -9261.2777
229.91051 -9573.5338
229.91051 -9578.5321
229.92712 -9606.4224
229.92712 -9611.4058
229.94373 -9384.511
229.94373 -9389.5133
229.96034 -9252.9896
229.96034 -9257.9855
229.97695 -9297.2285
229.97695 -9302.2276
229.99356 -9601.4783
229.99356 -9606.4854
230.01017 -9086.6754
230.01017 -9091.6901
230.0157 -9334.8756
230.02677 -9390.7929
230.02677 -9395.7971
230.04338 -9210.7252
230.04338 -9215.7243
230.05999 -9436.2706
230.05999 -9441.2768
230.07106 -9699.7661
230.0766 -9874.903
230.0766 -9879.9233
230.09321 -9443.5738
230.09321 -9448.5846
230.10982 -9832.2896
230.10982 -9837.2894
230.12643 -9266.3648
230.12643 -9271.374
230.14304 -9224.7037
230.14304 -9229.7007
230.15964 -9581.3521
230.15964 -9586.3552
230.17625 -9268.509
230.17625 -9273.4948
230.18179 -9492.685
230.19286 -9569.8499
230.19286 -9574.8522
230.20947 -9383.7984
230.20947 -9388.7929
230.22608 -9706.5926
230.22608 -9711.6028
230.23715 -9212.8483
230.24269 -9218.7016
230.24269 -9223.6954
230.2593 -9856.304
230.2593 -9861.3154
230.27591 -10016.355
230.27591 -10021.365
230.29252 -8896.0256
230.29252 -8901.023
230.30912 -9881.7854
230.30912 -9886.7862
230.32573 -9935.5765
230.32573 -9940.5539
230.34234 -9451.9296
230.34234 -9456.9143
230.34788 -9606.9358
230.35895 -9671.0714
230.35895 -9676.0706
230.37556 -9785.1098
230.37556 -9790.1145
230.39217 -9355.1374
230.39217 -9360.1249
230.40324 -8795.6873
230.40878 -9125.6984
230.40878 -9130.702
230.42539 -9555.1342
230.42539 -9560.1472
230.44199 -9891.1676
230.44199 -9896.1696
230.4586 -9259.4637
230.4586 -9264.4471
230.47521 -9573.3527
230.47521 -9578.3576
230.49182 -9619.3816
230.49182 -9624.3744
230.50843 -9629.4654
230.50843 -9634.4636
230.51397 -9109.7347
230.52504 -9432.4519
230.52504 -9437.4513
230.54165 -9271.1804
230.54165 -9276.1658
230.55826 -9176.4269
230.55826 -9181.4253
230.56933 -9314.8495
230.57487 -9270.0118
230.57487 -9274.998
230.59147 -9821.8744
230.59147 -9826.859
230.60808 -9325.6712
230.60808 -9330.6702
230.62469 -9357.8864
230.62469 -9362.8824
230.6413 -9548.1726
230.6413 -9553.1732
230.65791 -9532.4163
230.65791 -9537.4206
230.67452 -9449.6268
230.67452 -9454.6172
230.68005 -9432.6059
230.69113 -9515.542
230.69113 -9520.5462
230.70774 -9800.2506
230.70774 -9805.2482
230.72435 -9529.0754
230.72435 -9534.0877
230.73542 -9120.8699
230.74095 -9409.8639
230.74095 -9414.8464
230.75756 -9663.8782
230.75756 -9668.8802
230.77417 -9289.7119
230.77417 -9294.7001
230.79078 -9551.3063
230.79078 -9556.3034
230.80739 -9524.253
230.80739 -9529.2326
230.824 -9583.012
230.824 -9588.0073
230.84061 -9895.7973
230.84061 -9900.7791
230.84614 -9900.3945
230.85722 -10021.386
230.85722 -10026.373
230.87382 -9442.837
230.87382 -9447.8344
230.89043 -9516.5488
230.89043 -9521.5356
230.90151 -9946.7872
230.90704 -9640.6978
230.90704 -9645.6779
230.92365 -9616.658
230.92365 -9621.6454
230.94026 -9516.0245
230.94026 -9521.0058
230.95687 -9735.1276
230.95687 -9740.1003
230.97348 -9637.477
230.97348 -9642.4743
230.99009 -9270.7276
230.99009 -9275.7137
231.0067 -9908.8461
231.0067 -9913.8307
231.01223 -9886.0151
231.0233 -10121.426
231.0233 -10126.393
231.03991 -9876.3344
231.03991 -9881.3197
231.05652 -9696.5214
231.05652 -9701.4878
231.06759 -9729.4114
231.07313 -9250.5767
231.07313 -9255.5463
231.08974 -9771.7103
231.08974 -9776.7062
231.10635 -9836.2492
231.10635 -9841.2265
231.12296 -9705.9388
231.12296 -9710.9224
231.13957 -9873.3234
231.13957 -9878.3056
231.15617 -9504.4126
231.15617 -9509.3798
231.17278 -9531.2452
231.17278 -9536.2298
231.17832 -9540.4725
231.18939 -9613.6985
231.18939 -9618.6855
231.206 -9673.961
231.206 -9678.9486
231.22261 -9927.7078
231.22261 -9932.7047
231.23368 -9302.2849
231.23922 -9599.9278
231.23922 -9604.9176
231.25583 -9956.4892
231.25583 -9961.4813
231.27244 -9416.1259
231.27244 -9421.1108
231.28905 -9529.1338
231.28905 -9534.1291
231.30565 -9407.8455
231.30565 -9412.821
231.32226 -9791.6826
231.32226 -9796.6617
231.33887 -9933.5191
231.33887 -9938.51
231.34441 -9852.7662
231.35548 -9846.5136
231.35548 -9851.5088
231.37209 -9849.5513
231.37209 -9854.5279
231.3887 -9484.718
231.3887 -9489.7182
231.39977 -9814.1874
231.40531 -9673.9049
231.40531 -9678.8918
231.42192 -10085.669
231.42192 -10090.659
231.43852 -10044.948
231.43852 -10049.941
231.45513 -9432.1204
231.45513 -9437.1127
231.47174 -9497.7595
231.47174 -9502.7566
231.48835 -10142.157
231.48835 -10147.135
231.50496 -9628.4496
231.50496 -9633.432
231.5105 -9740.5497
231.52157 -9413.3378
231.52157 -9418.3193
231.53818 -9799.7792
231.53818 -9804.7445
231.55479 -10189.037
231.55479 -10194.022
231.56586 -9683.3365
231.5714 -9942.7466
231.5714 -9947.7215
231.588 -9519.6298
231.588 -9524.6031
231.60461 -9761.5435
231.60461 -9766.5161
231.62122 -9987.3546
231.62122 -9992.3286
231.63783 -9681.9352
231.63783 -9686.9219
231.65444 -9611.0002
231.65444 -9615.9825
231.67105 -9890.065
231.67105 -9895.051
231.67658 -9971.9406
231.68766 -9794.4584
231.68766 -9799.4309
231.70427 -10015.092
231.70427 -10020.071
231.72087 -10048.522
231.72087 -10053.501
231.73195 -9630.2945
231.73748 -9692.5408
231.73748 -9697.5137
231.75409 -9872.4883
231.75409 -9877.4686
231.7707 -9610.3704
231.7707 -9615.3437
231.78731 -10050.997
231.78731 -10055.976
231.80392 -9785.9015
231.80392 -9790.8913
231.82053 -9581.0692
231.82053 -9586.0658
231.83714 -9857.1026
231.83714 -9862.0988
231.84267 -9668.4599
231.85375 -10155.054
231.85375 -10160.048
231.87035 -9767.2812
231.87035 -9772.2657
231.88696 -9988.6743
231.88696 -9993.67
231.89804 -10025.329
231.90357 -10222.628
231.90357 -10227.616
231.92018 -10102.881
231.92018 -10107.86
231.93679 -9847.4769
231.93679 -9852.4431
231.9534 -9600.1153
231.9534 -9605.0929
231.97001 -9573.6084
231.97001 -9578.6072
231.98662 -9668.8962
231.98662 -9673.8735
232.00322 -9979.1125
232.00322 -9984.0815
232.00876 -9991.815
232.01983 -9471.2006
232.01983 -9476.1608
232.03644 -10156.784
232.03644 -10161.748
232.05305 -9867.7278
232.05305 -9872.6777
232.06412 -9718.293
232.06966 -9994.4065
232.06966 -9999.3673
232.08627 -10039.885
232.08627 -10044.847
232.10288 -9971.8677
232.10288 -9976.8365
232.11949 -9850.0067
232.11949 -9854.9685
232.1361 -9951.0417
232.1361 -9956.003
232.1527 -9824.0752
232.1527 -9829.0351
232.16931 -9318.0261
232.16931 -9322.9828
232.17485 -9913.4859
232.18592 -9820.4696
232.18592 -9825.4356
232.20253 -10164.85
232.20253 -10169.805
232.21914 -9780.0777
232.21914 -9785.0355
232.23021 -10092.367
232.23575 -9808.7255
232.23575 -9813.6944
232.25236 -9612.3103
232.25236 -9617.2802
232.26897 -10270.044
232.26897 -10275.028
232.28558 -10145.396
232.28558 -10150.366
232.30218 -9624.7608
232.30218 -9629.7277
232.31879 -9993.4044
232.31879 -9998.3715
232.3354 -10143.575
232.3354 -10148.528
232.34094 -10137.818
232.35201 -10121.667
232.35201 -10126.642
232.36862 -9665.2539
232.36862 -9670.2124
232.38523 -10217.192
232.38523 -10222.16
232.3963 -10309.795
232.40184 -10185.329
232.40184 -10190.277
232.41845 -9959.8145
232.41845 -9964.7722
232.43505 -9939.7973
232.43505 -9944.7678
232.45166 -9812.6305
232.45166 -9817.5912
232.46827 -9850.2919
232.46827 -9855.2612
232.48488 -10097.454
232.48488 -10102.4
232.50149 -9951.9308
232.50149 -9956.8856
232.50703 -10111.055
232.5181 -9941.7241
232.5181 -9946.6796
232.53471 -9807.2013
232.53471 -9812.17
232.55132 -10310.902
232.55132 -10315.854
232.56239 -10488.049
232.56793 -10190.461
232.56793 -10195.411
232.58453 -10131.035
232.58453 -10135.996
232.60114 -10316.549
232.60114 -10321.506
232.61775 -9862.7154
232.61775 -9867.6745
232.63436 -10169.971
232.63436 -10174.931
232.65097 -10396.289
232.65097 -10401.251
232.66758 -9880.5912
232.66758 -9885.5466
232.67311 -9916.4161
232.68419 -9932.9177
232.68419 -9937.8764
232.7008 -9909.4716
232.7008 -9914.4549
232.7174 -10052.991
232.7174 -10057.955
232.72848 -10179.239
232.73401 -10124.148
232.73401 -10129.111
232.75062 -9872.1131
232.75062 -9877.0804
232.76723 -9903.0816
232.76723 -9908.0429
232.78384 -10130.454
232.78384 -10135.41
232.80045 -10110.096
232.80045 -10115.052
232.81706 -10357.236
232.81706 -10362.21
232.83367 -10332.717
232.83367 -10337.668
232.8392 -10134.692
232.85028 -10166.108
232.85028 -10171.066
232.86688 -10118.497
232.86688 -10123.464
232.88349 -9969.0841
232.88349 -9974.046
232.89457 -10323.544
232.9001 -9816.3247
232.9001 -9821.2692
232.91671 -10195.905
232.91671 -10200.868
232.93332 -10347.374
232.93332 -10352.308
232.94993 -10088.482
232.94993 -10093.429
232.96654 -10215.561
232.96654 -10220.51
232.98315 -10294.885
232.98315 -10299.836
232.99975 -10118.912
232.99975 -10123.872
233.00529 -10290.127
233.01636 -10384.167
233.01636 -10389.115
233.03297 -10153.882
233.03297 -10158.83
233.04958 -10320.658
233.04958 -10325.608
233.06065 -10419.279
233.06619 -10219.843
233.06619 -10224.794
233.0828 -10275.483
233.0828 -10280.445
233.09941 -10065.492
233.09941 -10070.441
233.11602 -10126.782
233.11602 -10131.726
233.13263 -10043.275
233.13263 -10048.23
233.14923 -10143.149
233.14923 -10148.103
233.16584 -10903.543
233.16584 -10908.498
233.17138 -10476.326
233.18245 -10027.444
233.18245 -10032.387
233.19906 -10361.33
233.19906 -10366.273
233.21567 -10522.272
233.21567 -10527.218
233.22674 -10145.953
233.23228 -10103.178
233.23228 -10108.119
233.24889 -10415.357
233.24889 -10420.307
233.2655 -10147.823
233.2655 -10152.777
233.2821 -10213.418
233.2821 -10218.351
233.29871 -9825.5456
233.29871 -9830.499
233.31532 -10373.938
233.31532 -10378.888
233.33193 -10491.139
233.33193 -10496.084
233.33747 -10134.381
233.34854 -10212.078
233.34854 -10217.003
233.36515 -10138.01
233.36515 -10142.952
233.38176 -9950.985
233.38176 -9955.9381
233.39283 -9854.0956
233.39837 -10081.236
233.39837 -10086.164
233.41498 -10220.724
233.41498 -10225.641
233.43158 -10053.23
233.43158 -10058.16
233.44819 -10292.454
233.44819 -10297.373
233.4648 -10275.832
233.4648 -10280.769
233.48141 -10352.984
233.48141 -10357.924
233.49802 -10246.329
233.49802 -10251.257
233.50356 -10069.003
233.51463 -9672.7035
233.51463 -9677.6334
233.53124 -10146.239
233.53124 -10151.173
233.54785 -10059.284
233.54785 -10064.224
233.55892 -10031.567
233.56446 -9804.5533
233.56446 -9809.4848
233.58106 -10668.704
233.58106 -10673.625
233.59767 -10207.846
233.59767 -10212.775
233.61428 -10098.796
233.61428 -10103.706
233.63089 -10578.586
233.63089 -10583.522
233.6475 -10118.608
233.6475 -10123.534
233.66411 -10285.209
233.66411 -10290.152
233.66964 -9984.3133
233.68072 -10302.654
233.68072 -10307.571
233.69733 -10206.175
233.69733 -10211.095
233.71393 -10133.923
233.71393 -10138.84
233.72501 -10477.967
233.73054 -10200.414
233.73054 -10205.328
233.74715 -10508.502
233.74715 -10513.422
233.76376 -10432.877
233.76376 -10437.805
233.78037 -10298.23
233.78037 -10303.159
233.79698 -10482.051
233.79698 -10486.965
233.81359 -10045.163
233.81359 -10050.089
233.8302 -10188.733
233.8302 -10193.649
233.83573 -10593.738
233.84681 -10168.254
233.84681 -10173.175
233.86341 -10140.765
233.86341 -10145.681
233.88002 -10277.954
233.88002 -10282.872
233.8911 -10413.174
233.89663 -10413.24
233.89663 -10418.158
233.91324 -10553.572
233.91324 -10558.489
233.92985 -10184.812
233.92985 -10189.74
233.94646 -10463.195
233.94646 -10468.115
233.96307 -10725.079
233.96307 -10730.007
233.97968 -9953.5616
233.97968 -9958.4957
233.99628 -10775.382
233.99628 -10780.311
234.00182 -10791.578
234.01289 -10159.865
234.01289 -10164.795
234.0295 -9957.6798
234.0295 -9962.6075
234.04611 -10338.916
234.04611 -10343.832
234.05718 -10611.101
234.06272 -10618.788
234.06272 -10623.698
234.07933 -10292.501
234.07933 -10297.427
234.09594 -10251.544
234.09594 -10256.469
234.11255 -10366.764
234.11255 -10371.687
234.12916 -10584.889
234.12916 -10589.803
234.14576 -10268.479
234.14576 -10273.391
234.16237 -10121.39
234.16237 -10126.293
234.16791 -10224.348
234.17898 -9979.5274
234.17898 -9984.4275
234.19559 -10104.294
234.19559 -10109.215
234.2122 -10708.93
234.2122 -10713.834
234.22327 -10322.837
234.22881 -10220.284
234.22881 -10225.198
234.24542 -10546.835
234.24542 -10551.737
234.26203 -10423.3
234.26203 -10428.206
234.27863 -10677.197
234.27863 -10682.102
234.29524 -10579.346
234.29524 -10584.26
234.31185 -10709.803
234.31185 -10714.715
234.32846 -10566.41
234.32846 -10571.33
234.334 -10379.856
234.34507 -9774.6243
234.34507 -9779.5277
234.36168 -10604.235
234.36168 -10609.142
234.37829 -10692.204
234.37829 -10697.099
234.38936 -10183.09
234.3949 -10190.244
234.3949 -10195.14
234.41151 -10434.901
234.41151 -10439.799
234.42811 -10340.414
234.42811 -10345.32
234.44472 -10646.393
234.44472 -10651.306
234.46133 -10334.692
234.46133 -10339.594
234.47794 -10947.008
234.47794 -10951.922
234.49455 -10907.975
234.49455 -10912.871
234.50009 -10689.168
234.51116 -10299.735
234.51116 -10304.647
234.52777 -10392.372
234.52777 -10397.278
234.54438 -10494.889
234.54438 -10499.795
234.55545 -10152.608
234.56098 -10351.977
234.56098 -10356.879
234.57759 -10524.841
234.57759 -10529.762
234.5942 -10759.093
234.5942 -10764.003
234.61081 -10580.121
234.61081 -10585.03
234.62742 -10460.162
234.62742 -10465.069
234.64403 -10659.327
234.64403 -10664.235
234.66064 -10622.039
234.66064 -10626.941
234.66617 -10515.86
234.67725 -10600.225
234.67725 -10605.122
234.69386 -10722.335
234.69386 -10727.25
234.71046 -10555.986
234.71046 -10560.917
234.72154 -10546.17
234.72707 -10622.39
234.72707 -10627.304
234.74368 -10226.492
234.74368 -10231.392
234.76029 -10072.146
234.76029 -10077.062
234.7769 -10736.464
234.7769 -10741.369
234.79351 -10775.537
234.79351 -10780.452
234.81012 -10149.859
234.81012 -10154.767
234.82673 -10131.893
234.82673 -10136.789
234.83226 -10574.685
234.84334 -11003.129
234.84334 -11008.046
234.85994 -10498.215
234.85994 -10503.127
234.87655 -10378.73
234.87655 -10383.642
234.88763 -10821.63
234.89316 -10778.84
234.89316 -10783.744
234.90977 -10417.003
234.90977 -10421.911
234.92638 -10433.662
234.92638 -10438.571
234.94299 -10335.265
234.94299 -10340.18
234.9596 -10408.886
234.9596 -10413.793
234.97621 -10695.646
234.97621 -10700.549
234.99281 -10473.241
234.99281 -10478.133
234.99835 -10509.258
235.00942 -10752.535
235.00942 -10757.429
235.02603 -10674.564
235.02603 -10679.452
235.04264 -10666.218
235.04264 -10671.103
235.05371 -10595.448
235.05925 -10765.452
235.05925 -10770.349
235.07586 -10727.171
235.07586 -10732.06
235.09247 -10728.293
235.09247 -10733.192
235.10908 -10622.198
235.10908 -10627.092
235.12569 -10702.003
235.12569 -10706.905
235.14229 -11140.911
235.14229 -11145.809
235.1589 -10697.691
235.1589 -10702.59
235.16444 -10601.914
235.17551 -10885.796
235.17551 -10890.684
235.19212 -10674.666
235.19212 -10679.574
235.20873 -10615.059
235.20873 -10619.947
235.2198 -10557.142
235.22534 -10995.172
235.22534 -11000.068
235.24195 -10244.931
235.24195 -10249.828
235.25856 -10970.634
235.25856 -10975.54
235.27516 -10979.392
235.27516 -10984.287
235.29177 -10761.797
235.29177 -10766.681
235.30838 -10985.133
235.30838 -10990.017
235.32499 -10861.625
235.32499 -10866.51
235.33053 -10933.873
235.3416 -11058.982
235.3416 -11063.881
235.35821 -10875.209
235.35821 -10880.095
235.37482 -10907.464
235.37482 -10912.35
235.38589 -11043.611
235.39143 -10785.37
235.39143 -10790.257
235.40804 -10276.6
235.40804 -10281.484
235.42464 -10643.139
235.42464 -10648.015
235.44125 -10755.833
235.44125 -10760.725
235.45786 -10673.569
235.45786 -10678.451
235.47447 -10829.005
235.47447 -10833.908
235.49108 -10852.48
235.49108 -10857.375
235.49662 -11097.965
235.50769 -10770.284
235.50769 -10775.179
235.5243 -10793.362
235.5243 -10798.26
235.54091 -10890.638
235.54091 -10895.509
235.55198 -10728.781
235.55751 -10772.975
235.55751 -10777.862
235.57412 -10927.447
235.57412 -10932.35
235.59073 -10904.115
235.59073 -10909.006
235.60734 -10786.052
235.60734 -10790.931
235.62395 -10733.733
235.62395 -10739.581
235.64056 -10667.513
235.64056 -10672.421
235.65717 -10379.517
235.65717 -10384.424
235.6627 -10341.051
235.67378 -10645.158
235.67378 -10650.051
235.69039 -11160.54
235.69039 -11164.508
235.70699 -11074.4
235.70699 -11079.296
235.71807 -10932.58
235.7236 -10699.042
235.7236 -10703.952
235.74021 -11568.384
235.74021 -11573.263
235.75682 -10943.118
235.75682 -10948.008
235.77343 -11109.621
235.77343 -11114.501
235.79004 -10968.984
235.79004 -10973.863
235.80665 -10882.927
235.80665 -10887.811
235.82326 -11359.578
235.82326 -11364.459
235.82879 -11160.988
235.83986 -10503.122
235.83986 -10508.01
235.85647 -10562.908
235.85647 -10567.786
235.87308 -11041.904
235.87308 -11046.776
235.88416 -11174.596
235.88969 -11086.499
235.88969 -11091.361
235.9063 -11005.111
235.9063 -11009.985
235.92291 -10425.245
235.92291 -10430.116
235.93952 -11486.251
235.93952 -11491.123
235.95613 -11040.896
235.95613 -11045.762
235.97274 -10896.988
235.97274 -10901.84
235.98934 -10720.844
235.98934 -10725.709
235.99488 -10638.829
236.00595 -10775.978
236.00595 -10780.848
236.02256 -11152.043
236.02256 -11156.915
236.03917 -10633.835
236.03917 -10638.7
236.05578 -10891.838
236.05578 -10896.71
236.07239 -10855.702
236.07239 -10860.588
236.089 -10606.354
236.089 -10611.222
236.09453 -10718.298
236.10561 -10952.905
236.10561 -10957.775
236.12222 -10903.437
236.12222 -10908.302
236.13882 -11033.641
236.13882 -11038.509
236.1499 -11123.344
236.15543 -10733.881
236.15543 -10738.747
236.17204 -10948.55
236.17204 -10953.428
236.18865 -11166.24
236.18865 -11171.925
236.20526 -10753.557
236.20526 -10758.416
236.22187 -10915.885
236.22187 -10920.741
236.23848 -10975.628
236.23848 -10980.476
236.25509 -10836.976
236.25509 -10841.843
236.26062 -11145.959
236.27169 -11131.027
236.27169 -11135.902
236.2883 -11008.999
236.2883 -11013.862
236.30491 -11176.641
236.30491 -11181.51
236.31598 -10816.03
236.32152 -10893.192
236.32152 -10898.066
236.33813 -11062.202
236.33813 -11067.073
236.35474 -10831.106
236.35474 -10835.973
236.37135 -11201.033
236.37135 -11205.91
236.38796 -10965.95
236.38796 -10970.835
236.40457 -10964.343
236.40457 -10969.2
236.42117 -11016.402
236.42117 -11021.278
236.42671 -10889.331
236.43778 -10763.466
236.43778 -10768.336
236.45439 -10806.049
236.45439 -10810.928
236.471 -10762.483
236.471 -10767.343
236.48207 -10852.599
236.48761 -11382.193
236.48761 -11387.062
236.50422 -11064.201
236.50422 -11069.054
236.52083 -10668.702
236.52083 -10673.57
236.53744 -10912.018
236.53744 -10916.881
236.55404 -11538.996
236.55404 -11543.848
236.57065 -11131.789
236.57065 -11136.646
236.58726 -11193.145
236.58726 -11198.017
236.5928 -11085.973
236.60387 -11102.709
236.60387 -11107.571
236.62048 -10875.155
236.62048 -10880.021
236.63709 -10864.289
236.63709 -10869.166
236.64816 -10820.982
236.6537 -11023.579
236.6537 -11028.445
236.67031 -11249.045
236.67031 -11253.914
236.68692 -11251.804
236.68692 -11256.674
236.70352 -11247.355
236.70352 -11252.221
236.72013 -11617.9
236.72013 -11622.764
236.73674 -10901.806
236.73674 -10906.679
236.75335 -11190.993
236.75335 -11195.854
236.75889 -11398.678
236.76996 -11168.154
236.76996 -11173.023
236.78657 -10992.64
236.78657 -10997.511
236.80318 -11035.965
236.80318 -11040.821
236.81425 -10867.229
236.81979 -10944.717
236.81979 -10949.587
236.83639 -10969.518
236.83639 -10974.387
236.853 -10932.798
236.853 -10937.67
236.86961 -11054.401
236.86961 -11059.277
236.88622 -11325.866
236.88622 -11330.736
236.90283 -11497.954
236.90283 -11502.808
236.91944 -11010.757
236.91944 -11015.62
236.92498 -10870.72
236.93605 -11052.159
236.93605 -11057.023
236.95266 -10862.339
236.95266 -10867.193
236.96927 -11674.465
236.96927 -11679.328
236.98034 -11104.854
236.98587 -11412.834
236.98587 -11417.701
237.00248 -11180.055
237.00248 -11184.919
237.01909 -11130.473
237.01909 -11135.337
237.0357 -11058.47
237.0357 -11063.324
237.05231 -11109.039
237.05231 -11113.908
237.06892 -11035.068
237.06892 -11039.941
237.08553 -11078.755
237.08553 -11083.602
237.09106 -11018.867
237.10214 -10965.442
237.10214 -10970.322
237.11874 -10885.788
237.11874 -10890.642
237.13535 -11292.807
237.13535 -11297.666
237.14643 -11615.064
237.15196 -11637.122
237.15196 -11641.977
237.16857 -11187.688
237.16857 -11192.547
237.18518 -11111.933
237.18518 -11116.796
237.20179 -11757.268
237.20179 -11762.119
237.2184 -11589.225
237.2184 -11594.077
237.23501 -11093.904
237.23501 -11098.745
237.25162 -11110.313
237.25162 -11115.184
237.25715 -11268.407
237.26822 -11306.397
237.26822 -11311.246
237.28483 -11444.838
237.28483 -11449.691
237.30144 -10569.399
237.30144 -10574.264
237.31251 -11621.274
237.31805 -11289.604
237.31805 -11294.44
237.33466 -11571.775
237.33466 -11576.625
237.35127 -11302.431
237.35127 -11307.275
237.36788 -11099.615
237.36788 -11104.481
237.38449 -11401.372
237.38449 -11406.22
237.4011 -11296.264
237.4011 -11301.104
237.4177 -11211.596
237.4177 -11216.434
237.42324 -11366.333
237.43431 -11463.271
237.43431 -11468.124
237.45092 -11198.914
237.45092 -11203.755
237.46753 -11318.672
237.46753 -10851.841
237.48414 -11064.054
237.48414 -11068.902
237.50075 -11111.307
237.50075 -11116.165
237.51736 -11653.906
237.51736 -11658.752
237.52289 -11351.873
237.53397 -11427.658
237.53397 -11432.504
237.55057 -11078.392
237.55057 -11083.24
237.56718 -10966.273
237.56718 -10971.127
237.57826 -11189.536
237.58379 -10894.282
237.58379 -10899.144
237.6004 -10894.469
237.6004 -10899.324
237.61701 -10886.923
237.61701 -10891.777
237.63362 -11039.542
237.63362 -11044.401
237.65023 -11150.518
237.65023 -11155.364
237.66684 -11030.968
237.66684 -11035.813
237.68345 -11044.435
237.68345 -11049.291
237.68898 -11287.448
237.70005 -11646.535
237.70005 -11651.391
237.71666 -10987.075
237.71666 -10991.925
237.73327 -11097.99
237.73327 -11102.812
237.74434 -11337.768
237.74988 -11259.668
237.74988 -11264.513
237.76649 -10903.14
237.76649 -10907.996
237.7831 -11379.209
237.7831 -11384.045
237.79971 -11113.804
237.79971 -11118.641
237.81632 -11131.53
237.81632 -11136.368
237.83292 -10779.101
237.83292 -10783.938
237.84953 -10940.709
237.84953 -10945.563
237.85507 -11001.162
237.86614 -11296.749
237.86614 -11301.589
237.88275 -11183.603
237.88275 -11188.457
237.89936 -11532.606
237.89936 -11537.443
237.91043 -11075.86
237.91597 -11307.345
237.91597 -11312.195
237.93258 -11263.141
237.93258 -11267.981
237.94919 -11469.588
237.94919 -11474.416
237.9658 -11177.268
237.9658 -11182.107
237.9824 -11055.971
237.9824 -11060.81
237.99901 -11332.86
237.99901 -11337.7
238.01562 -11292.567
238.01562 -11297.392
238.02116 -11178.323
238.03223 -11427.896
238.03223 -11432.721
238.04884 -10968.201
238.04884 -10973.053
238.06545 -11139.93
238.06545 -11144.768
238.07652 -11208.835
238.08206 -11361.295
238.08206 -11366.146
238.09867 -11194.054
238.09867 -11198.899
238.11527 -11302.895
238.11527 -11307.724
238.13188 -11016.642
238.13188 -11021.483
238.14849 -11068.401
238.14849 -11073.237
238.1651 -11102.937
238.1651 -11107.769
238.18171 -11002.892
238.18171 -11007.733
238.18725 -10855.587
238.19832 -11257.942
238.19832 -11262.771
238.21493 -11096.615
238.21493 -11101.44
238.23154 -10910.828
238.23154 -10915.664
238.24261 -11395.513
238.24815 -11314.597
238.24815 -11319.419
238.26475 -11035.554
238.26475 -11040.387
238.28136 -11091.582
238.28136 -11096.401
238.29797 -11041.698
238.29797 -11046.534
238.31458 -11148.273
238.31458 -11153.103
238.33119 -11392.709
238.33119 -11397.533
238.3478 -11154.12
238.3478 -11158.948
238.35333 -10928.048
238.36441 -11103.209
238.36441 -11108.03
238.38102 -11176.0
238.38102 -11180.823
238.39762 -11416.766
238.39762 -11421.579
238.4087 -11390.926
238.41423 -11221.608
238.41423 -11226.425
238.43084 -11285.993
238.43084 -11290.801
238.44745 -11409.249
238.44745 -11414.064
238.46406 -11061.96
238.46406 -11066.767
238.48067 -11182.066
238.48067 -11186.866
238.49728 -11609.286
238.49728 -11614.114
238.51389 -11018.226
238.51389 -11023.038
238.51942 -10762.861
238.5305 -11330.825
238.5305 -11335.635
238.5471 -11351.315
238.5471 -11356.135
238.56371 -11015.108
238.56371 -11019.922
238.57479 -10957.021
238.58032 -10799.976
238.58032 -10804.792
238.59693 -11316.553
238.59693 -11321.356
238.61354 -10877.705
238.61354 -10882.532
238.63015 -10795.366
238.63015 -10800.182
238.64676 -11146.55
238.64676 -11151.357
238.66337 -11161.106
238.66337 -11165.932
238.67998 -11270.969
238.67998 -11275.804
238.68551 -10711.155
238.69658 -10950.297
238.69658 -10955.129
238.71319 -10866.845
238.71319 -10871.669
238.7298 -11236.044
238.7298 -11240.861
238.74087 -11123.546
238.74641 -11033.11
238.74641 -11037.924
238.76302 -11129.652
238.76302 -11134.465
238.77963 -10872.32
238.77963 -10877.131
238.79624 -11009.816
238.79624 -11014.635
238.81285 -11529.126
238.81285 -11533.94
238.82945 -10778.574
238.82945 -10783.385
238.84606 -11108.742
238.84606 -11113.542
238.8516 -11020.336
238.86267 -10889.972
238.86267 -10894.779
238.87928 -11062.4
238.87928 -11067.184
238.89589 -11186.469
238.89589 -11191.256
238.90696 -11003.616
238.9125 -10961.363
238.9125 -10966.144
238.92911 -11594.119
238.92911 -11598.898
238.94572 -11435.3
238.94572 -11440.084
238.96233 -11095.257
238.96233 -11100.048
238.97893 -11243.362
238.97893 -11248.15
238.99554 -11099.907
238.99554 -11104.691
239.01215 -11450.055
239.01215 -11454.844
239.01769 -11442.35
239.02876 -11270.496
239.02876 -11275.302
239.04537 -11621.72
239.04537 -11626.501
239.06198 -11609.156
239.06198 -11613.95
239.07305 -11071.426
239.07859 -11159.883
239.07859 -11164.672
239.0952 -11479.306
239.0952 -11484.102
239.1118 -11315.526
239.1118 -11320.322
239.12841 -11102.453
239.12841 -11107.266
239.14502 -11113.901
239.14502 -11118.703
239.16163 -10936.358
239.16163 -10941.152
239.17824 -11183.725
239.17824 -11188.525
239.18378 -11399.857
239.19485 -10840.699
239.19485 -10845.507
239.21146 -10845.131
239.21146 -10849.94
239.22807 -11369.101
239.22807 -11373.917
239.23914 -10697.912
239.24468 -11295.226
239.24468 -11300.052
239.26128 -11228.662
239.26128 -11233.483
239.27789 -11059.825
239.27789 -11064.634
239.2945 -11390.877
239.2945 -11395.677
239.31111 -11092.989
239.31111 -11097.798
239.32772 -11108.771
239.32772 -11113.582
239.34433 -11518.349
239.34433 -11523.151
239.34986 -11130.464
239.36094 -11334.963
239.36094 -11339.786
239.37755 -10824.745
239.37755 -10829.553
239.39415 -11326.806
239.39415 -11331.629
239.40523 -11304.868
239.41076 -11502.723
239.41076 -11507.517
239.42737 -11189.435
239.42737 -11194.252
239.44398 -11666.124
239.44398 -11670.931
239.46059 -11257.842
239.46059 -11262.645
239.4772 -11497.901
239.4772 -11502.696
239.49381 -11614.357
239.49381 -11619.15
239.51042 -11138.682
239.51042 -11143.462
239.51595 -11076.581
239.52703 -11025.717
239.52703 -11030.516
239.54363 -11303.601
239.54363 -11308.388
239.56024 -11558.347
239.56024 -11563.151
239.57132 -11287.94
239.57685 -11264.088
239.57685 -11268.905
239.59346 -11307.661
239.59346 -11312.446
239.61007 -11510.969
239.61007 -11515.755
239.62668 -11193.531
239.62668 -11198.338
239.64329 -11447.576
239.64329 -11452.37
239.6599 -11684.471
239.6599 -11689.269
239.6765 -11627.436
239.6765 -11632.216
239.68204 -11572.973
239.69311 -12033.89
239.69311 -12038.681
239.70972 -11595.033
239.70972 -11599.829
239.72633 -11586.285
239.72633 -11591.082
239.7374 -11014.906
239.74294 -11535.11
239.74294 -11539.896
239.75955 -11347.36
239.75955 -11352.158
239.77616 -11393.518
239.77616 -11398.312
239.79277 -11334.341
239.79277 -11339.135
239.80938 -11399.472
239.80938 -11404.263
239.82598 -11153.513
239.82598 -11158.302
239.84259 -11287.12
239.84259 -11291.918
239.84813 -11199.255
239.8592 -11793.078
239.8592 -11797.87
239.87581 -11384.782
239.87581 -11389.573
239.89242 -11659.227
239.89242 -11664.017
239.90349 -11182.668
239.90903 -11215.728
239.90903 -11220.525
239.92564 -11647.027
239.92564 -11651.82
239.94225 -11692.036
239.94225 -11696.824
239.95886 -11322.551
239.95886 -11327.337
239.97546 -11620.273
239.97546 -11625.065
239.99207 -11280.804
239.99207 -11285.601
240.00868 -11545.486
240.00868 -11550.283
240.01422 -11174.988
240.02529 -11510.089
240.02529 -11514.879
240.0419 -11650.501
240.0419 -11655.276
240.05851 -11472.889
240.05851 -11477.688
240.06958 -11452.705
240.07512 -11315.75
240.07512 -11320.539
240.09173 -11476.596
240.09173 -11481.394
240.10833 -11539.23
240.10833 -11544.015
240.12494 -11625.256
240.12494 -11630.047
240.14155 -11768.317
240.14155 -11773.098
240.15816 -11380.773
240.15816 -11385.559
240.17477 -11471.29
240.17477 -11476.088
240.18031 -11853.498
240.19138 -11720.992
240.19138 -11725.79
240.20799 -11669.34
240.20799 -11674.122
240.2246 -11331.491
240.2246 -11336.271
240.23567 -11568.698
240.24121 -11741.664
240.24121 -11746.468
240.25781 -11787.923
240.25781 -11792.708
240.27442 -11567.768
240.27442 -11572.547
240.29103 -11330.441
240.29103 -11335.225
240.30764 -11757.663
240.30764 -11762.447
240.32425 -11900.393
240.32425 -11905.176
240.34086 -11399.151
240.34086 -11403.928
240.34639 -11680.25
240.35747 -11688.688
240.35747 -11693.461
240.37408 -11810.326
240.37408 -11815.113
240.39068 -11653.478
240.39068 -11658.257
240.40176 -11554.26
240.40729 -11575.233
240.40729 -11580.029
240.4239 -11665.8
240.4239 -11670.593
240.44051 -11834.46
240.44051 -11839.255
240.45712 -12114.396
240.45712 -12119.181
240.47373 -11704.821
240.47373 -11709.594
240.49034 -11785.167
240.49034 -11789.944
240.50695 -11997.818
240.50695 -12002.609
240.51248 -11806.667
240.52356 -11772.133
240.52356 -11776.914
240.54016 -11653.707
240.54016 -11658.481
240.55677 -11958.023
240.55677 -11962.791
240.56785 -12104.113
240.57338 -12347.577
240.57338 -12352.344
240.58999 -11494.341
240.58999 -11499.114
240.6066 -11442.125
240.6066 -11446.916
240.62321 -11929.549
240.62321 -11934.357
240.63982 -11525.817
240.63982 -11530.59
240.65643 -11741.578
240.65643 -11746.347
240.67303 -11472.274
240.67303 -11477.046
240.67857 -11321.545
240.68964 -11876.819
240.68964 -11881.603
240.70625 -11801.223
240.70625 -11806.01
240.72286 -11766.62
240.72286 -11771.404
240.73393 -11807.345
240.73947 -11965.269
240.73947 -11970.038
240.75608 -11342.461
240.75608 -11347.249
240.77269 -12200.861
240.77269 -12205.655
240.7893 -12163.48
240.7893 -12168.263
240.80591 -12072.423
240.80591 -12077.204
240.82251 -12330.228
240.82251 -12335.025
240.83912 -11664.136
240.83912 -11668.921
240.84466 -11744.079
240.85573 -12104.367
240.85573 -12109.156
240.87234 -11514.539
240.87234 -11519.33
240.88895 -11359.35
240.88895 -11364.125
240.90002 -11657.134
240.90556 -11890.67
240.90556 -11895.44
240.92217 -11523.54
240.92217 -11528.325
240.93878 -12195.026
240.93878 -12199.813
240.95538 -11745.729
240.95538 -11750.509
240.97199 -12065.365
240.97199 -12070.149
240.9886 -12013.008
240.9886 -12017.774
241.00521 -11622.575
241.00521 -11627.362
241.01075 -11882.636
241.02182 -11587.294
241.02182 -11592.073
241.03843 -11727.341
241.03843 -11732.115
241.05504 -12035.024
241.05504 -12039.802
241.06611 -11688.775
241.07165 -11606.264
241.07165 -11611.045
241.08826 -11774.771
241.08826 -11779.524
241.10486 -11908.763
241.10486 -11913.548
241.12147 -11803.298
241.12147 -11808.064
241.13808 -11813.319
241.13808 -11818.098
241.15469 -11814.899
241.15469 -11819.681
241.1713 -11697.813
241.1713 -11702.588
241.17684 -11730.324
241.18791 -11414.204
241.18791 -11418.982
241.20452 -11707.552
241.20452 -11712.335
241.22113 -12054.949
241.22113 -12059.741
241.2322 -11596.569
241.23774 -12064.998
241.23774 -12069.772
241.25434 -12011.347
241.25434 -12016.141
241.27095 -12012.481
241.27095 -12017.259
241.28756 -12174.14
241.28756 -12178.913
241.30417 -11622.158
241.30417 -11949.427
241.32078 -11680.976
241.32078 -11685.746
241.33739 -11385.612
241.33739 -11390.378
241.354 -11796.79
241.354 -11801.566
241.35953 -11602.163
241.37061 -11668.217
241.37061 -11672.991
241.38721 -11607.291
241.38721 -11612.071
241.40382 -11540.602
241.40382 -11545.374
241.4149 -11428.619
241.42043 -11661.28
241.42043 -11666.05
241.43704 -11551.589
241.43704 -11556.357
241.45365 -11517.187
241.45365 -11521.959
241.47026 -12003.404
241.47026 -12008.167
241.48687 -11917.946
241.48687 -11922.705
241.50348 -11434.701
241.50348 -11439.45
241.52009 -11453.451
241.52009 -11458.218
241.52562 -11498.292
241.53669 -11974.099
241.53669 -11978.832
241.5533 -11507.802
241.5533 -11512.564
241.56991 -11558.118
241.56991 -11562.859
241.58098 -12006.003
241.58652 -11631.986
241.58652 -11636.734
241.60313 -11715.015
241.60313 -11719.75
241.61974 -11514.265
241.61974 -11519.03
241.63635 -12077.94
241.63635 -12082.701
241.65296 -11693.505
241.65296 -11698.259
241.66956 -11490.315
241.66956 -11495.071
241.68617 -11663.019
241.68617 -11667.769
241.69171 -11653.241
241.70278 -11721.483
241.70278 -11726.222
241.71939 -11441.526
241.71939 -11446.272
241.736 -11366.43
241.736 -11371.165
241.74707 -11748.871
241.75261 -11924.75
241.75261 -11929.477
241.76922 -11894.187
241.76922 -11898.917
241.78583 -11174.143
241.78583 -11178.876
241.80244 -11711.97
241.80244 -11716.72
241.81904 -11374.179
241.81904 -11378.951
241.83565 -11576.087
241.83565 -11580.83
241.85226 -11665.405
241.85226 -11670.159
241.8578 -11604.762
241.86887 -11485.189
241.86887 -11489.933
241.88548 -11401.274
241.88548 -11405.997
241.90209 -11724.73
241.90209 -11729.469
241.91316 -11509.733
241.9187 -11418.118
241.9187 -11422.861
241.93531 -11312.519
241.93531 -11317.266
241.95191 -11587.414
241.95191 -11592.139
241.96852 -11371.837
241.96852 -11376.591
241.98513 -11639.504
241.98513 -11644.256
242.00174 -11402.777
242.00174 -11407.54
242.01835 -11607.658
242.01835 -11612.396
242.02389 -11438.35
242.03496 -11265.757
242.03496 -11270.49
242.05157 -11421.588
242.05157 -11426.34
242.06818 -11657.874
242.06818 -11662.624
242.07925 -11808.609
242.08479 -11715.372
242.08479 -11720.102
242.10139 -11503.24
242.10139 -11507.974
242.118 -11643.867
242.118 -11648.6
242.13461 -11518.289
242.13461 -11523.027
242.15122 -11861.455
242.15122 -11866.176
242.16783 -11666.212
242.16783 -11670.94
242.18444 -11445.981
242.18444 -11450.706
242.18997 -11431.044
242.20105 -11963.133
242.20105 -11967.868
242.21766 -11642.159
242.21766 -11646.885
242.23426 -11294.594
242.23426 -11299.326
242.24534 -11667.167
242.25087 -11896.1
242.25087 -11900.827
242.26748 -11981.79
242.26748 -11986.513
242.28409 -11594.016
242.28409 -11598.732
242.3007 -11370.473
242.3007 -11375.206
242.31731 -11565.764
242.31731 -11570.496
242.33392 -11266.202
242.33392 -11270.921
242.35053 -11232.02
242.35053 -11236.753
242.35606 -11298.846
242.36714 -11550.834
242.36714 -11555.555
242.38374 -12046.308
242.38374 -12051.038
242.40035 -11781.444
242.40035 -11786.176
242.41143 -11269.158
242.41696 -11266.452
242.41696 -11271.162
242.43357 -11616.096
242.43357 -11620.814
242.45018 -11347.976
242.45018 -11352.698
242.46679 -11658.951
242.46679 -11663.675
242.4834 -11377.301
242.4834 -11382.015
242.50001 -11644.506
242.50001 -11649.224
242.51662 -11807.359
242.51662 -11812.07
242.52215 -11950.096
242.53322 -11553.19
242.53322 -11557.905
242.54983 -11505.793
242.54983 -11510.509
242.56644 -11503.932
242.56644 -11508.654
242.57751 -11256.123
242.58305 -11565.087
242.58305 -11569.806
242.59966 -11408.815
242.59966 -11413.522
242.61627 -11636.002
242.61627 -11640.709
242.63288 -11520.391
242.63288 -11525.098
242.64949 -11330.219
242.64949 -11334.928
242.66609 -11748.695
242.66609 -11753.414
242.6827 -11716.719
242.6827 -11721.428
242.68824 -11532.325
242.69931 -11514.894
242.69931 -11519.61
242.71592 -11167.901
242.71592 -11172.605
242.73253 -11796.34
242.73253 -11801.037
242.7436 -11823.384
242.74914 -11757.091
242.74914 -11761.801
242.76575 -11861.885
242.76575 -11866.596
242.78236 -11754.601
242.78236 -11759.31
242.79897 -11446.47
242.79897 -11451.18
242.81557 -11922.821
242.81557 -11927.53
242.83218 -11616.399
242.83218 -11621.085
242.84879 -11631.441
242.84879 -11636.156
242.85433 -11520.05
242.8654 -11524.027
242.8654 -11528.73
242.88201 -11679.541
242.88201 -11684.266
242.89862 -11570.572
242.89862 -11575.271
242.90969 -11954.479
242.91523 -12197.852
242.91523 -12202.543
242.93184 -11902.392
242.93184 -11907.087
242.94844 -11497.971
242.94844 -11375.011
242.96505 -11180.727
242.96505 -11185.433
242.98166 -11023.649
242.98166 -11028.352
242.99827 -11484.734
242.99827 -11489.438
243.00381 -11396.48
243.01488 -11244.825
243.01488 -11249.521
243.03149 -11117.141
243.03149 -11121.839
243.0481 -11481.859
243.0481 -11486.568
243.05917 -11420.625
243.06471 -11505.965
243.06471 -11510.644
243.08132 -11438.903
243.08132 -11443.584
243.09792 -11138.373
243.09792 -11143.084
243.11453 -11626.444
243.11453 -11631.136
243.13114 -11169.401
243.13114 -11174.103
243.14775 -11555.723
243.14775 -11560.418
243.16436 -11685.355
243.16436 -11690.05
243.1699 -11701.653
243.18097 -11368.865
243.18097 -11373.575
243.19758 -11640.129
243.19758 -11644.834
243.21419 -11046.599
243.21419 -11051.31
243.22526 -11386.851
243.23079 -10978.706
243.23079 -10983.416
243.2474 -11436.122
243.2474 -11440.821
243.26401 -11567.585
243.26401 -11572.285
243.28062 -11557.532
243.28062 -11562.244
243.29723 -11826.778
243.29723 -11831.481
243.31384 -11410.379
243.31384 -11415.067
243.33045 -11453.969
243.33045 -11458.672
243.33598 -11096.134
243.34706 -11293.112
243.34706 -11297.83
243.36367 -10926.399
243.36367 -10931.109
243.38027 -11080.933
243.38027 -11085.634
243.39135 -11543.314
243.39688 -11541.825
243.39688 -11546.536
243.41349 -11732.44
243.41349 -11737.119
243.4301 -11275.06
243.4301 -11279.74
243.44671 -11032.608
243.44671 -11037.307
243.46332 -11169.009
243.46332 -11173.709
243.47993 -11449.228
243.47993 -11453.934
243.49654 -11466.667
243.49654 -11471.361
243.50207 -11320.603
243.51314 -11253.055
243.51314 -11257.744
243.52975 -11677.909
243.52975 -11682.6
243.54636 -11388.662
243.54636 -11393.347
243.55744 -11535.827
243.56297 -11330.802
243.56297 -11335.495
243.57958 -11429.079
243.57958 -11433.772
243.59619 -11406.013
243.59619 -11410.691
243.6128 -11397.968
243.6128 -11402.661
243.62941 -11232.132
243.62941 -11236.819
243.64602 -11299.161
243.64602 -11303.851
243.66262 -11659.427
243.66262 -11664.109
243.66816 -11615.788
243.67923 -11103.627
243.67923 -11108.313
243.69584 -11290.849
243.69584 -11295.534
243.71245 -11446.575
243.71245 -11451.255
243.72352 -11608.389
243.72906 -11528.284
243.72906 -11532.973
243.74567 -11612.085
243.74567 -11616.78
243.76228 -11621.181
243.76228 -11625.873
243.77889 -11111.109
243.77889 -11115.78
243.7955 -11096.378
243.7955 -11101.059
243.8121 -11338.615
243.8121 -11343.288
243.82871 -11222.365
243.82871 -11227.043
243.83425 -11495.372
243.84532 -11262.582
243.84532 -11267.256
243.86193 -11038.297
243.86193 -11042.981
243.87854 -11512.039
243.87854 -11516.73
243.88961 -11470.138
243.89515 -11915.736
243.89515 -11920.435
243.91176 -11457.992
243.91176 -11462.674
243.92837 -11571.372
243.92837 -11576.056
243.94497 -11517.27
243.94497 -11521.938
243.96158 -11203.057
243.96158 -11207.741
243.97819 -11577.559
243.97819 -11582.25
243.9948 -11588.346
243.9948 -11593.024
244.00034 -11226.602
244.01141 -11474.489
244.01141 -11479.16
244.02802 -11548.68
244.02802 -11553.363
244.04463 -11646.547
244.04463 -11651.24
244.0557 -11267.156
244.06124 -11095.342
244.06124 -11100.03
244.07785 -11306.968
244.07785 -11311.654
244.09445 -11577.528
244.09445 -11582.216
244.11106 -11681.519
244.11106 -11686.192
244.12767 -11534.751
244.12767 -11539.439
244.14428 -11315.912
244.14428 -11320.578
244.16089 -11572.131
244.16089 -11576.798
244.16643 -11705.454
244.1775 -11765.263
244.1775 -11769.926
244.19411 -11661.705
244.19411 -11666.356
244.21072 -11373.527
244.21072 -11378.206
244.22179 -11220.307
244.22732 -11608.775
244.22732 -11613.438
244.24393 -11713.686
244.24393 -11718.347
244.26054 -11225.613
244.26054 -11230.272
244.27715 -11506.555
244.27715 -11511.229
244.29376 -10985.441
244.29376 -10990.084
244.31037 -11351.082
244.31037 -11355.749
244.32698 -11820.193
244.32698 -11824.859
244.33251 -11183.901
244.34359 -11673.72
244.34359 -11678.382
244.3602 -11451.51
244.3602 -11456.162
244.3768 -11236.288
244.3768 -11240.938
244.38788 -11416.195
244.39341 -11573.631
244.39341 -11578.289
244.41002 -11396.815
244.41002 -11401.466
244.42663 -11445.079
244.42663 -11449.735
244.44324 -11247.741
244.44324 -11252.405
244.45985 -11191.726
244.45985 -11196.391
244.47646 -11505.769
244.47646 -11510.43
244.49307 -11487.696
244.49307 -11492.357
244.4986 -11412.36
244.50967 -11568.648
244.50967 -11573.312
244.52628 -11202.322
244.52628 -11206.994
244.54289 -11413.935
244.54289 -11418.602
244.55397 -11304.832
244.5595 -11459.785
244.5595 -11464.438
244.57611 -11528.166
244.57611 -11532.816
244.59272 -11618.165
244.59272 -11622.832
244.60933 -11081.129
244.60933 -11085.771
244.62594 -11210.821
244.62594 -11215.478
244.64255 -11405.192
244.64255 -11409.849
244.65915 -11624.314
244.65915 -11628.953
244.66469 -11640.148
244.67576 -11446.137
244.67576 -11450.802
244.69237 -11725.411
244.69237 -11730.074
244.70898 -11500.349
244.70898 -11504.994
244.72005 -11513.965
244.72559 -11800.043
244.72559 -11804.691
244.7422 -11528.992
244.7422 -11533.649
244.75881 -11023.074
244.75881 -11027.724
244.77542 -11268.145
244.77542 -11272.796
244.79202 -11492.709
244.79202 -11497.357
244.80863 -11060.78
244.80863 -11065.434
244.82524 -11090.275
244.82524 -11094.929
244.83078 -11533.852
244.84185 -11476.425
244.84185 -11481.09
244.85846 -11593.235
244.85846 -11597.885
244.87507 -10928.171
244.87507 -10932.837
244.88614 -11617.868
244.89168 -11545.701
244.89168 -11550.358
244.90829 -11498.859
244.90829 -11503.522
244.9249 -11536.835
244.9249 -11541.49
244.9415 -11659.216
244.9415 -11663.873
244.95811 -11599.947
244.95811 -11604.615
244.97472 -11827.127
244.97472 -11831.784
244.99133 -11640.824
244.99133 -11645.47
244.99687 -11435.265
245.00794 -11514.093
245.00794 -11518.734
245.02455 -11977.723
245.02455 -11982.366
245.04116 -11378.108
245.04116 -11382.741
245.05223 -11564.393
245.05777 -11456.701
245.05777 -11461.341
245.07438 -11796.696
245.07438 -11801.35
245.09098 -11443.986
245.09098 -11448.621
245.10759 -11846.14
245.10759 -11850.801
245.1242 -11209.99
245.1242 -11214.612
245.14081 -11401.475
245.14081 -11406.111
245.15742 -11816.867
245.15742 -11821.5
245.16296 -12024.629
245.17403 -11684.883
245.17403 -11689.519
245.19064 -11291.819
245.19064 -11296.449
245.20725 -11411.605
245.20725 -11416.237
245.21832 -11926.953
245.22385 -11616.709
245.22385 -11621.35
245.24046 -11844.683
245.24046 -11849.322
245.25707 -11247.791
245.25707 -11252.417
245.27368 -11465.805
245.27368 -11470.441
245.29029 -11748.354
245.29029 -11752.99
245.3069 -11900.457
245.3069 -11905.084
245.32351 -11432.436
245.32351 -11437.063
245.32904 -11780.71
245.34012 -11669.491
245.34012 -11674.123
245.35673 -11616.273
245.35673 -11620.903
245.37333 -11343.588
245.37333 -11348.221
245.38441 -11797.016
245.38994 -11646.867
245.38994 -11651.495
245.40655 -11112.708
245.40655 -11117.33
245.42316 -11572.61
245.42316 -11577.224
245.43977 -11698.466
245.43977 -11703.09
245.45638 -12022.554
245.45638 -12027.171
245.47299 -11854.96
245.47299 -11859.584
245.4896 -11303.66
245.4896 -11308.274
245.49513 -11497.821
245.5062 -11367.161
245.5062 -11371.779
245.52281 -11488.905
245.52281 -11493.52
245.53942 -11774.746
245.53942 -11779.37
245.55049 -11978.227
245.55603 -11353.535
245.55603 -11358.161
245.57264 -11504.285
245.57264 -11508.913
245.58925 -11489.012
245.58925 -11493.647
245.60586 -11123.26
245.60586 -11127.886
245.62247 -11414.966
245.62247 -11419.592
245.63908 -11576.895
245.63908 -11581.523
245.65568 -11320.355
245.65568 -11324.979
245.66122 -11456.183
245.67229 -11411.692
245.67229 -11416.311
245.6889 -12292.236
245.6889 -12296.881
245.70551 -11338.115
245.70551 -11342.747
245.71658 -11387.882
245.72212 -11526.034
245.72212 -11530.672
245.73873 -11791.692
245.73873 -11796.333
245.75534 -11460.427
245.75534 -11465.056
245.77195 -11480.233
245.77195 -11484.88
245.78855 -11728.76
245.78855 -11733.402
245.80516 -11883.274
245.80516 -11887.913
245.82177 -11723.041
245.82177 -11727.67
245.82731 -11797.581
245.83838 -11960.908
245.83838 -11965.548
245.85499 -11599.304
245.85499 -11603.934
245.8716 -11536.997
245.8716 -11541.616
245.88267 -11771.907
245.88821 -11880.633
245.88821 -11885.258
245.90482 -11591.005
245.90482 -11595.634
245.92143 -11552.931
245.92143 -11557.554
245.93803 -11730.651
245.93803 -11735.277
245.95464 -11470.976
245.95464 -11475.583
245.97125 -12021.106
245.97125 -12025.736
245.98786 -11663.171
245.98786 -11667.797
245.9934 -11639.285
246.00447 -11832.859
246.00447 -11837.494
246.02108 -11882.704
246.02108 -11887.325
246.03769 -11864.123
246.03769 -11868.751
246.04876 -11664.735
246.0543 -11995.61
246.0543 -12000.234
246.0709 -11710.381
246.0709 -11715.013
246.08751 -11921.027
246.08751 -11925.644
246.10412 -11752.854
246.10412 -11757.495
246.12073 -12011.337
246.12073 -12015.968
246.13734 -11511.346
246.13734 -11515.987
246.15395 -11226.272
246.15395 -11230.896
246.15949 -11677.518
246.17056 -11619.43
246.17056 -11624.07
246.18717 -11713.734
246.18717 -11718.357
246.20378 -11507.976
246.20378 -11512.602
246.21485 -11860.146
246.22038 -11781.412
246.22038 -11786.035
246.23699 -11704.152
246.23699 -11708.764
246.2536 -11670.699
246.2536 -11675.331
246.27021 -11617.228
246.27021 -11621.84
246.28682 -11961.835
246.28682 -11966.464
246.30343 -11919.5
246.30343 -11924.126
246.32004 -11654.953
246.32004 -11659.59
246.32557 -11962.344
246.33665 -12023.719
246.33665 -12028.347
246.35326 -11766.466
246.35326 -11771.085
246.36986 -11845.868
246.36986 -11850.494
246.38094 -11555.411
246.38647 -11620.211
246.38647 -11624.847
246.40308 -11642.177
246.40308 -11646.808
246.41969 -11938.41
246.41969 -11943.049
246.4363 -12125.997
246.4363 -12130.634
246.45291 -11658.4
246.45291 -11663.025
246.46952 -11887.232
246.46952 -11891.861
246.48613 -12180.344
246.48613 -12184.968
246.49166 -12075.813
246.50273 -11965.301
246.50273 -11969.915
246.51934 -12114.514
246.51934 -12119.136
246.53595 -11870.381
246.53595 -11874.988
246.54702 -11990.874
246.55256 -12251.211
246.55256 -12255.837
246.56917 -11732.979
246.56917 -11737.584
246.58578 -11931.516
246.58578 -11936.137
246.60239 -11889.819
246.60239 -11894.433
246.619 -11790.3
246.619 -11794.919
246.63561 -12062.288
246.63561 -12066.901
246.65221 -11624.948
246.65221 -11629.562
246.65775 -11809.105
246.66882 -11671.389
246.66882 -11676.013
246.68543 -11717.61
246.68543 -11722.247
246.70204 -11916.87
246.70204 -11921.485
246.71311 -11786.929
246.71865 -11949.973
246.71865 -11954.602
246.73526 -12139.033
246.73526 -12143.646
246.75187 -12104.083
246.75187 -12108.692
246.76848 -11876.296
246.76848 -11880.916
246.78508 -12039.254
246.78508 -12043.87
246.80169 -11931.987
246.80169 -11936.609
246.8183 -11655.468
246.8183 -11660.092
246.82384 -11915.097
246.83491 -11743.195
246.83491 -11747.817
246.85152 -11634.811
246.85152 -11639.425
246.86813 -11988.162
246.86813 -11992.777
246.8792 -11679.076
246.88474 -11756.143
246.88474 -11760.749
246.90135 -11912.977
246.90135 -11917.587
246.91796 -12119.844
246.91796 -12124.436
246.93456 -11740.031
246.93456 -11744.621
246.95117 -11639.448
246.95117 -11644.054
246.96778 -11851.978
246.96778 -11856.593
246.98439 -12135.749
246.98439 -12140.35
246.98993 -12358.935
247.001 -12004.09
247.001 -12008.661
247.01761 -12081.459
247.01761 -12086.044
247.03422 -12381.523
247.03422 -12386.123
247.04529 -11666.077
247.05083 -11999.471
247.05083 -12004.063
247.06743 -11756.694
247.06743 -11761.294
247.08404 -11838.429
247.08404 -11843.034
247.10065 -11691.523
247.10065 -11696.128
247.11726 -11894.762
247.11726 -11899.353
247.13387 -11656.874
247.13387 -11661.477
247.15048 -11777.314
247.15048 -11781.923
247.15602 -11905.807
247.16709 -11903.899
247.16709 -11908.508
247.1837 -11861.768
247.1837 -11866.38
247.20031 -11590.13
247.20031 -11594.735
247.21138 -11967.596
247.21691 -12134.671
247.21691 -12139.272
247.23352 -12218.74
247.23352 -12223.359
247.25013 -11811.753
247.25013 -11816.369
247.26674 -12078.457
247.26674 -12083.064
247.28335 -12256.516
247.28335 -12261.113
247.29996 -12078.446
247.29996 -12083.045
247.31657 -12028.611
247.31657 -12033.195
247.3221 -11951.351
247.33318 -11990.568
247.33318 -11995.15
247.34978 -12331.393
247.34978 -12335.968
247.36639 -12323.085
247.36639 -12327.672
247.37747 -12014.238
247.383 -12102.4
247.383 -12106.975
247.39961 -12132.575
247.39961 -12137.154
247.41622 -12314.731
247.41622 -12319.344
247.43283 -12409.661
247.43283 -12414.262
247.44944 -11846.515
247.44944 -11851.11
247.46605 -11950.653
247.46605 -11955.248
247.48266 -12294.074
247.48266 -12298.67
247.48819 -12146.654
247.49926 -12647.325
247.49926 -12651.936
247.51587 -12098.982
247.51587 -12103.591
247.53248 -11917.338
247.53248 -11921.937
247.54355 -12148.499
247.54909 -12686.365
247.54909 -12690.983
247.5657 -11729.369
247.5657 -11733.978
247.58231 -11954.347
247.58231 -11958.939
247.59892 -12523.588
247.59892 -12528.185
247.61553 -12278.878
247.61553 -12283.478
247.63214 -12056.514
247.63214 -12061.115
247.64874 -11962.665
247.64874 -11967.266
247.65428 -12207.619
247.66535 -12286.906
247.66535 -12291.518
247.68196 -11835.343
247.68196 -11839.957
247.69857 -12165.361
247.69857 -12169.965
247.70964 -12516.721
247.71518 -12449.517
247.71518 -12454.141
247.73179 -12135.715
247.73179 -12140.33
247.7484 -12102.519
247.7484 -12107.143
247.76501 -11975.463
247.76501 -11980.09
247.78161 -12140.267
247.78161 -12144.887
247.79822 -12036.157
247.79822 -12040.772
247.81483 -12488.199
247.81483 -12492.825
247.82037 -12507.595
247.83144 -12327.811
247.83144 -12332.43
247.84805 -12022.206
247.84805 -12026.806
247.86466 -12179.266
247.86466 -12183.869
247.87573 -12352.171
247.88127 -12795.277
247.88127 -12799.883
247.89788 -12425.596
247.89788 -12430.187
247.91449 -12138.875
247.91449 -12143.471
247.93109 -12584.806
247.93109 -12589.407
247.9477 -12312.097
247.9477 -12316.686
247.96431 -11878.091
247.96431 -11882.707
247.98092 -12339.587
247.98092 -12344.197
247.98646 -12278.875
247.99753 -12318.512
247.99753 -12323.111
248.01414 -12396.72
248.01414 -12401.314
248.03075 -12234.805
248.03075 -12239.416
248.04182 -12104.981
248.04736 -12263.749
248.04736 -12268.36
248.06396 -12380.466
248.06396 -12385.082
248.08057 -11714.558
248.08057 -11719.17
248.09718 -12220.223
248.09718 -12224.843
248.11379 -12327.228
248.11379 -12331.842
248.1304 -12525.194
248.1304 -12529.81
248.14701 -12104.111
248.14701 -12108.733
248.15255 -12064.046
248.16362 -12236.828
248.16362 -12241.416
248.18023 -12410.192
248.18023 -12414.786
248.19684 -12340.055
248.19684 -12344.652
248.20791 -12158.386
248.21344 -11933.483
248.21344 -11938.082
248.23005 -12377.065
248.23005 -12381.665
248.24666 -12598.247
248.24666 -12602.852
248.26327 -12152.581
248.26327 -12157.185
248.27988 -12500.484
248.27988 -12505.09
248.29649 -12624.935
248.29649 -12629.519
248.3131 -12344.517
248.3131 -12349.113
248.31863 -12742.286
248.32971 -11774.531
248.32971 -11779.122
248.34631 -12334.974
248.34631 -12339.575
248.36292 -12376.577
248.36292 -12381.17
248.374 -12228.735
248.37953 -11927.476
248.37953 -11932.068
248.39614 -12040.164
248.39614 -12044.756
248.41275 -12626.398
248.41275 -12630.979
248.42936 -12779.536
248.42936 -12784.116
248.44597 -12447.083
248.44597 -12451.674
248.46258 -12287.055
248.46258 -12291.617
248.47919 -12296.311
248.47919 -12300.906
248.48472 -12560.785
248.49579 -12153.741
248.49579 -12158.325
248.5124 -12381.825
248.5124 -12386.416
248.52901 -12405.53
248.52901 -12410.126
248.54008 -12201.619
248.54562 -12297.474
248.54562 -12302.064
248.56223 -12937.73
248.56223 -12942.32
248.57884 -12304.049
248.57884 -12308.649
248.59545 -12148.259
248.59545 -12152.863
248.61206 -12679.765
248.61206 -12684.362
248.62866 -12426.7
248.62866 -12431.271
248.64527 -12644.331
248.64527 -12648.918
248.65081 -12581.072
248.66188 -12025.293
248.66188 -12029.884
248.67849 -12539.392
248.67849 -12543.967
248.6951 -12664.84
248.6951 -12671.849
248.70617 -12986.502
248.71171 -12598.749
248.71171 -12603.337
248.72832 -12239.406
248.72832 -12243.993
248.74493 -12871.311
248.74493 -12875.897
248.76154 -12749.194
248.76154 -12753.771
248.77814 -12519.492
248.77814 -12524.077
248.79475 -12552.563
248.79475 -12557.159
248.81136 -12824.38
248.81136 -12828.981
248.8169 -12474.019
248.82797 -12288.938
248.82797 -12293.515
248.84458 -12261.625
248.84458 -12266.199
248.86119 -12785.208
248.86119 -12789.797
248.87226 -12537.087
248.8778 -12344.902
248.8778 -12349.493
248.89441 -12476.437
248.89441 -12481.019
248.91102 -12831.249
248.91102 -12835.834
248.92762 -12539.85
248.92762 -12544.431
248.94423 -12825.962
248.94423 -12830.541
248.96084 -12360.688
248.96084 -12365.267
248.97745 -12947.439
248.97745 -12952.027
248.98299 -12831.014
248.99406 -13168.059
248.99406 -13172.659
249.01067 -12472.067
249.01067 -12476.658
249.02728 -12611.823
249.02728 -12616.418
249.03835 -12488.417
249.04389 -12452.405
249.04389 -12456.999
249.06049 -12509.967
249.06049 -12514.562
249.0771 -12669.086
249.0771 -12673.671
249.09371 -12870.844
249.09371 -12875.434
249.11032 -12555.658
249.11032 -12560.251
249.12693 -12367.334
249.12693 -12371.937
249.14354 -12978.864
249.14354 -12983.454
249.14907 -12706.82
249.16015 -12754.721
249.16015 -12759.301
249.17676 -12505.222
249.17676 -12509.827
249.19337 -12559.201
249.19337 -12563.786
249.20444 -12513.292
249.20997 -12303.34
249.20997 -12307.935
249.22658 -12685.569
249.22658 -12690.173
249.24319 -13032.697
249.24319 -13037.276
249.2598 -12711.666
249.2598 -12716.245
249.27641 -12447.815
249.27641 -12452.4
249.29302 -12943.883
249.29302 -12948.452
249.30963 -12589.196
249.30963 -12593.781
249.31516 -12504.811
249.32624 -12710.01
249.32624 -12714.591
249.34284 -12762.334
249.34284 -12766.906
249.35945 -12870.973
249.35945 -12875.542
249.37053 -12667.234
249.37606 -12450.178
249.37606 -12454.755
249.39267 -13189.493
249.39267 -13194.068
249.40928 -13266.186
249.40928 -13270.757
249.42589 -12234.476
249.42589 -12239.045
249.4425 -12586.144
249.4425 -12590.719
249.45911 -13120.722
249.45911 -13125.293
249.47572 -13091.855
249.47572 -13096.434
249.48125 -13079.031
249.49232 -12787.971
249.49232 -12792.543
249.50893 -12872.51
249.50893 -12877.085
249.52554 -13041.669
249.52554 -13046.249
249.53661 -12399.622
249.54215 -12757.894
249.54215 -12762.473
249.55876 -12601.898
249.55876 -12606.482
249.57537 -12433.143
249.57537 -12437.73
249.59198 -12766.042
249.59198 -12770.631
249.60859 -13107.534
249.60859 -13112.127
249.62519 -12673.932
249.62519 -12678.506
249.6418 -12775.655
249.6418 -12780.24
249.64734 -12909.609
249.65841 -13241.927
249.65841 -13246.499
249.67502 -12941.885
249.67502 -12946.477
249.69163 -12891.601
249.69163 -12896.181
249.7027 -12674.86
249.70824 -12611.548
249.70824 -12616.137
249.72485 -12812.044
249.72485 -12816.617
249.74146 -13106.134
249.74146 -13110.71
249.75807 -12833.27
249.75807 -12837.824
249.77467 -12998.599
249.77467 -13003.172
249.79128 -13243.665
249.79128 -13248.244
249.80789 -13288.714
249.80789 -13293.29
249.81343 -12889.402
249.8245 -12650.718
249.8245 -12655.298
249.84111 -12857.08
249.84111 -12861.656
249.85772 -12860.841
249.85772 -12865.421
249.86879 -13229.475
249.87433 -13104.287
249.87433 -13108.854
249.89094 -13155.224
249.89094 -13159.806
249.90754 -12982.252
249.90754 -12986.835
249.92415 -13145.034
249.92415 -13149.622
249.94076 -12788.013
249.94076 -12792.594
249.95737 -12975.824
249.95737 -12980.393
249.97398 -12908.529
249.97398 -12913.105
249.97952 -13390.551
249.99059 -12839.508
249.99059 -12844.102
250.0072 -12959.536
250.0072 -12964.115
250.02381 -13011.148
250.02381 -13015.72
250.03488 -12750.265
250.04042 -12844.576
250.04042 -12849.138
250.05702 -12944.873
250.05702 -12949.467
250.07363 -12910.79
250.07363 -12915.362
250.09024 -12930.26
250.09024 -12934.852
250.10685 -13007.712
250.10685 -13012.285
250.12346 -12955.557
250.12346 -12960.135
250.14007 -12748.948
250.14007 -12753.53
250.1456 -13013.735
250.15668 -12982.046
250.15668 -12986.643
250.17329 -13050.098
250.17329 -13054.681
250.1899 -13111.313
250.1899 -13115.9
250.20097 -13124.197
250.2065 -13269.886
250.2065 -13274.48
250.22311 -12781.372
250.22311 -12785.948
250.23972 -13027.451
250.23972 -13032.039
250.25633 -13014.631
250.25633 -13019.21
250.27294 -13023.278
250.27294 -13027.859
250.28955 -13285.367
250.28955 -13289.95
250.30616 -13293.683
250.30616 -13298.253
250.31169 -12927.971
250.32277 -13098.199
250.32277 -13102.773
250.33937 -13272.429
250.33937 -13277.013
250.35598 -13177.511
250.35598 -13182.086
250.36706 -12949.701
250.37259 -12964.458
250.37259 -12969.03
250.3892 -13207.462
250.3892 -13212.039
250.40581 -13509.44
250.40581 -13514.033
250.42242 -13258.656
250.42242 -13263.24
250.43903 -12945.693
250.43903 -12950.281
250.45564 -13124.677
250.45564 -13129.257
250.47225 -13268.034
250.47225 -13272.602
250.47778 -12997.015
250.48885 -13075.985
250.48885 -13080.563
250.50546 -12927.526
250.50546 -12932.082
250.52207 -12739.966
250.52207 -12744.538
250.53314 -12950.198
250.53868 -13031.736
250.53868 -13036.31
250.55529 -13593.23
250.55529 -13597.817
250.5719 -13220.015
250.5719 -13224.595
250.58851 -12754.373
250.58851 -12758.94
250.60512 -12895.729
250.60512 -12900.301
250.62172 -13404.308
250.62172 -13408.884
250.63833 -13394.345
250.63833 -13398.92
250.64387 -13298.892
250.65494 -12916.874
250.65494 -12921.449
250.67155 -13440.059
250.67155 -13444.624
250.68816 -13222.191
250.68816 -13226.76
250.69923 -13222.273
250.70477 -13146.665
250.70477 -13151.235
250.72138 -13375.353
250.72138 -13379.921
250.73799 -13625.542
250.73799 -13630.102
250.7546 -13347.556
250.7546 -13352.128
250.7712 -13016.832
250.7712 -13021.406
250.78781 -13322.981
250.78781 -13327.56
250.80442 -13205.623
250.80442 -13210.194
250.80996 -13294.029
250.82103 -13206.462
250.82103 -13211.031
250.83764 -13348.29
250.83764 -13352.854
250.85425 -13539.521
250.85425 -13544.09
250.86532 -13914.273
250.87086 -13945.825
250.87086 -13950.392
250.88747 -13492.653
250.88747 -13497.229
250.90407 -13178.436
250.90407 -13182.987
250.92068 -13457.081
250.92068 -13461.663
250.93729 -13567.876
250.93729 -13572.452
250.9539 -13172.568
250.9539 -13177.124
250.97051 -13330.359
250.97051 -13334.937
250.97605 -13634.113
250.98712 -13470.743
250.98712 -13475.315
251.00373 -13638.069
251.00373 -13642.638
251.02034 -13219.643
251.02034 -13224.221
251.03141 -13330.73
251.03695 -13305.433
251.03695 -13310.007
251.05355 -13201.02
251.05355 -13205.586
251.07016 -12785.298
251.07016 -12789.88
251.08677 -13233.325
251.08677 -13237.896
251.10338 -13847.152
251.10338 -13851.721
251.11999 -13590.463
251.11999 -13595.026
251.1366 -13451.58
251.1366 -13456.137
251.14213 -13576.093
251.15321 -13198.156
251.15321 -13202.719
251.16982 -13613.409
251.16982 -13617.991
251.18642 -13169.928
251.18642 -13174.486
251.1975 -13465.416
251.20303 -13393.9
251.20303 -13398.477
251.21964 -13605.947
251.21964 -13610.522
251.23625 -13604.307
251.23625 -13608.878
251.25286 -13286.864
251.25286 -13291.451
251.26947 -13441.46
251.26947 -13446.035
251.28608 -13583.226
251.28608 -13587.795
251.30269 -13343.46
251.30269 -13348.027
251.30822 -13318.077
251.3193 -13727.481
251.3193 -13732.069
251.3359 -14026.055
251.3359 -14030.623
251.35251 -13308.675
251.35251 -13313.228
251.36359 -13660.045
251.36912 -13681.516
251.36912 -13686.094
251.38573 -13651.617
251.38573 -13656.178
251.40234 -13191.777
251.40234 -13196.338
251.41895 -13236.547
251.41895 -13241.116
251.43556 -13484.51
251.43556 -13489.053
251.45217 -14073.703
251.45217 -14078.271
251.46878 -13303.512
251.46878 -13308.071
251.47431 -13766.51
251.48538 -13295.625
251.48538 -13300.185
251.50199 -13707.429
251.50199 -13711.977
251.5186 -13736.618
251.5186 -13741.187
251.52967 -13561.958
251.53521 -13698.734
251.53521 -13703.289
251.55182 -13638.75
251.55182 -13643.289
251.56843 -13752.169
251.56843 -13756.717
251.58504 -13651.084
251.58504 -13655.64
251.60165 -13790.795
251.60165 -13795.352
251.61825 -13438.267
251.61825 -13442.824
251.63486 -13640.984
251.63486 -13645.55
251.6404 -13591.67
251.65147 -14008.616
251.65147 -14013.18
251.66808 -13547.522
251.66808 -13552.068
251.68469 -13259.0
251.68469 -13263.563
251.69576 -13366.161
251.7013 -13891.1
251.7013 -13895.669
251.71791 -13885.076
251.71791 -13889.634
251.73452 -13647.768
251.73452 -13652.319
251.75113 -13826.609
251.75113 -13831.162
251.76773 -13523.062
251.76773 -13527.613
251.78434 -13409.458
251.78434 -13414.031
251.80095 -13117.656
251.80095 -13122.231
251.80649 -12948.626
251.81756 -13759.274
251.81756 -13763.84
251.83417 -13830.698
251.83417 -13835.267
251.85078 -13793.685
251.85078 -13798.259
251.86185 -13660.088
251.86739 -13628.539
251.86739 -13633.098
251.884 -13911.292
251.884 -13915.852
251.9006 -13792.826
251.9006 -13797.385
251.91721 -13531.357
251.91721 -13535.924
251.93382 -13194.568
251.93382 -13199.13
251.95043 -13637.818
251.95043 -13642.375
251.96704 -13824.891
251.96704 -13829.458
251.97258 -13737.391
251.98365 -14098.857
251.98365 -14103.434
252.00026 -14309.441
252.00026 -14314.0
252.01687 -13649.288
252.01687 -13653.849
252.02794 -13437.554
252.03348 -13568.097
252.03348 -13572.662
252.05008 -13737.707
252.05008 -13742.265
252.06669 -13802.507
252.06669 -13807.059
252.0833 -13702.83
252.0833 -13707.387
252.09991 -14055.957
252.09991 -14060.508
252.11652 -13855.672
252.11652 -13860.236
252.13313 -14199.108
252.13313 -14203.665
252.13866 -13899.304
252.14974 -13773.406
252.14974 -13777.951
252.16635 -13817.174
252.16635 -13821.722
252.18295 -14291.239
252.18295 -14295.786
252.19403 -13924.356
252.19956 -13958.382
252.19956 -13962.918
252.21617 -13871.719
252.21617 -13876.27
252.23278 -13520.472
252.23278 -13525.025
252.24939 -13861.023
252.24939 -13865.569
252.266 -14349.797
252.266 -14354.351
252.28261 -14104.514
252.28261 -14109.062
252.29922 -13665.436
252.29922 -13669.98
252.30475 -13565.814
252.31583 -13783.352
252.31583 -13787.904
252.33243 -13740.468
252.33243 -13745.017
252.34904 -14020.411
252.34904 -14024.949
252.36012 -13625.383
252.36565 -13929.306
252.36565 -13933.856
252.38226 -13943.7
252.38226 -13948.241
252.39887 -13583.906
252.39887 -13588.444
252.41548 -13499.514
252.41548 -13504.056
252.43209 -13929.797
252.43209 -13934.334
252.4487 -13430.911
252.4487 -13435.456
252.4653 -13709.264
252.4653 -13713.824
252.47084 -13554.297
252.48191 -14120.031
252.48191 -14124.579
252.49852 -13881.369
252.49852 -13885.899
252.51513 -13924.397
252.51513 -13928.937
252.5262 -13660.524
252.53174 -13441.403
252.53174 -13445.945
252.54835 -13720.383
252.54835 -13724.92
252.56496 -14161.607
252.56496 -14166.137
252.58157 -14028.951
252.58157 -14033.489
252.59818 -13767.731
252.59818 -13772.27
252.61478 -13695.473
252.61478 -13700.015
252.63139 -14241.07
252.63139 -14245.611
252.63693 -13985.675
252.648 -14093.644
252.648 -14098.186
252.66461 -13763.369
252.66461 -13767.919
252.68122 -13739.167
252.68122 -13743.7
252.69229 -14009.821
252.69783 -13889.298
252.69783 -13893.845
252.71444 -13658.405
252.71444 -13662.932
252.73105 -13553.324
252.73105 -13557.856
252.74766 -14018.91
252.74766 -14023.437
252.76426 -14190.933
252.76426 -14195.469
252.78087 -14168.396
252.78087 -14172.922
252.79748 -14420.495
252.79748 -14425.036
252.80302 -13922.675
252.81409 -14436.24
252.81409 -14440.772
252.8307 -14238.078
252.8307 -14242.614
252.84731 -14052.291
252.84731 -14056.827
252.85838 -13740.739
252.86392 -14165.395
252.86392 -14169.94
252.88053 -14247.626
252.88053 -14252.163
252.89713 -14178.364
252.89713 -14182.898
252.91374 -13895.628
252.91374 -13900.159
252.93035 -13843.007
252.93035 -13847.538
252.94696 -14018.34
252.94696 -14022.861
252.96357 -14014.415
252.96357 -14018.96
252.96911 -13989.617
252.98018 -13933.585
252.98018 -13938.111
252.99679 -14031.872
252.99679 -14036.405
253.0134 -14280.931
253.0134 -14285.48
253.03001 -14144.684
253.03001 -14149.214
253.04661 -13924.135
253.04661 -13928.663
253.06322 -14238.616
253.06322 -14243.142
253.06876 -14486.139
253.07983 -13768.147
253.07983 -13772.686
253.09644 -14080.162
253.09644 -14084.699
253.11305 -14480.152
253.11305 -14484.681
253.12412 -14186.186
253.12966 -14182.494
253.12966 -14187.034
253.14627 -14446.534
253.14627 -14451.064
253.16288 -14213.559
253.16288 -14218.093
253.17948 -14217.737
253.17948 -14222.283
253.19609 -13720.42
253.19609 -13724.946
253.2127 -14017.797
253.2127 -14022.332
253.22931 -14624.415
253.22931 -14628.957
253.23485 -14427.993
253.24592 -14247.018
253.24592 -14251.553
253.26253 -14379.716
253.26253 -14384.248
253.27914 -13948.783
253.27914 -13953.304
253.29021 -14384.434
253.29575 -14085.774
253.29575 -14090.305
253.31236 -14640.447
253.31236 -14644.967
253.32896 -14484.426
253.32896 -14488.951
253.34557 -14374.595
253.34557 -14379.109
253.36218 -14277.744
253.36218 -14282.289
253.37879 -14449.179
253.37879 -14453.721
253.3954 -13944.947
253.3954 -13949.464
253.40094 -14355.666
253.41201 -14186.642
253.41201 -14191.184
253.42862 -14236.464
253.42862 -14241.002
253.44523 -14123.992
253.44523 -14128.523
253.4563 -13937.449
253.46183 -14162.673
253.46183 -14167.209
253.47844 -14349.408
253.47844 -14353.936
253.49505 -14397.151
253.49505 -14401.684
253.51166 -14082.837
253.51166 -14087.356
253.52827 -14304.84
253.52827 -14309.358
253.54488 -14506.793
253.54488 -14511.315
253.56149 -14717.307
253.56149 -14721.831
253.56702 -14378.772
253.5781 -14054.525
253.5781 -14059.045
253.59471 -14261.226
253.59471 -14265.757
253.61131 -14152.57
253.61131 -14157.098
253.62239 -14284.175
253.62792 -14592.701
253.62792 -14597.223
253.64453 -14343.767
253.64453 -14348.292
253.66114 -14142.199
253.66114 -14146.715
253.67775 -14355.151
253.67775 -14359.684
253.69436 -14684.3
253.69436 -14688.847
253.71097 -14450.911
253.71097 -14455.434
253.72758 -14335.006
253.72758 -14339.533
253.73311 -14465.928
253.74418 -14649.057
253.74418 -14653.586
253.76079 -14280.73
253.76079 -14285.25
253.7774 -14238.185
253.7774 -14242.727
253.78848 -14701.073
253.79401 -14391.044
253.79401 -14395.574
253.81062 -14702.775
253.81062 -14707.298
253.82723 -14519.455
253.82723 -14523.976
253.84384 -14547.927
253.84384 -14552.45
253.86045 -14533.832
253.86045 -14538.358
253.87706 -14323.987
253.87706 -14328.516
253.88259 -14370.631
253.89366 -14733.79
253.89366 -14738.319
253.91027 -15075.589
253.91027 -15080.093
253.92688 -14224.956
253.92688 -14229.459
253.93795 -14403.325
253.94349 -14397.496
253.94349 -14402.01
253.9601 -14503.418
253.9601 -14507.937
253.97671 -14352.338
253.97671 -14356.847
253.99332 -14405.924
253.99332 -14410.442
254.00993 -14789.832
254.00993 -14794.34
254.02653 -14205.281
254.02653 -14209.805
254.04314 -14584.734
254.04314 -14589.254
254.05975 -14469.448
254.05975 -14692.751
254.07636 -15084.759
254.07636 -15089.279
254.09297 -14488.993
254.09297 -14493.522
254.10958 -14146.052
254.10958 -14150.569
254.11512 -14352.277
254.12619 -14800.4
254.12619 -14804.923
254.1428 -14571.769
254.1428 -14576.305
254.15941 -14319.106
254.15941 -14323.637
254.17048 -14405.053
254.17601 -14649.427
254.17601 -14653.947
254.19262 -14691.42
254.19262 -14695.938
254.20923 -14542.834
254.20923 -14547.368
254.22584 -14138.467
254.22584 -14142.99
254.24245 -14568.096
254.24245 -14572.614
254.25906 -14583.899
254.25906 -14588.447
254.27567 -14216.126
254.27567 -14220.656
254.2812 -14393.195
254.29228 -14041.97
254.29228 -14046.503
254.30889 -14528.21
254.30889 -14532.738
254.32549 -14261.888
254.32549 -14266.419
254.33657 -14678.933
254.3421 -14441.172
254.3421 -14445.7
254.35871 -14656.469
254.35871 -14660.983
254.37532 -14724.774
254.37532 -14729.297
254.39193 -14502.993
254.39193 -14507.524
254.39747 -14542.237
254.40854 -13831.965
254.40854 -13836.484
254.42515 -14456.943
254.42515 -14461.48
254.44176 -14731.093
254.44176 -14735.614
254.45283 -14395.327
254.45836 -14271.301
254.45836 -14275.818
254.47497 -14403.251
254.47497 -14407.777
254.49158 -14789.407
254.49158 -14793.927
254.50819 -14659.578
254.50819 -14664.102
254.5248 -14174.271
254.5248 -14178.787
254.54141 -14422.433
254.54141 -14426.942
254.55802 -14655.41
254.55802 -14659.925
254.56355 -14471.072
254.57463 -14589.435
254.57463 -14593.964
254.59124 -14854.569
254.59124 -14859.076
254.60784 -14787.346
254.60784 -14791.868
254.61892 -14813.16
254.62445 -14500.19
254.62445 -14504.712
254.64106 -14530.267
254.64106 -14534.781
254.65767 -14842.078
254.65767 -14846.586
254.67428 -15246.955
254.67428 -15251.479
254.69089 -14479.258
254.69089 -14483.777
254.7075 -14397.033
254.7075 -14401.541
254.72411 -14554.576
254.72411 -14559.097
254.72964 -14959.969
254.74071 -14773.494
254.74071 -14778.018
254.75732 -14542.926
254.75732 -14547.446
254.77393 -14188.145
254.77393 -14192.668
254.785 -14748.244
254.79054 -14710.593
254.79054 -14715.105
254.80715 -14769.107
254.80715 -14773.617
254.82376 -14514.3
254.82376 -14518.808
254.84037 -14527.679
254.84037 -14532.19
254.85698 -14477.689
254.85698 -14482.204
254.87359 -14216.336
254.87359 -14503.366
254.89019 -14837.173
254.89019 -14841.668
254.9068 -14884.951
254.9068 -14889.458
254.92341 -14289.164
254.92341 -14293.667
254.92895 -14357.478
254.94002 -14471.023
254.94002 -14475.517
254.95663 -14691.828
254.95663 -14696.344
254.97324 -14465.971
254.97324 -14470.473
254.98431 -14247.87
254.98985 -14533.154
254.98985 -14537.664
255.00646 -14646.976
255.00646 -14651.468
255.02306 -14550.211
255.02306 -14554.713
255.03967 -14516.892
255.03967 -14521.395
255.05628 -14287.81
255.05628 -14292.312
255.07289 -14664.298
255.07289 -14668.793
255.0895 -14637.899
255.0895 -14642.408
255.09504 -14102.668
255.10611 -14171.014
255.10611 -14175.507
255.12272 -14199.328
255.12272 -14203.835
255.13933 -14227.114
255.13933 -14231.603
255.1504 -14391.416
255.15594 -14326.034
255.15594 -14330.541
255.17254 -14537.629
255.17254 -14542.136
255.18915 -14271.72
255.18915 -14276.235
255.20576 -14373.368
255.20576 -14377.878
255.22237 -14358.039
255.22237 -14362.555
255.23898 -14464.471
255.23898 -14468.973
255.25559 -14207.178
255.25559 -14211.685
255.26112 -14488.868
255.2722 -14072.055
255.2722 -14076.576
255.28881 -14334.032
255.28881 -14338.54
255.30541 -14312.25
255.30541 -14316.764
255.31649 -14305.08
255.32202 -14350.536
255.32202 -14355.045
255.33863 -14864.908
255.33863 -14869.419
255.35524 -14620.309
255.35524 -14624.814
255.37185 -14319.555
255.37185 -14324.06
255.38846 -14583.421
255.38846 -14587.906
255.40507 -14442.36
255.40507 -14446.867
255.42168 -14485.991
255.42168 -14490.499
255.42721 -14394.615
255.43829 -14551.956
255.43829 -14556.453
255.45489 -14282.468
255.45489 -14286.97
255.4715 -14943.371
255.4715 -14947.862
255.48258 -14494.351
255.48811 -14313.13
255.48811 -14317.631
255.50472 -14413.437
255.50472 -14417.92
255.52133 -14411.835
255.52133 -14416.345
255.53794 -14399.754
255.53794 -14404.248
255.55455 -14588.596
255.55455 -14593.079
255.57116 -14379.555
255.57116 -14384.045
255.58777 -14769.67
255.58777 -14774.158
255.5933 -14727.896
255.60437 -14686.161
255.60437 -14690.659
255.62098 -14387.554
255.62098 -14392.043
255.63759 -14238.726
255.63759 -14243.232
255.64866 -14264.842
255.6542 -14222.536
255.6542 -14227.023
255.67081 -14722.184
255.67081 -14726.675
255.68742 -14168.784
255.68742 -14173.278
255.70403 -14240.391
255.70403 -14244.882
255.72064 -14295.154
255.72064 -14299.653
255.73724 -14268.332
255.73724 -14272.83
255.75385 -14513.468
255.75385 -14517.97
255.75939 -14576.135
255.77046 -14408.265
255.77046 -14412.76
255.78707 -14278.084
255.78707 -14282.574
255.80368 -14466.078
255.80368 -14470.57
255.81475 -14268.435
255.82029 -14374.88
255.82029 -14379.39
255.8369 -14542.875
255.8369 -14547.361
255.85351 -14408.85
255.85351 -14413.323
255.87012 -14111.236
255.87012 -14115.728
255.88672 -14138.1
255.88672 -14142.587
255.90333 -14394.097
255.90333 -14398.586
255.91994 -14670.122
255.91994 -14674.607
255.92548 -14388.66
255.93655 -14034.227
255.93655 -14038.721
255.95316 -14393.422
255.95316 -14397.914
255.96977 -14447.432
255.96977 -14451.926
255.98084 -14479.451
255.98638 -14137.975
255.98638 -14142.464
256.00299 -14126.745
256.00299 -14131.253
256.01959 -14597.721
256.01959 -14602.227
256.0362 -14997.9
256.0362 -15002.392
256.05281 -14198.836
256.05281 -14203.319
256.06942 -14382.794
256.06942 -14387.282
256.08603 -14562.3
256.08603 -14566.794
256.09157 -14473.577
256.10264 -14543.879
256.10264 -14548.377
256.11925 -14367.077
256.11925 -14371.562
256.13586 -14977.804
256.13586 -14982.279
256.14693 -14649.835
256.15247 -14723.37
256.15247 -14727.849
256.16907 -14267.129
256.16907 -14271.604
256.18568 -14526.829
256.18568 -14531.307
256.20229 -14712.713
256.20229 -14717.173
256.2189 -14356.404
256.2189 -14360.883
256.23551 -14226.882
256.23551 -14231.361
256.25212 -14318.249
256.25212 -14322.713
256.25765 -14276.932
256.26873 -14568.941
256.26873 -14573.411
256.28534 -14782.369
256.28534 -14786.833
256.30194 -14402.416
256.30194 -14406.878
256.31302 -14735.488
256.31855 -14638.864
256.31855 -14643.32
256.33516 -14991.571
256.33516 -14996.045
256.35177 -14483.229
256.35177 -14487.694
256.36838 -14271.636
256.36838 -14276.105
256.38499 -14522.257
256.38499 -14526.734
256.4016 -14208.16
256.4016 -14212.627
256.41821 -14158.397
256.41821 -14162.878
256.42374 -14466.329
256.43482 -14670.459
256.43482 -14674.933
256.45142 -14731.353
256.45142 -14735.826
256.46803 -14469.488
256.46803 -14473.96
256.47911 -14602.345
256.48464 -14456.974
256.48464 -14461.454
256.50125 -14672.948
256.50125 -14677.427
256.51786 -14374.16
256.51786 -14378.637
256.53447 -14650.54
256.53447 -14655.005
256.55108 -14667.047
256.55108 -14671.518
256.56769 -15027.069
256.56769 -15031.535
256.58429 -14688.461
256.58429 -14692.951
256.58983 -14643.008
256.6009 -14441.421
256.6009 -14445.895
256.61751 -14585.227
256.61751 -14589.707
256.63412 -14878.441
256.63412 -14882.923
256.64519 -14755.203
256.65073 -14322.861
256.65073 -14327.347
256.66734 -14744.977
256.66734 -14749.443
256.68395 -14932.083
256.68395 -14936.566
256.70056 -14651.294
256.70056 -14655.797
256.71717 -14817.823
256.71717 -14822.302
256.73377 -14699.133
256.73377 -14703.606
256.75038 -14763.496
256.75038 -14767.986
256.75592 -15079.184
256.76699 -14895.598
256.76699 -14900.104
256.7836 -14832.227
256.7836 -14836.714
256.80021 -14633.921
256.80021 -14638.384
256.81128 -14700.346
256.81682 -14856.469
256.81682 -14860.929
256.83343 -14860.181
256.83343 -14864.658
256.85004 -14895.562
256.85004 -14900.03
256.86665 -14987.055
256.86665 -14991.527
256.88325 -14721.235
256.88325 -14725.72
256.89986 -14575.34
256.89986 -14579.839
256.91647 -14949.697
256.91647 -14954.171
256.92201 -14713.733
256.93308 -14694.365
256.93308 -14698.84
256.94969 -14494.976
256.94969 -14499.457
256.9663 -14895.94
256.9663 -14900.413
256.97737 -15109.752
256.98291 -15095.813
256.98291 -15100.288
256.99952 -14975.588
256.99952 -14980.07
257.01612 -14697.485
257.01612 -14701.965
257.03273 -15063.259
257.03273 -15067.745
257.04934 -15057.62
257.04934 -15062.089
257.06595 -14424.383
257.06595 -14428.856
257.08256 -14806.458
257.08256 -14810.926
257.0881 -14609.415
257.09917 -14755.728
257.09917 -14760.216
257.11578 -14929.292
257.11578 -14933.77
257.13239 -14798.354
257.13239 -14802.838
257.14346 -14952.256
257.149 -14871.27
257.149 -14875.741
257.1656 -14943.699
257.1656 -14948.185
257.18221 -14907.049
257.18221 -14911.521
257.19882 -15053.7
257.19882 -15058.196
257.21543 -14865.832
257.21543 -14870.3
257.23204 -14890.067
257.23204 -14894.542
257.24865 -15460.455
257.24865 -15464.925
257.25418 -15360.543
257.26526 -14908.387
257.26526 -14912.861
257.28187 -14673.96
257.28187 -14678.426
257.29847 -14931.669
257.29847 -14936.139
257.30955 -14866.786
257.31508 -14848.554
257.31508 -14853.039
257.33169 -14957.937
257.33169 -14962.41
257.3483 -15173.438
257.3483 -15177.932
257.36491 -15282.127
257.36491 -15286.594
257.38152 -15095.367
257.38152 -15099.844
257.39813 -14693.802
257.39813 -14698.282
257.41474 -14992.019
257.41474 -14996.489
257.42027 -14862.541
257.43135 -14881.883
257.43135 -14886.366
257.44795 -14714.689
257.44795 -14719.163
257.46456 -15054.951
257.46456 -14314.619
257.48117 -14363.451
257.48117 -14333.597
257.49778 -14376.957
257.49778 -14381.432
257.51439 -14571.958
257.51439 -14576.439
257.531 -14373.027
257.531 -14377.511
257.53653 -14813.494
257.54761 -14209.591
257.54761 -14214.066
257.56422 -14459.861
257.56422 -14464.336
257.58082 -14796.621
257.58082 -14801.066
257.5919 -14539.093
257.59743 -14599.397
257.59743 -14603.869
257.61404 -14145.429
257.61404 -14149.894
257.63065 -14630.996
257.63065 -14635.453
257.64726 -14713.305
257.64726 -14717.776
257.66387 -14397.747
257.66387 -14402.211
257.68048 -14325.381
257.68048 -14329.835
257.69709 -14716.789
257.69709 -14721.252
257.70262 -14747.408
257.7137 -14696.345
257.7137 -14700.813
257.7303 -14498.637
257.7303 -14503.111
257.74691 -14564.421
257.74691 -14568.88
257.75799 -14478.972
257.76352 -14515.58
257.76352 -14520.041
257.78013 -14334.45
257.78013 -14338.916
257.79674 -14364.637
257.79674 -14369.115
257.81335 -14681.899
257.81335 -14686.354
257.82996 -14514.63
257.82996 -14519.083
257.84657 -14436.481
257.84657 -14440.935
257.86317 -14145.948
257.86317 -14150.389
257.86871 -13989.399
257.87978 -14496.13
257.87978 -14500.583
257.89639 -14596.704
257.89639 -14601.138
257.913 -14496.328
257.913 -14500.762
257.92407 -14464.364
257.92961 -14552.641
257.92961 -14557.08
257.94622 -14329.428
257.94622 -14333.869
257.96283 -14447.06
257.96283 -14451.494
257.97944 -14295.938
257.97944 -14300.379
257.99605 -14009.318
257.99605 -14013.752
258.01265 -14332.619
258.01265 -14337.062
258.02926 -13955.506
258.02926 -13959.957
258.0348 -13959.026
258.04587 -14507.424
258.04587 -14511.89
258.06248 -14971.831
258.06248 -14976.281
258.07909 -14332.178
258.07909 -14336.623
258.09016 -14500.659
258.0957 -14424.976
258.0957 -14429.418
258.11231 -14274.068
258.11231 -14278.505
258.12892 -14753.282
258.12892 -14757.719
258.14553 -14544.592
258.14553 -14549.026
258.16213 -14449.179
258.16213 -14453.61
258.17874 -14832.439
258.17874 -14836.87
258.19535 -14423.71
258.19535 -14428.158
258.20089 -14614.627
258.21196 -14153.696
258.21196 -14158.118
258.22857 -14434.725
258.22857 -14439.153
258.24518 -14571.162
258.24518 -14575.603
258.25625 -14602.697
258.26179 -14666.626
258.26179 -14671.052
258.2784 -14424.664
258.2784 -14429.09
258.295 -14934.371
258.295 -14938.802
258.31161 -14628.829
258.31161 -14633.252
258.32822 -13970.352
258.32822 -13974.784
258.34483 -14486.518
258.34483 -14490.939
258.36144 -14478.165
258.36144 -14482.579
258.36698 -14396.946
258.37805 -14853.283
258.37805 -14857.696
258.39466 -14291.152
258.39466 -14295.564
258.41127 -14356.755
258.41127 -14361.17
258.42234 -14379.515
258.42788 -14274.817
258.42788 -14279.247
258.44448 -14215.479
258.44448 -14219.901
258.46109 -14720.538
258.46109 -14724.971
258.4777 -14483.852
258.4777 -14488.266
258.49431 -14477.819
258.49431 -14482.232
258.51092 -14298.267
258.51092 -14302.688
258.52753 -14389.43
258.52753 -14393.844
258.53306 -14804.126
258.54414 -14831.17
258.54414 -14835.574
258.56075 -14672.505
258.56075 -14676.912
258.57735 -14656.813
258.57735 -14661.227
258.58843 -14916.47
258.59396 -14952.525
258.59396 -14956.952
258.61057 -14469.994
258.61057 -14474.413
258.62718 -14547.344
258.62718 -14551.759
258.64379 -14504.804
258.64379 -14509.21
258.6604 -14151.569
258.6604 -14155.988
258.67701 -14226.845
258.67701 -14231.263
258.69362 -14479.777
258.69362 -14484.2
258.69915 -14701.835
258.71023 -14786.65
258.71023 -14791.065
258.72683 -14353.839
258.72683 -14358.252
258.74344 -14642.731
258.74344 -14647.139
258.75452 -14339.155
258.76005 -14664.739
258.76005 -14669.146
258.77666 -14436.617
258.77666 -14441.018
258.79327 -14520.952
258.79327 -14525.374
258.80988 -14726.016
258.80988 -14730.425
258.82649 -15517.449
258.82649 -15521.856
258.8431 -14765.068
258.8431 -14769.477
258.8597 -14561.165
258.8597 -14565.569
258.86524 -14442.294
258.87631 -14959.823
258.87631 -14964.247
258.89292 -14809.922
258.89292 -14814.315
258.90953 -14773.464
258.90953 -14777.867
258.9206 -14748.865
258.92614 -14634.87
258.92614 -14639.29
258.94275 -14772.112
258.94275 -14776.525
258.95936 -14823.322
258.95936 -14827.723
258.97597 -14781.787
258.97597 -14786.189
258.99258 -14935.309
258.99258 -14939.721
259.00918 -14947.648
259.00918 -14952.06
259.02579 -14867.177
259.02579 -14871.586
259.03133 -14758.763
259.0424 -14956.536
259.0424 -14960.938
259.05901 -15208.296
259.05901 -15212.694
259.07562 -14952.599
259.07562 -14956.995
259.08669 -14726.485
259.09223 -14544.751
259.09223 -14549.144
259.10884 -14603.32
259.10884 -14607.73
259.12545 -14753.354
259.12545 -14757.764
259.14205 -14849.085
259.14205 -14853.487
259.15866 -14584.128
259.15866 -14588.55
259.17527 -14625.334
259.17527 -14629.745
259.19188 -14827.394
259.19188 -14831.797
259.19742 -15064.728
259.20849 -14835.847
259.20849 -14840.248
259.2251 -14778.068
259.2251 -14782.457
259.24171 -14994.28
259.24171 -14998.674
259.25278 -14589.943
259.25832 -14544.776
259.25832 -14549.169
259.27493 -14762.592
259.27493 -14766.972
259.29153 -14693.769
259.29153 -14698.167
259.30814 -14915.847
259.30814 -14920.247
259.32475 -14789.8
259.32475 -14794.2
259.34136 -14688.963
259.34136 -14693.356
259.35797 -15373.925
259.35797 -15378.32
259.36351 -15121.279
259.37458 -14966.447
259.37458 -14970.843
259.39119 -15147.854
259.39119 -15152.247
259.4078 -14515.499
259.4078 -14519.915
259.41887 -14827.706
259.42441 -14868.163
259.42441 -14872.573
259.44101 -15080.31
259.44101 -15084.712
259.45762 -14658.409
259.45762 -14662.821
259.47423 -14721.966
259.47423 -14726.383
259.49084 -14684.968
259.49084 -14689.376
259.50745 -15118.134
259.50745 -15122.53
259.52406 -14830.863
259.52406 -14835.256
259.52959 -14763.117
259.54067 -14756.487
259.54067 -14760.883
259.55728 -14962.608
259.55728 -14967.007
259.57388 -14748.452
259.57388 -14752.858
259.58496 -14572.653
259.59049 -14717.039
259.59049 -14721.445
259.6071 -14609.978
259.6071 -14614.388
259.62371 -14869.168
259.62371 -14873.573
259.64032 -14783.679
259.64032 -14788.072
259.65693 -14436.492
259.65693 -14440.899
259.67354 -15067.478
259.67354 -15071.86
259.69015 -15216.012
259.69015 -15220.419
259.69568 -15019.024
259.70676 -15038.855
259.70676 -15043.267
259.72336 -14927.001
259.72336 -14931.409
259.73997 -14958.719
259.73997 -14963.124
259.75105 -14974.301
259.75658 -14876.092
259.75658 -14880.484
259.77319 -14882.7
259.77319 -14887.096
259.7898 -14759.289
259.7898 -14763.689
259.80641 -14708.178
259.80641 -14712.571
259.82302 -14897.389
259.82302 -14901.801
259.83963 -14741.033
259.83963 -14745.43
259.85623 -14564.13
259.85623 -14568.524
259.86177 -14655.529
259.87284 -14995.405
259.87284 -14999.803
259.88945 -14859.396
259.88945 -14863.78
259.90606 -14850.33
259.90606 -14854.713
259.91713 -14848.882
259.92267 -14904.377
259.92267 -14908.759
259.93928 -15104.412
259.93928 -15108.805
259.95589 -15130.633
259.95589 -15135.024
259.9725 -14836.985
259.9725 -14841.367
259.98911 -14894.14
259.98911 -14898.526
260.00571 -15377.604
260.00571 -15381.99
260.02232 -15266.613
260.02232 -15271.005
260.02786 -14964.062
260.03893 -14908.604
260.03893 -14912.972
260.05554 -15133.068
260.05554 -15137.453
260.07215 -15101.662
260.07215 -15106.057
260.08322 -14861.339
260.08876 -14634.218
260.08876 -14638.594
260.10537 -14654.379
260.10537 -14658.747
260.12198 -14660.661
260.12198 -14665.029
260.13858 -15211.595
260.13858 -15215.971
260.15519 -14983.324
260.15519 -14987.686
260.1718 -14848.86
260.1718 -14853.237
260.18841 -15089.51
260.18841 -15093.888
260.19395 -15150.853
260.20502 -14959.923
260.20502 -14964.298
260.22163 -15059.808
260.22163 -15064.186
260.23824 -15254.346
260.23824 -15258.72
260.24931 -15208.08
260.25485 -15330.747
260.25485 -15335.115
260.27146 -14970.288
260.27146 -14974.662
260.28806 -14876.662
260.28806 -14881.036
260.30467 -14982.667
260.30467 -14987.033
260.32128 -14860.052
260.32128 -14864.414
260.33789 -15273.391
260.33789 -15277.754
260.3545 -15219.032
260.3545 -15223.411
260.36004 -15758.965
260.37111 -14899.367
260.37111 -14903.756
260.38772 -14852.57
260.38772 -14856.947
260.40433 -15113.97
260.40433 -15118.339
260.4154 -15255.744
260.42093 -15011.592
260.42093 -15015.976
260.43754 -14813.259
260.43754 -14817.637
260.45415 -15203.683
260.45415 -15208.065
260.47076 -15004.39
260.47076 -15008.776
260.48737 -15404.523
260.48737 -15408.912
260.50398 -15081.61
260.50398 -15085.978
260.52059 -15009.126
260.52059 -15013.509
260.52612 -15050.949
260.5372 -15186.85
260.5372 -15191.225
260.55381 -15510.792
260.55381 -15515.171
260.57041 -15214.887
260.57041 -15219.25
260.58149 -15174.123
260.58702 -15622.39
260.58702 -15626.769
260.60363 -15437.017
260.60363 -14402.081
260.62024 -14895.865
260.62024 -14900.242
260.63685 -15399.71
260.63685 -15404.085
260.65346 -15027.778
260.65346 -15032.15
260.65899 -15255.638
260.67007 -14886.3
260.67007 -14890.667
260.68668 -15018.083
260.68668 -15022.459
260.70329 -15560.896
260.70329 -15565.272
260.71436 -14860.91
260.71989 -15057.527
260.71989 -15061.901
260.7365 -15026.236
260.7365 -15030.61
260.75311 -15230.737
260.75311 -15235.104
260.76972 -15091.303
260.76972 -15095.675
260.78633 -14951.273
260.78633 -14955.65
260.80294 -15316.901
260.80294 -15321.302
260.81955 -15455.995
260.81955 -15460.374
260.82508 -15336.449
260.83616 -14914.031
260.83616 -14918.41
260.85276 -15014.885
260.85276 -15019.266
260.86937 -15275.623
260.86937 -15280.0
260.88045 -15039.425
260.88598 -15146.475
260.88598 -15150.853
260.90259 -15520.005
260.90259 -15524.386
260.9192 -15236.574
260.9192 -15240.953
260.93581 -15123.661
260.93581 -15128.034
260.95242 -15075.487
260.95242 -15079.869
260.96903 -14937.768
260.96903 -14942.15
260.98564 -15318.21
260.98564 -15322.589
260.99117 -15384.308
261.00224 -15366.385
261.00224 -15370.754
261.01885 -15311.571
261.01885 -15315.939
261.03546 -15271.332
261.03546 -15275.701
261.04653 -15230.068
261.05207 -15171.723
261.05207 -15176.107
261.06868 -15053.747
261.06868 -15058.122
261.08529 -15005.686
261.08529 -15010.058
261.1019 -15276.503
261.1019 -15280.874
261.11851 -15098.761
261.11851 -15103.129
261.13511 -15246.586
261.13511 -15250.944
261.15172 -15246.968
261.15172 -15251.323
261.15726 -15286.88
261.16833 -14991.655
261.16833 -14996.011
261.18494 -15161.652
261.18494 -15166.022
261.20155 -15246.507
261.20155 -15250.871
261.21262 -15439.916
261.21816 -15341.763
261.21816 -15346.151
261.23477 -15339.374
261.23477 -15343.727
261.25138 -15204.724
261.25138 -15209.085
261.26799 -15155.527
261.26799 -15159.895
261.28459 -15244.284
261.28459 -15248.645
261.3012 -15332.548
261.3012 -15336.914
261.31781 -15303.963
261.31781 -15308.329
261.32335 -15636.517
261.33442 -15336.681
261.33442 -15341.024
261.35103 -15379.704
261.35103 -15384.055
261.36764 -15450.431
261.36764 -15454.782
261.37871 -15282.851
261.38425 -15406.904
261.38425 -15411.252
261.40086 -15226.813
261.40086 -15231.176
261.41746 -15166.92
261.41746 -15171.272
261.43407 -15403.385
261.43407 -15407.739
261.45068 -14982.012
261.45068 -14986.345
261.46729 -15579.499
261.46729 -15583.86
261.4839 -15753.027
261.4839 -15757.374
261.48944 -15422.827
261.50051 -15192.186
261.50051 -15196.535
261.51712 -15152.161
261.51712 -15156.516
261.53373 -15454.422
261.53373 -15458.781
261.5448 -15110.102
261.55034 -15139.878
261.55034 -15144.221
261.56694 -14712.247
261.56694 -14716.59
261.58355 -15265.822
261.58355 -15270.182
261.60016 -15241.451
261.60016 -15245.795
261.61677 -14927.851
261.61677 -14932.209
261.63338 -15459.921
261.63338 -15464.289
261.64999 -15331.364
261.64999 -15335.707
261.65552 -15324.715
261.6666 -15275.642
261.6666 -15279.977
261.68321 -15179.686
261.68321 -15184.041
261.69981 -15030.568
261.69981 -15034.918
261.71089 -15261.556
261.71642 -15192.122
261.71642 -15196.473
261.73303 -15062.32
261.73303 -15066.671
261.74964 -15153.0
261.74964 -15157.327
261.76625 -15516.194
261.76625 -15520.535
261.78286 -15341.078
261.78286 -15345.426
261.79947 -15142.293
261.79947 -15146.638
261.81608 -15142.728
261.81608 -15147.067
261.82161 -15018.382
261.83269 -15487.453
261.83269 -15491.81
261.84929 -15361.743
261.84929 -15366.078
261.8659 -15281.61
261.8659 -15285.952
261.87698 -15408.47
261.88251 -15381.522
261.88251 -15385.849
261.89912 -15288.154
261.89912 -15295.921
261.91573 -15282.001
261.91573 -15286.336
261.93234 -15042.915
261.93234 -15047.249
261.94895 -15608.747
261.94895 -15613.089
261.96556 -15610.525
261.96556 -15614.868
261.98217 -15013.237
261.98217 -15017.569
261.9877 -15149.332
261.99877 -15385.311
261.99877 -15389.641
262.01538 -15537.814
262.01538 -15542.14
262.03199 -15682.906
262.03199 -15687.237
262.04306 -15397.321
262.0486 -15196.506
262.0486 -15200.825
262.06521 -15329.191
262.06521 -15333.528
262.08182 -15432.703
262.08182 -15437.032
262.09843 -15143.335
262.09843 -15147.669
262.11504 -15140.262
262.11504 -15144.593
262.13164 -15274.579
262.13164 -15278.906
262.14825 -15523.614
262.14825 -15527.938
262.15379 -15909.451
262.16486 -15865.495
262.16486 -15869.825
262.18147 -15394.604
262.18147 -15398.914
262.19808 -14971.153
262.19808 -14975.471
262.20915 -15574.885
262.21469 -15437.902
262.21469 -15442.22
262.2313 -15446.87
262.2313 -15451.19
262.24791 -15179.593
262.24791 -15183.925
262.26452 -15300.008
262.26452 -15304.337
262.28112 -15481.761
262.28112 -15486.079
262.29773 -15349.302
262.29773 -15353.631
262.31434 -15365.976
262.31434 -15370.296
262.31988 -15682.239
262.33095 -15613.659
262.33095 -15617.99
262.34756 -15471.987
262.34756 -15476.313
262.36417 -15442.004
262.36417 -15446.335
262.37524 -15789.681
262.38078 -15805.263
262.38078 -15809.584
262.39739 -15523.508
262.39739 -15527.82
262.41399 -15696.965
262.41399 -15701.281
262.4306 -15338.169
262.4306 -15342.486
262.44721 -15283.312
262.44721 -15287.629
262.46382 -16096.475
262.46382 -16100.787
262.48043 -15620.091
262.48043 -15624.411
262.48597 -15651.051
262.49704 -15539.78
262.49704 -15544.097
262.51365 -15775.022
262.51365 -15779.34
262.53026 -15472.981
262.53026 -15477.298
262.54133 -15652.886
262.54687 -15676.385
262.54687 -15680.708
262.56347 -15436.635
262.56347 -15440.936
262.58008 -15639.893
262.58008 -15644.22
262.59669 -15692.45
262.59669 -15696.773
262.6133 -15559.665
262.6133 -15563.993
262.62991 -15463.752
262.62991 -15468.066
262.64652 -15510.781
262.64652 -15515.106
262.65205 -15409.088
262.66313 -15678.25
262.66313 -15682.558
262.67974 -15931.036
262.67974 -15935.366
262.69634 -15660.849
262.69634 -15665.173
262.70742 -15857.942
262.71295 -15859.399
262.71295 -15863.73
262.72956 -15856.245
262.72956 -15860.569
262.74617 -15581.27
262.74617 -15585.592
262.76278 -15453.296
262.76278 -15457.613
262.77939 -15706.338
262.77939 -15710.654
262.796 -16023.666
262.796 -16027.992
262.81261 -15663.826
262.81261 -15668.143
262.81814 -15678.782
262.82922 -15541.15
262.82922 -15545.466
262.84582 -15875.345
262.84582 -15756.871
262.86243 -15586.135
262.86243 -15590.451
262.87904 -15248.338
262.87904 -15252.669
262.89565 -15033.133
262.89565 -15037.463
262.90119 -15497.183
262.91226 -15343.012
262.91226 -15347.343
262.92887 -15440.786
262.92887 -15445.113
262.94548 -15390.866
262.94548 -15395.188
262.95655 -15694.456
262.96209 -15679.812
262.96209 -15684.137
262.97869 -15280.224
262.97869 -15284.545
262.9953 -15273.135
262.9953 -15277.456
263.01191 -15370.478
263.01191 -15374.796
263.02852 -15163.919
263.02852 -15168.237
263.04513 -15367.742
263.04513 -15372.062
263.06174 -15422.319
263.06174 -15426.631
263.06728 -15356.601
263.07835 -15104.287
263.07835 -15108.589
263.09496 -15845.139
263.09496 -15849.457
263.11157 -15741.033
263.11157 -15745.359
263.12264 -15635.678
263.12817 -15434.155
263.12817 -15438.468
263.14478 -15906.224
263.14478 -15910.527
263.16139 -15532.519
263.16139 -15536.839
263.178 -15537.04
263.178 -15541.343
263.19461 -15406.828
263.19461 -15411.138
263.21122 -15317.528
263.21122 -15321.84
263.22783 -14994.64
263.22783 -14998.951
263.23336 -15039.788
263.24444 -15249.87
263.24444 -15254.185
263.26105 -15591.452
263.26105 -15595.771
263.27765 -15309.406
263.27765 -15313.707
263.28873 -15546.934
263.29426 -15156.278
263.29426 -15160.591
263.31087 -15562.719
263.31087 -15567.039
263.32748 -15229.598
263.32748 -15233.902
263.34409 -15054.124
263.34409 -15058.432
263.3607 -15758.267
263.3607 -15762.577
263.37731 -15410.615
263.37731 -15414.92
263.39392 -15527.576
263.39392 -15531.885
263.39945 -15708.616
263.41052 -15428.209
263.41052 -15432.513
263.42713 -15922.452
263.42713 -15926.774
263.44374 -15611.938
263.44374 -15616.252
263.45481 -15329.297
263.46035 -15206.232
263.46035 -15210.543
263.47696 -15715.445
263.47696 -15719.759
263.49357 -15546.279
263.49357 -15550.595
263.51018 -15849.265
263.51018 -15853.586
263.52679 -15799.276
263.52679 -15803.59
263.5434 -16040.258
263.5434 -16044.559
263.56 -15817.217
263.56 -15821.526
263.56554 -15606.984
263.57661 -15713.669
263.57661 -15717.989
263.59322 -15615.625
263.59322 -15619.943
263.60983 -15707.232
263.60983 -15711.55
263.6209 -15461.657
263.62644 -15683.512
263.62644 -15687.841
263.64305 -15446.86
263.64305 -15451.158
263.65966 -15688.626
263.65966 -15692.934
263.67627 -15725.074
263.67627 -15729.373
263.69287 -15530.909
263.69287 -15535.227
263.70948 -15875.195
263.70948 -15879.505
263.72609 -15899.969
263.72609 -15904.284
263.73163 -15793.087
263.7427 -15448.677
263.7427 -15452.998
263.75931 -15479.482
263.75931 -15483.789
263.77592 -15332.568
263.77592 -15336.872
263.78699 -15402.018
263.79253 -15381.304
263.79253 -15385.617
263.80914 -15286.882
263.80914 -15291.204
263.82575 -15774.341
263.82575 -15778.664
263.84235 -15671.422
263.84235 -15675.741
263.85896 -15824.712
263.85896 -15829.032
263.87557 -15610.817
263.87557 -15615.143
263.89218 -15508.381
263.89218 -15512.698
263.89772 -15633.673
263.90879 -15631.722
263.90879 -15636.034
263.9254 -15726.815
263.9254 -15731.119
263.94201 -15451.522
263.94201 -15455.836
263.95308 -15851.59
263.95862 -15654.292
263.95862 -15658.616
263.97522 -15812.375
263.97522 -15816.698
263.99183 -15835.191
263.99183 -15839.513
264.00844 -15948.133
264.00844 -15952.445
264.02505 -15648.698
264.02505 -15652.998
264.04166 -15768.493
264.04166 -15772.809
264.05827 -15700.838
264.05827 -15705.147
264.06381 -15634.833
264.07488 -15406.676
264.07488 -15410.985
264.09149 -15621.753
264.09149 -15626.057
264.1081 -15796.785
264.1081 -15801.076
264.11917 -15703.307
264.1247 -15592.051
264.1247 -15596.341
264.14131 -15685.557
264.14131 -15689.856
264.15792 -15581.491
264.15792 -15585.782
264.17453 -15422.015
264.17453 -15426.315
264.19114 -15849.302
264.19114 -15853.61
264.20775 -16131.923
264.20775 -16136.217
264.22436 -15920.548
264.22436 -15924.855
264.22989 -15791.976
264.24097 -15381.085
264.24097 -15385.386
264.25757 -15823.342
264.25757 -15827.632
264.27418 -15866.921
264.27418 -15871.222
264.28526 -16251.527
264.29079 -15897.093
264.29079 -15901.391
264.3074 -15877.46
264.3074 -15881.76
264.32401 -15945.647
264.32401 -15949.943
264.34062 -15596.898
264.34062 -15601.199
264.35723 -15830.895
264.35723 -15835.192
264.37384 -15988.535
264.37384 -15992.825
264.39045 -15493.251
264.39045 -15497.526
264.39598 -16042.319
264.40705 -15909.982
264.40705 -15914.265
264.42366 -15958.522
264.42366 -15962.814
264.44027 -15086.333
264.44027 -15090.626
264.45134 -15965.269
264.45688 -15764.082
264.45688 -15768.383
264.47349 -15847.35
264.47349 -15851.631
264.4901 -15839.899
264.4901 -15844.185
264.50671 -15924.388
264.50671 -15928.672
264.52332 -15754.288
264.52332 -15758.579
264.53993 -15874.528
264.53993 -15878.83
264.55653 -15810.785
264.55653 -15815.082
264.56207 -15823.58
264.57314 -15971.793
264.57314 -15976.083
264.58975 -15906.658
264.58975 -15910.94
264.60636 -15732.113
264.60636 -15736.404
264.61743 -16129.98
264.62297 -16276.902
264.62297 -16281.204
264.63958 -15915.642
264.63958 -15919.93
264.65619 -15633.237
264.65619 -15637.517
264.6728 -15884.861
264.6728 -15889.152
264.6894 -15987.063
264.6894 -15991.353
264.70601 -15961.472
264.70601 -15965.764
264.72262 -15757.03
264.72262 -15761.311
264.72816 -15716.955
264.73923 -16128.742
264.73923 -16133.027
264.75584 -15672.938
264.75584 -15677.214
264.77245 -15878.545
264.77245 -15882.831
264.78352 -16068.798
264.78906 -16338.313
264.78906 -16342.582
264.80567 -16035.326
264.80567 -16039.607
264.82228 -15828.286
264.82228 -15832.574
264.83888 -16016.243
264.83888 -16020.538
264.85549 -16116.621
264.85549 -16120.908
264.8721 -16173.652
264.8721 -16177.945
264.88871 -16042.653
264.88871 -16046.939
264.89425 -16508.377
264.90532 -16022.391
264.90532 -16026.684
264.92193 -16080.461
264.92193 -16084.762
264.93854 -16284.322
264.93854 -16288.605
264.94961 -16012.997
264.95515 -16285.326
264.95515 -16289.615
264.97175 -16056.643
264.97175 -16060.927
264.98836 -16314.429
264.98836 -16318.718
265.00497 -15834.003
265.00497 -15838.287
265.02158 -16267.675
265.02158 -16271.965
265.03819 -16340.236
265.03819 -16344.518
265.0548 -16055.159
265.0548 -16059.432
265.06034 -15866.99
265.07141 -16126.042
265.07141 -16130.314
265.08802 -15966.849
265.08802 -15971.134
265.10463 -16234.078
265.10463 -16238.359
265.1157 -15875.463
265.12123 -16063.269
265.12123 -16067.552
265.13784 -15873.069
265.13784 -15877.354
265.15445 -16250.57
265.15445 -16254.859
265.17106 -16580.048
265.17106 -16584.335
265.18767 -16096.771
265.18767 -16101.065
265.20428 -15973.969
265.20428 -15978.25
265.22089 -16210.667
265.22089 -16214.965
265.22642 -16510.872
265.2375 -16198.727
265.2375 -16203.012
265.2541 -16191.567
265.2541 -16195.859
265.27071 -16393.268
265.27071 -16397.556
265.28179 -16317.829
265.28732 -16290.194
265.28732 -16294.494
265.30393 -15814.054
265.30393 -15818.347
265.32054 -16273.174
265.32054 -16277.445
265.33715 -16327.9
265.33715 -16332.175
265.35376 -16436.97
265.35376 -16441.251
265.37037 -16396.776
265.37037 -16401.054
265.38698 -16236.227
265.38698 -16240.507
265.39251 -16151.68
265.40358 -16243.363
265.40358 -16247.639
265.42019 -15863.504
265.42019 -15867.767
265.4368 -16202.82
265.4368 -16207.094
265.44787 -16179.672
265.45341 -16478.823
265.45341 -16483.097
265.47002 -16086.328
265.47002 -16090.588
265.48663 -16287.684
265.48663 -16291.955
265.50324 -16122.384
265.50324 -16126.666
265.51985 -16274.52
265.51985 -16278.781
265.53645 -16370.102
265.53645 -16374.386
265.55306 -15805.431
265.55306 -15809.702
265.5586 -15936.219
265.56967 -16177.673
265.56967 -16181.941
265.58628 -16217.675
265.58628 -16221.957
265.60289 -16452.595
265.60289 -16456.875
265.61396 -16257.513
265.6195 -16150.069
265.6195 -16154.341
265.63611 -16141.679
265.63611 -16145.961
265.65272 -16662.845
265.65272 -16667.121
265.66933 -16477.865
265.66933 -16482.136
265.68593 -16241.347
265.68593 -16245.641
265.70254 -16115.297
265.70254 -16119.588
265.71915 -16482.346
265.71915 -16486.625
265.72469 -16296.938
265.73576 -16727.899
265.73576 -16732.174
265.75237 -16107.681
265.75237 -16111.951
265.76898 -16636.869
265.76898 -16641.154
265.78005 -16280.741
265.78559 -16441.839
265.78559 -16446.121
265.8022 -16428.687
265.8022 -16432.96
265.81881 -16619.926
265.81881 -16624.207
265.83541 -16380.471
265.83541 -16384.758
265.85202 -16449.875
265.85202 -16454.154
265.86863 -16317.53
265.86863 -16321.804
265.88524 -16187.126
265.88524 -16191.399
265.89078 -16243.827
265.90185 -16560.386
265.90185 -16564.681
265.91846 -16061.178
265.91846 -16066.275
265.93507 -16277.39
265.93507 -16052.778
265.95168 -16116.338
265.95168 -16120.615
265.96828 -16085.478
265.96828 -16089.753
265.98489 -16284.871
265.98489 -16289.141
265.99043 -16170.486
266.0015 -16401.74
266.0015 -16406.018
266.01811 -16989.49
266.01811 -16993.754
266.03472 -16162.102
266.03472 -16166.374
266.04579 -16018.151
266.05133 -15902.93
266.05133 -15907.206
266.06794 -16303.136
266.06794 -16307.409
266.08455 -16128.728
266.08455 -16133.001
266.10116 -16407.716
266.10116 -16411.983
266.11776 -16341.022
266.11776 -16345.284
266.13437 -15926.042
266.13437 -15930.311
266.15098 -16185.18
266.15098 -16189.444
266.15652 -16150.754
266.16759 -16208.733
266.16759 -16213.006
266.1842 -16306.92
266.1842 -16311.183
266.20081 -16391.915
266.20081 -16396.186
266.21188 -16304.26
266.21742 -16281.102
266.21742 -16285.372
266.23403 -16308.694
266.23403 -16312.965
266.25063 -16126.428
266.25063 -16130.7
266.26724 -16282.52
266.26724 -16286.788
266.28385 -16129.991
266.28385 -16134.254
266.30046 -16324.555
266.30046 -16328.793
266.31707 -16118.301
266.31707 -16122.564
266.32261 -16139.045
266.33368 -16125.881
266.33368 -16130.141
266.35029 -16311.989
266.35029 -16316.25
266.3669 -16178.373
266.3669 -16182.604
266.37797 -16028.657
266.38351 -16224.47
266.38351 -16228.722
266.40011 -16077.759
266.40011 -16082.005
266.41672 -16180.162
266.41672 -16185.179
266.43333 -16404.826
266.43333 -16409.076
266.44994 -16051.82
266.44994 -16056.071
266.46655 -16287.122
266.46655 -16291.392
266.48316 -16167.046
266.48316 -16171.308
266.48869 -15780.342
266.49977 -16059.844
266.49977 -16064.094
266.51638 -15902.751
266.51638 -15906.991
266.53298 -15834.451
266.53298 -15838.705
266.54406 -15914.167
266.54959 -16319.288
266.54959 -16323.525
266.5662 -16174.976
266.5662 -16179.221
266.58281 -16252.853
266.58281 -16257.079
266.59942 -16566.798
266.59942 -16571.041
266.61603 -16412.702
266.61603 -16416.955
266.63264 -16280.676
266.63264 -16284.929
266.64925 -16206.656
266.64925 -16210.897
266.65478 -16190.033
266.66586 -16202.12
266.66586 -16206.361
266.68246 -16296.131
266.68246 -16300.364
266.69907 -16063.488
266.69907 -16067.736
266.71015 -16308.953
266.71568 -16081.157
266.71568 -16085.403
266.73229 -16245.449
266.73229 -16249.683
266.7489 -16191.367
266.7489 -16195.615
266.76551 -16110.887
266.76551 -16115.149
266.78212 -16270.97
266.78212 -16275.222
266.79873 -16248.84
266.79873 -16253.088
266.81533 -16032.33
266.81533 -16036.583
266.82087 -16510.777
266.83194 -16449.311
266.83194 -16452.724
266.84855 -16530.013
266.84855 -16535.065
266.86516 -16377.227
266.86516 -16381.47
266.87623 -16677.026
266.88177 -16366.794
266.88177 -16371.036
266.89838 -15822.574
266.89838 -15826.825
266.91499 -16357.001
266.91499 -16361.256
266.9316 -16190.543
266.9316 -16194.793
266.94821 -16175.661
266.94821 -16179.912
266.96481 -16568.527
266.96481 -16572.785
266.98142 -16383.279
266.98142 -16387.544
266.98696 -16186.864
266.99803 -16599.682
266.99803 -16603.951
267.01464 -15937.578
267.01464 -15941.838
267.03125 -16227.161
267.03125 -16231.415
267.04232 -16408.551
267.04786 -16231.964
267.04786 -16236.228
267.06447 -16370.01
267.06447 -16374.263
267.08108 -16638.068
267.08108 -16642.327
267.09769 -16494.421
267.09769 -16498.676
267.11429 -16167.561
267.11429 -16171.815
267.1309 -16451.157
267.1309 -16455.411
267.14751 -16336.413
267.14751 -16340.663
267.15305 -16481.557
267.16412 -16249.641
267.16412 -16253.891
267.18073 -16160.337
267.18073 -16164.594
267.19734 -16673.948
267.19734 -16678.198
267.20841 -16280.43
267.21395 -16330.195
267.21395 -16334.432
267.23056 -16319.66
267.23056 -16323.911
267.24716 -16615.588
267.24716 -16619.83
267.26377 -16261.376
267.26377 -16265.616
267.28038 -16349.491
267.28038 -16353.739
267.29699 -16481.173
267.29699 -16485.427
267.3136 -16631.775
267.3136 -16636.016
267.31914 -16419.611
267.33021 -16656.538
267.33021 -16660.768
267.34682 -16281.545
267.34682 -16285.799
267.36343 -16883.383
267.36343 -16887.639
267.3745 -16630.509
267.38004 -16777.215
267.38004 -16781.459
267.39664 -16604.891
267.39664 -16609.128
267.41325 -16632.755
267.41325 -16636.996
267.42986 -16667.879
267.42986 -16672.115
267.44647 -16365.02
267.44647 -16369.241
267.46308 -16509.735
267.46308 -16513.966
267.47969 -16675.351
267.47969 -16679.583
267.48522 -16453.403
267.4963 -16774.897
267.4963 -16779.125
267.51291 -16705.576
267.51291 -16709.821
267.52951 -16782.925
267.52951 -16787.152
267.54059 -16499.835
267.54612 -16681.406
267.54612 -16685.638
267.56273 -16514.079
267.56273 -16518.311
267.57934 -16718.766
267.57934 -16723.002
267.59595 -16631.018
267.59595 -16635.254
267.61256 -16505.031
267.61256 -16509.264
267.62917 -16554.064
267.62917 -16558.284
267.64578 -16349.882
267.64578 -16354.115
267.65131 -16528.911
267.66239 -16385.201
267.66239 -16389.434
267.67899 -16552.163
267.67899 -16556.396
267.6956 -16608.856
267.6956 -16642.243
267.71221 -16044.602
267.71221 -16048.843
267.72882 -16302.478
267.72882 -16306.708
267.74543 -16295.37
267.74543 -16299.588
267.75097 -16005.152
267.76204 -16410.361
267.76204 -16414.585
267.77865 -16773.327
267.77865 -16777.563
267.79526 -16428.621
267.79526 -16432.836
267.80633 -16445.081
267.81186 -16291.23
267.81186 -16295.462
267.82847 -16361.848
267.82847 -16366.077
267.84508 -16439.785
267.84508 -16444.017
267.86169 -16668.16
267.86169 -16672.382
267.8783 -16508.591
267.8783 -16512.819
267.89491 -16530.83
267.89491 -16535.059
267.91152 -16515.393
267.91152 -16519.626
267.91705 -16587.443
267.92813 -16669.706
267.92813 -16673.933
267.94474 -16245.792
267.94474 -16250.035
267.96134 -16380.045
267.96134 -16384.28
267.97242 -16041.018
267.97795 -16453.455
267.97795 -16457.682
267.99456 -16206.263
267.99456 -16210.499
268.01117 -16334.071
268.01117 -16338.302
268.02778 -16367.402
268.02778 -16371.626
268.04439 -16731.186
268.04439 -16735.404
268.061 -16379.747
268.061 -16383.982
268.07761 -16431.562
268.07761 -16435.794
268.08314 -16422.585
268.09421 -16451.291
268.09421 -16455.517
268.11082 -16316.759
268.11082 -16320.979
268.12743 -16418.444
268.12743 -16422.667
268.13851 -16249.116
268.14404 -16354.189
268.14404 -16358.398
268.16065 -16655.021
268.16065 -16659.27
268.17726 -16898.235
268.17726 -16902.457
268.19387 -16374.38
268.19387 -16378.601
268.21048 -16492.186
268.21048 -16496.399
268.22709 -16972.9
268.22709 -16977.126
268.24369 -16466.39
268.24369 -16470.617
268.24923 -16490.975
268.2603 -16273.913
268.2603 -16278.132
268.27691 -16427.269
268.27691 -16431.485
268.29352 -17061.372
268.29352 -17065.604
268.30459 -16273.421
268.31013 -16678.831
268.31013 -16683.06
268.32674 -16148.859
268.32674 -16153.1
268.34335 -16520.725
268.34335 -16524.965
268.35996 -16798.594
268.35996 -16802.82
268.37657 -16489.537
268.37657 -16493.767
268.39317 -16257.176
268.39317 -16261.409
268.40978 -16760.529
268.40978 -16764.755
268.41532 -16712.748
268.42639 -16455.952
268.42639 -16460.185
268.443 -16462.254
268.443 -16466.489
268.45961 -16759.147
268.45961 -16763.386
268.47068 -16670.18
268.47622 -16527.287
268.47622 -16531.511
268.49283 -16067.871
268.49283 -16072.105
268.50944 -16538.365
268.50944 -16542.604
268.52604 -16873.904
268.52604 -16878.142
268.54265 -16544.168
268.54265 -16548.392
268.55926 -16246.684
268.55926 -16250.901
268.57587 -17016.766
268.57587 -17020.984
268.58141 -16794.381
268.59248 -16660.268
268.59248 -16664.496
268.60909 -16742.028
268.60909 -16746.254
268.6257 -16794.252
268.6257 -16798.475
268.63677 -16739.968
268.64231 -16747.485
268.64231 -16751.7
268.65892 -16675.845
268.65892 -16680.058
268.67552 -16313.378
268.67552 -16317.591
268.69213 -16720.332
268.69213 -16724.566
268.70874 -16720.537
268.70874 -16724.774
268.72535 -16644.163
268.72535 -16648.383
268.74196 -16570.387
268.74196 -16574.625
268.7475 -16550.052
268.75857 -16675.355
268.75857 -16679.566
268.77518 -16813.509
268.77518 -16817.73
268.79179 -16716.505
268.79179 -16720.747
268.80286 -16832.555
268.80839 -16796.185
268.80839 -16800.416
268.825 -16653.307
268.825 -16657.533
268.84161 -17014.738
268.84161 -17018.962
268.85822 -16369.597
268.85822 -16373.823
268.87483 -16764.326
268.87483 -16768.54
268.89144 -16646.841
268.89144 -16651.059
268.90805 -16160.662
268.90805 -16164.888
268.91358 -16328.03
268.92466 -16928.15
268.92466 -16932.36
268.94127 -16930.3
268.94127 -16934.527
268.95787 -16900.152
268.95787 -16904.367
268.96895 -16759.515
268.97448 -16711.701
268.97448 -16715.913
268.99109 -16484.581
268.99109 -16488.799
269.0077 -16983.353
269.0077 -16987.571
269.02431 -16765.678
269.02431 -16769.903
269.04092 -16778.799
269.04092 -16783.015
269.05753 -16918.853
269.05753 -16923.069
269.07414 -16559.042
269.07414 -16563.251
269.07967 -16446.895
269.09074 -16776.953
269.09074 -16781.149
269.10735 -16882.627
269.10735 -16886.836
269.12396 -16618.728
269.12396 -16622.933
269.13503 -16403.902
269.14057 -16456.027
269.14057 -16460.223
269.15718 -16823.841
269.15718 -16828.053
269.17379 -17088.282
269.17379 -17092.485
269.1904 -16757.435
269.1904 -16761.634
269.20701 -17226.867
269.20701 -17231.074
269.22362 -17052.295
269.22362 -17056.499
269.24022 -16866.046
269.24022 -16870.254
269.24576 -17007.613
269.25683 -16782.322
269.25683 -16786.523
269.27344 -16384.644
269.27344 -16388.85
269.29005 -16875.284
269.29005 -16879.492
269.30112 -16834.091
269.30666 -16955.183
269.30666 -16959.37
269.32327 -16603.514
269.32327 -16607.711
269.33988 -17016.204
269.33988 -17020.407
269.35649 -16913.174
269.35649 -16917.377
269.37309 -16966.444
269.37309 -16970.652
269.3897 -16595.672
269.3897 -16599.876
269.40631 -16614.001
269.40631 -16618.217
269.41185 -16807.815
269.42292 -16989.433
269.42292 -16993.63
269.43953 -16941.282
269.43953 -16945.489
269.45614 -16742.026
269.45614 -16746.221
269.46721 -16570.952
269.47275 -16827.796
269.47275 -16832.001
269.48936 -17121.617
269.48936 -17125.812
269.50597 -17108.755
269.50597 -17112.949
269.52257 -17033.047
269.52257 -17037.243
269.53918 -16958.992
269.53918 -16963.195
269.55579 -16498.347
269.55579 -16502.541
269.5724 -16995.0
269.5724 -16999.196
269.57794 -16874.603
269.58901 -17002.295
269.58901 -17006.504
269.60562 -17174.43
269.60562 -17178.624
269.62223 -17150.965
269.62223 -17155.166
269.6333 -16732.266
269.63884 -16983.215
269.63884 -16987.412
269.65545 -17306.23
269.65545 -17310.412
269.67205 -17046.479
269.67205 -17050.668
269.68866 -17046.574
269.68866 -17050.765
269.70527 -16966.419
269.70527 -16970.597
269.72188 -16889.515
269.72188 -16893.707
269.73849 -17002.622
269.73849 -17006.798
269.74403 -16876.441
269.7551 -16830.946
269.7551 -16835.14
269.77171 -16886.251
269.77171 -16890.443
269.78832 -16860.973
269.78832 -16865.164
269.79939 -16861.816
269.80492 -16664.695
269.80492 -16668.879
269.82153 -17244.054
269.82153 -17248.245
269.83814 -17177.654
269.83814 -17181.848
269.85475 -17170.366
269.85475 -17174.552
269.87136 -17155.878
269.87136 -17160.075
269.88797 -17232.158
269.88797 -17236.356
269.90458 -17097.777
269.90458 -17101.977
269.91011 -16886.849
269.92119 -17123.334
269.92119 -17127.524
269.9378 -17445.836
269.9378 -17450.015
269.9544 -16709.471
269.9544 -16713.667
269.96548 -17084.312
269.97101 -16852.67
269.97101 -16856.866
269.98762 -17126.6
269.98762 -17130.803
270.00423 -17221.136
270.00423 -17225.332
270.02084 -16795.936
270.02084 -16800.134
270.03745 -17183.092
270.03745 -17187.282
270.05406 -17375.491
270.05406 -17379.683
270.07067 -17596.155
270.07067 -17600.347
270.08727 -17350.954
270.08727 -17355.146
270.09281 -17349.44
270.10388 -17158.936
270.10388 -17163.12
270.12049 -17267.606
270.12049 -17271.788
270.1371 -17206.838
270.1371 -17211.027
270.14817 -16991.322
270.15371 -16916.245
270.15371 -16920.444
270.17032 -17111.134
270.17032 -17115.318
270.18693 -17196.472
270.18693 -17200.659
270.20354 -17187.926
270.20354 -17192.134
270.22015 -17213.681
270.22015 -17217.877
270.23675 -17346.511
270.23675 -17350.701
270.25336 -16859.921
270.25336 -16864.125
270.2589 -17008.563
270.26997 -16900.538
270.26997 -16904.736
270.28658 -17133.743
270.28658 -17137.942
270.30319 -17194.681
270.30319 -17198.893
270.31426 -17574.468
270.3198 -17259.496
270.3198 -17263.687
270.33641 -17208.81
270.33641 -17213.002
270.35302 -17458.518
270.35302 -17462.705
270.36962 -17172.001
270.36962 -17176.2
270.38623 -17041.725
270.38623 -17045.927
270.40284 -17092.739
270.40284 -17096.935
270.41945 -17365.025
270.41945 -17369.218
270.42499 -17388.854
270.43606 -17511.115
270.43606 -17515.3
270.45267 -17314.072
270.45267 -17318.27
270.46928 -17487.262
270.46928 -17491.451
270.48035 -17295.235
270.48589 -17183.583
270.48589 -17187.785
270.5025 -17669.81
270.5025 -17674.006
270.5191 -17665.212
270.5191 -17669.411
270.53571 -17854.752
270.53571 -17858.953
270.55232 -17146.06
270.55232 -17150.246
270.56893 -17413.711
270.56893 -17417.909
270.58554 -17814.261
270.58554 -17818.456
270.59108 -17224.319
270.60215 -17395.204
270.60215 -17399.399
270.61876 -17099.791
270.61876 -17103.989
270.63537 -17169.579
270.63537 -17173.772
270.64644 -16889.11
270.65197 -17361.026
270.65197 -17365.225
270.66858 -17334.787
270.66858 -17338.985
270.68519 -17581.492
270.68519 -17585.677
270.7018 -17536.396
270.7018 -17540.592
270.71841 -17577.815
270.71841 -17582.025
270.73502 -17735.212
270.73502 -17739.402
270.75163 -17367.537
270.75163 -17371.732
270.75716 -17414.309
270.76824 -17696.435
270.76824 -17700.628
270.78485 -17585.667
270.78485 -17589.865
270.80145 -17324.274
270.80145 -17328.463
270.81253 -17418.447
270.81806 -17072.304
270.81806 -17076.499
270.83467 -17604.174
270.83467 -17608.37
270.85128 -17740.137
270.85128 -17744.344
270.86789 -16991.11
270.86789 -16995.297
270.8845 -17537.608
270.8845 -17565.09
270.90111 -17333.801
270.90111 -17337.992
270.91772 -17139.318
270.91772 -17143.515
270.93433 -17556.226
270.93433 -17560.409
270.93986 -17434.817
270.95093 -17485.64
270.95093 -17489.827
270.96754 -17513.626
270.96754 -17517.818
270.98415 -17101.232
270.98415 -17105.422
270.99522 -17313.56
271.00076 -17379.501
271.00076 -17383.686
271.01737 -17615.911
271.01737 -17620.096
271.03398 -17507.275
271.03398 -17511.457
271.05059 -17636.091
271.05059 -17640.287
271.0672 -17065.478
271.0672 -16974.071
271.0838 -17151.654
271.0838 -17155.835
271.10041 -17642.615
271.10041 -17646.792
271.11702 -17207.356
271.11702 -17211.539
271.12256 -17258.349
271.13363 -17062.1
271.13363 -17066.281
271.15024 -17080.501
271.15024 -17084.692
271.16685 -16997.617
271.16685 -17001.802
271.17792 -17173.428
271.18346 -16993.417
271.18346 -16997.619
271.20007 -17258.274
271.20007 -17262.465
271.21668 -17195.481
271.21668 -17199.671
271.23328 -17183.63
271.23328 -17187.809
271.24989 -17271.625
271.24989 -17275.815
271.2665 -17229.324
271.2665 -17233.517
271.28311 -16886.723
271.28311 -16890.902
271.28865 -17167.21
271.29972 -16704.399
271.29972 -16708.591
271.31633 -17129.088
271.31633 -17133.266
271.33294 -16723.655
271.33294 -16727.835
271.34955 -16991.776
271.34955 -16995.957
271.36615 -17251.093
271.36615 -17255.262
271.37169 -17219.144
271.38276 -16896.167
271.38276 -16900.332
271.39937 -16991.35
271.39937 -16995.512
271.41598 -17077.562
271.41598 -17081.738
271.42705 -17147.434
271.43259 -17118.271
271.43259 -17122.451
271.4492 -17212.695
271.4492 -17216.874
271.46581 -16893.448
271.46581 -16897.627
271.48242 -17074.187
271.48242 -17078.349
271.49903 -16926.779
271.49903 -16930.966
271.51563 -16965.227
271.51563 -16969.39
271.53224 -16952.425
271.53224 -16956.6
271.53778 -17134.507
271.54885 -17284.657
271.54885 -17288.827
271.56546 -16926.849
271.56546 -16931.011
271.58207 -17189.248
271.58207 -17193.414
271.59314 -17065.538
271.59868 -17307.017
271.59868 -17311.172
271.61529 -17073.206
271.61529 -17077.365
271.6319 -16828.157
271.6319 -16832.327
271.6485 -16745.826
271.6485 -16749.983
271.66511 -16822.371
271.66511 -16826.536
271.68172 -17082.986
271.68172 -17087.139
271.69833 -17094.895
271.69833 -17099.055
271.70387 -17101.875
271.71494 -17035.895
271.71494 -17040.063
271.73155 -16815.582
271.73155 -16819.749
271.74816 -16778.306
271.74816 -16782.47
271.75923 -17000.912
271.76477 -16773.283
271.76477 -16777.452
271.78138 -17071.877
271.78138 -17076.04
271.79798 -17023.67
271.79798 -17027.845
271.81459 -17139.909
271.81459 -17144.067
271.8312 -17219.211
271.8312 -17223.363
271.84781 -16991.679
271.84781 -16995.836
271.86442 -16808.214
271.86442 -16812.342
271.86996 -17140.81
271.88103 -17253.097
271.88103 -17257.25
271.89764 -16731.415
271.89764 -16735.56
271.91425 -16847.539
271.91425 -16851.69
271.93085 -17173.981
271.93085 -17178.127
271.94746 -17360.383
271.94746 -17364.53
271.96407 -17095.204
271.96407 -17099.358
271.98068 -17096.051
271.98068 -16511.982
271.99729 -16647.817
271.99729 -16972.145
272.0139 -16252.592
272.0139 -16256.73
272.03051 -16833.172
272.03051 -16837.317
272.04712 -16695.724
272.04712 -16699.862
272.05265 -16521.196
272.06373 -16286.448
272.06373 -16290.596
272.08033 -16659.117
272.08033 -16663.252
272.09694 -16540.23
272.09694 -16544.368
272.10802 -16423.238
272.11355 -16609.591
272.11355 -16613.743
272.13016 -16490.284
272.13016 -16494.42
272.14677 -16643.714
272.14677 -16647.859
272.16338 -16770.853
272.16338 -16775.0
272.17999 -16429.879
272.17999 -16434.019
272.1966 -16364.814
272.1966 -16368.957
272.21321 -16446.577
272.21321 -16450.717
272.21874 -16440.205
272.22981 -16177.86
272.22981 -16181.996
272.24642 -16392.033
272.24642 -16396.15
272.26303 -16546.11
272.26303 -16550.244
272.2741 -16494.615
272.27964 -16673.708
272.27964 -16677.829
272.29625 -16431.857
272.29625 -16435.974
272.31286 -16290.002
272.31286 -16294.113
272.32947 -16549.216
272.32947 -16553.343
272.34608 -16788.663
272.34608 -16792.795
272.36268 -16442.373
272.36268 -16446.498
272.37929 -16467.487
272.37929 -16471.62
272.38483 -16768.535
272.3959 -16564.79
272.3959 -16568.905
272.41251 -16297.055
272.41251 -16301.188
272.42912 -16243.85
272.42912 -16247.969
272.44019 -16670.748
272.44573 -16587.635
272.44573 -16591.745
272.46234 -16407.863
272.46234 -16411.979
272.47895 -16095.866
272.47895 -16099.988
272.49556 -16589.694
272.49556 -16593.82
272.51216 -16858.764
272.51216 -16862.886
272.52877 -16292.593
272.52877 -16296.722
272.54538 -15745.992
272.54538 -15750.119
272.55092 -16018.251
272.56199 -16652.747
272.56199 -16656.867
272.5786 -16649.185
272.5786 -16653.322
272.59521 -16550.754
272.59521 -16554.892
272.60628 -16560.022
272.61182 -16743.764
272.61182 -16747.895
272.62843 -16740.616
272.62843 -16744.737
272.64503 -16708.346
272.64503 -16712.466
272.66164 -16362.75
272.66164 -16366.861
272.67825 -16596.344
272.67825 -16600.449
272.69486 -16488.742
272.69486 -16492.851
272.71147 -16298.22
272.71147 -16302.328
272.71701 -16109.596
272.72808 -16521.481
272.72808 -16525.587
272.74469 -16087.684
272.74469 -16091.804
272.7613 -16399.527
272.7613 -16403.637
272.77237 -16334.72
272.77791 -16333.316
272.77791 -16337.431
272.79451 -16410.555
272.79451 -16414.656
272.81112 -16948.607
272.81112 -16952.714
272.82773 -16776.134
272.82773 -16780.237
272.84434 -16576.075
272.84434 -16580.18
272.86095 -16515.905
272.86095 -16520.025
272.87756 -16685.831
272.87756 -16689.939
272.88309 -16503.074
272.89417 -16485.882
272.89417 -16489.984
272.91078 -16501.361
272.91078 -16505.475
272.92738 -16618.462
272.92738 -16622.577
272.93846 -16026.057
272.94399 -16154.058
272.94399 -16158.173
272.9606 -16546.749
272.9606 -16550.847
272.97721 -16362.025
272.97721 -16366.151
272.99382 -16405.206
272.99382 -16409.319
273.01043 -16573.198
273.01043 -16577.316
273.02704 -16812.71
273.02704 -16816.828
273.04365 -17058.208
273.04365 -17062.318
273.04918 -16438.72
273.06026 -16284.807
273.06026 -16288.943
273.07686 -16605.464
273.07686 -16609.593
273.09347 -16862.056
273.09347 -16866.198
273.10455 -16670.8
273.11008 -16571.071
273.11008 -16575.173
273.12669 -16147.465
273.12669 -16151.587
273.1433 -16390.134
273.1433 -16394.257
273.15991 -16560.996
273.15991 -16565.112
273.17652 -16339.37
273.17652 -16343.485
273.19313 -16707.753
273.19313 -16711.881
273.20973 -16374.891
273.20973 -16379.017
273.21527 -16472.424
273.22634 -16750.435
273.22634 -16754.558
273.24295 -16091.351
273.24295 -16095.456
273.25956 -16166.192
273.25956 -16170.302
273.27063 -16649.739
273.27617 -16442.777
273.27617 -16446.897
273.29278 -16542.993
273.29278 -16547.104
273.30939 -16229.262
273.30939 -16233.385
273.326 -16528.479
273.326 -16532.584
273.34261 -16870.565
273.34261 -16874.676
273.35921 -16846.527
273.35921 -16850.65
273.37582 -16449.63
273.37582 -16453.731
273.38136 -16379.944
273.39243 -16954.427
273.39243 -16958.533
273.40904 -16323.417
273.40904 -16327.506
273.42565 -16670.214
273.42565 -16674.312
273.43672 -16495.297
273.44226 -16200.29
273.44226 -16204.39
273.45887 -16478.709
273.45887 -16482.803
273.47548 -16653.889
273.47548 -16657.989
273.49209 -16525.355
273.49209 -16529.428
273.50869 -16634.105
273.50869 -16638.204
273.5253 -16746.38
273.5253 -16750.475
273.54191 -16632.01
273.54191 -16636.097
273.54745 -16418.173
273.55852 -16406.386
273.55852 -16410.473
273.57513 -16964.476
273.57513 -16968.566
273.59174 -16818.006
273.59174 -16822.115
273.60281 -16444.875
273.60835 -16238.529
273.60835 -16242.629
273.62496 -16235.969
273.62496 -16240.06
273.64156 -16739.628
273.64156 -16743.734
273.65817 -16487.394
273.65817 -16491.516
273.67478 -16336.465
273.67478 -16340.565
273.69139 -16634.213
273.69139 -16638.328
273.708 -16988.863
273.708 -16992.962
273.71354 -16729.321
273.72461 -16619.203
273.72461 -16623.31
273.74122 -16553.856
273.74122 -16557.966
273.75783 -17238.343
273.75783 -17242.462
273.7689 -17022.015
273.77444 -16766.939
273.77444 -16771.04
273.79104 -16272.655
273.79104 -16276.76
273.80765 -16818.543
273.80765 -16822.656
273.82426 -17042.532
273.82426 -17046.643
273.84087 -16614.268
273.84087 -16618.368
273.85748 -16569.777
273.85748 -16573.889
273.87409 -16745.426
273.87409 -16749.53
273.87962 -16361.405
273.8907 -17007.537
273.8907 -17011.641
273.90731 -16821.112
273.90731 -16825.226
273.92391 -16526.408
273.92391 -16530.519
273.93499 -16557.449
273.94052 -16719.339
273.94052 -16723.459
273.95713 -16952.235
273.95713 -16956.345
273.97374 -16987.507
273.97374 -16991.619
273.99035 -16710.088
273.99035 -16714.196
274.00696 -17020.269
274.00696 -17024.371
274.02357 -16295.082
274.02357 -16299.187
274.04018 -16332.07
274.04018 -16336.168
274.04571 -16480.588
274.05679 -17140.414
274.05679 -17144.515
274.07339 -16800.141
274.07339 -16804.234
274.09 -16939.011
274.09 -16943.096
274.10108 -17150.636
274.10661 -17033.202
274.10661 -17037.298
274.12322 -16917.515
274.12322 -16921.608
274.13983 -16934.425
274.13983 -16938.523
274.15644 -16601.204
274.15644 -16605.301
274.17305 -16845.421
274.17305 -16849.517
274.18966 -16886.122
274.18966 -16890.217
274.20626 -17012.909
274.20626 -17017.008
274.2118 -16740.19
274.22287 -17293.356
274.22287 -17297.454
274.23948 -17090.921
274.23948 -17095.011
274.25609 -16788.742
274.25609 -16792.83
274.26716 -16815.422
274.2727 -16835.649
274.2727 -16839.744
274.28931 -16833.234
274.28931 -16837.319
274.30592 -16962.789
274.30592 -16966.879
274.32253 -17100.574
274.32253 -17104.652
274.33914 -16945.55
274.33914 -16949.634
274.35574 -16961.346
274.35574 -16965.42
274.37235 -17114.238
274.37235 -17118.327
274.37789 -16990.924
274.38896 -17128.973
274.38896 -17133.062
274.40557 -16735.805
274.40557 -16739.896
274.42218 -16945.258
274.42218 -16949.345
274.43325 -17231.998
274.43879 -17008.931
274.43879 -17013.03
274.4554 -16987.678
274.4554 -16991.776
274.47201 -16985.747
274.47201 -16989.839
274.48861 -17130.879
274.48861 -17134.968
274.50522 -17499.763
274.50522 -17503.844
274.52183 -17394.179
274.52183 -17398.252
274.53844 -17305.233
274.53844 -17309.321
274.54398 -17683.916
274.55505 -17009.472
274.55505 -17013.543
274.57166 -17315.539
274.57166 -17319.627
274.58827 -17131.904
274.58827 -17135.994
274.59934 -17129.915
274.60488 -17022.551
274.60488 -17026.633
274.62149 -17291.694
274.62149 -17295.768
274.63809 -17212.769
274.63809 -17216.856
274.6547 -17405.627
274.6547 -17409.732
274.67131 -16931.216
274.67131 -16935.3
274.68792 -16978.066
274.68792 -16982.148
274.70453 -17387.538
274.70453 -17391.636
274.71007 -16968.983
274.72114 -16689.977
274.72114 -16694.071
274.73775 -17084.05
274.73775 -17088.169
274.75436 -17383.926
274.75436 -17388.027
274.76543 -17092.822
274.77097 -16992.064
274.77097 -16996.168
274.78757 -17232.296
274.78757 -17236.378
274.80418 -16913.416
274.80418 -16917.499
274.82079 -17250.713
274.82079 -17254.801
274.8374 -17331.825
274.8374 -17335.911
274.85401 -17321.135
274.85401 -17325.225
274.87062 -17110.022
274.87062 -17114.105
274.87615 -16818.519
274.88723 -17307.586
274.88723 -17311.675
274.90384 -17621.123
274.90384 -17625.203
274.92044 -17401.967
274.92044 -17406.047
274.93152 -17552.86
274.93705 -17605.243
274.93705 -17609.32
274.95366 -17866.344
274.95366 -17870.421
274.97027 -17713.215
274.97027 -17717.302
274.98688 -17156.599
274.98688 -17160.669
275.00349 -17528.869
275.00349 -17532.96
275.0201 -17560.064
275.0201 -17564.147
275.03671 -17509.133
275.03671 -17513.211
275.04224 -17321.887
275.05332 -17365.312
275.05332 -17369.392
275.06992 -17431.687
275.06992 -17435.767
275.08653 -17419.331
275.08653 -17423.415
275.09761 -17342.545
275.10314 -17263.076
275.10314 -17267.157
275.11975 -17245.506
275.11975 -17249.606
275.13636 -17543.388
275.13636 -17547.473
275.15297 -17271.934
275.15297 -17276.019
275.16958 -17385.018
275.16958 -17389.103
275.18619 -17177.063
275.18619 -17181.16
275.20279 -17754.958
275.20279 -17759.018
275.20833 -17723.716
275.2194 -17505.771
275.2194 -17509.86
275.23601 -17481.384
275.23601 -16974.144
275.25262 -17519.9
275.25262 -17523.971
275.26923 -17275.907
275.26923 -17279.986
275.28584 -17209.789
275.28584 -17213.845
275.29138 -17304.037
275.30245 -17321.486
275.30245 -17325.573
275.31906 -17177.002
275.31906 -17181.073
275.33567 -17611.102
275.33567 -17615.158
275.34674 -17053.43
275.35227 -16876.698
275.35227 -16880.774
275.36888 -17135.98
275.36888 -17140.043
275.38549 -17215.868
275.38549 -17219.931
275.4021 -17123.833
275.4021 -17127.904
275.41871 -17199.28
275.41871 -17203.342
275.43532 -17017.247
275.43532 -17021.317
275.45193 -16984.058
275.45193 -16988.122
275.45746 -17157.201
275.46854 -17448.205
275.46854 -17452.262
275.48514 -17265.919
275.48514 -17269.986
275.50175 -17315.057
275.50175 -17319.119
275.51283 -16728.298
275.51836 -17180.671
275.51836 -17184.744
275.53497 -17337.511
275.53497 -17341.603
275.55158 -17260.921
275.55158 -17264.996
275.56819 -17241.106
275.56819 -17245.173
275.5848 -16926.62
275.5848 -16930.703
275.60141 -17304.754
275.60141 -17308.818
275.61802 -17617.502
275.61802 -17621.577
275.62355 -17327.478
275.63462 -16976.863
275.63462 -16980.933
275.65123 -17349.244
275.65123 -17353.33
275.66784 -17287.208
275.66784 -17291.297
275.67891 -16919.554
275.68445 -16808.076
275.68445 -16812.156
275.70106 -16965.186
275.70106 -16969.286
275.71767 -17180.821
275.71767 -17184.916
275.73428 -17144.328
275.73428 -17148.413
275.75089 -17027.836
275.75089 -17031.916
275.76749 -17082.697
275.76749 -17086.796
275.7841 -17360.088
275.7841 -17364.179
275.78964 -17096.744
275.80071 -17519.847
275.80071 -17523.928
275.81732 -17164.938
275.81732 -17169.015
275.83393 -17233.942
275.83393 -17238.032
275.845 -17487.521
275.85054 -17285.762
275.85054 -17289.853
275.86715 -17324.376
275.86715 -17328.473
275.88376 -17369.311
275.88376 -17373.392
275.90037 -17048.729
275.90037 -17052.795
275.91697 -17627.656
275.91697 -17631.758
275.93358 -17054.455
275.93358 -17058.527
275.95019 -17296.905
275.95019 -17300.976
275.95573 -17144.13
275.9668 -17526.778
275.9668 -17530.868
275.98341 -17301.904
275.98341 -17305.992
276.00002 -16916.445
276.00002 -16920.51
276.01109 -17385.823
276.01663 -17353.948
276.01663 -17358.025
276.03324 -17684.29
276.03324 -17688.367
276.04985 -17375.053
276.04985 -17379.124
276.06645 -17412.998
276.06645 -17417.072
276.08306 -17209.388
276.08306 -17213.455
276.09967 -17497.751
276.09967 -17501.825
276.11628 -17420.363
276.11628 -17424.441
276.12182 -17609.291
276.13289 -17658.591
276.13289 -17662.664
276.1495 -17576.748
276.1495 -17580.82
276.16611 -17385.882
276.16611 -17389.948
276.17718 -17408.845
276.18272 -17214.774
276.18272 -17218.845
276.19932 -17242.566
276.19932 -17246.619
276.21593 -17484.605
276.21593 -17488.669
276.23254 -17463.622
276.23254 -17467.691
276.24915 -17203.895
276.24915 -17207.951
276.26576 -17260.952
276.26576 -17264.998
276.28237 -17594.547
276.28237 -17598.601
276.2879 -17460.168
276.29898 -17784.394
276.29898 -17788.448
276.31559 -17537.624
276.31559 -17541.677
276.3322 -17584.398
276.3322 -17588.445
276.34327 -17583.891
276.3488 -17714.588
276.3488 -17392.529
276.36541 -17473.176
276.36541 -17477.23
276.38202 -17103.667
276.38202 -17107.715
276.39863 -17311.879
276.39863 -17315.931
276.40417 -17234.05
276.41524 -17059.059
276.41524 -17063.114
276.43185 -17194.637
276.43185 -17198.696
276.44846 -17313.998
276.44846 -17318.053
276.45953 -17440.804
276.46507 -17291.45
276.46507 -17295.503
276.48167 -17293.727
276.48167 -17297.777
276.49828 -16935.355
276.49828 -16939.408
276.51489 -17077.429
276.51489 -17081.478
276.5315 -17057.78
276.5315 -17061.839
276.54811 -17048.357
276.54811 -17052.41
276.56472 -17214.409
276.56472 -17218.461
276.58133 -17241.634
276.58133 -17245.686
276.59794 -17219.271
276.59794 -17223.341
276.60347 -17193.089
276.61455 -17119.144
276.61455 -17123.204
276.63115 -17249.407
276.63115 -17253.465
276.64776 -17462.633
276.64776 -17466.681
276.65884 -17259.578
276.66437 -17075.572
276.66437 -17079.629
276.68098 -17244.584
276.68098 -17248.632
276.69759 -17592.771
276.69759 -17596.824
276.7142 -17340.099
276.7142 -17344.154
276.73081 -17138.394
276.73081 -17142.432
276.74742 -17315.539
276.74742 -17319.59
276.76402 -17438.199
276.76402 -17442.236
276.76956 -17241.516
276.78063 -17104.53
276.78063 -17108.576
276.79724 -17416.922
276.79724 -17420.972
276.81385 -17181.156
276.81385 -17185.189
276.82492 -16904.264
276.83046 -17152.363
276.83046 -17156.422
276.84707 -17254.25
276.84707 -17258.299
276.86368 -17081.659
276.86368 -17085.716
276.88029 -17436.761
276.88029 -17440.812
276.8969 -16894.77
276.8969 -16898.828
276.9135 -16976.274
276.9135 -16980.324
276.93011 -17284.356
276.93011 -17288.403
276.93565 -17414.321
276.94672 -17502.768
276.94672 -17506.818
276.96333 -17161.083
276.96333 -17165.132
276.97994 -17289.308
276.97994 -17293.355
276.99101 -17422.755
276.99655 -17626.953
276.99655 -17630.99
277.01316 -17663.416
277.01316 -17667.464
277.02977 -17332.536
277.02977 -17336.571
277.04637 -17276.649
277.04637 -17280.683
277.06298 -17354.073
277.06298 -17358.112
277.07959 -17633.647
277.07959 -17637.679
277.0962 -17733.333
277.0962 -17737.368
277.10174 -17390.465
277.11281 -17508.215
277.11281 -17512.262
277.12942 -17248.761
277.12942 -17252.802
277.14603 -17204.294
277.14603 -17208.328
277.1571 -17393.131
277.16264 -17286.711
277.16264 -17290.752
277.17925 -17194.785
277.17925 -17198.822
277.19585 -17050.81
277.19585 -17054.837
277.21246 -17452.787
277.21246 -17456.824
277.22907 -17335.776
277.22907 -17339.813
277.24568 -17114.134
277.24568 -17118.169
277.26229 -17835.707
277.26229 -17839.732
277.26783 -17436.195
277.2789 -17343.647
277.2789 -17347.677
277.29551 -17247.718
277.29551 -17251.752
277.31212 -17610.951
277.31212 -17614.982
277.32319 -17605.944
277.32872 -17242.191
277.32872 -17246.234
277.34533 -17024.202
277.34533 -17028.235
277.36194 -17260.675
277.36194 -17264.721
277.37855 -17246.828
277.37855 -17250.882
277.39516 -17770.367
277.39516 -17774.404
277.41177 -17439.848
277.41177 -17443.866
277.42838 -17592.087
277.42838 -17596.119
277.43391 -17375.29
277.44499 -17301.7
277.44499 -17305.739
277.4616 -17145.244
277.4616 -17149.278
277.4782 -17442.468
277.4782 -17446.491
277.48928 -17949.449
277.49481 -17562.613
277.49481 -17566.641
277.51142 -17210.357
277.51142 -17214.384
277.52803 -17222.614
277.52803 -17226.638
277.54464 -17642.176
277.54464 -17646.199
277.56125 -17614.019
277.56125 -17618.047
277.57786 -17399.433
277.57786 -17403.473
277.59447 -17156.377
277.59447 -17160.402
277.6 -17264.691
277.61108 -17409.373
277.61108 -17413.39
277.62768 -17679.379
277.62768 -17683.392
277.64429 -17569.637
277.64429 -17573.658
277.65537 -17692.043
277.6609 -17523.582
277.6609 -17527.603
277.67751 -17633.313
277.67751 -17637.332
277.69412 -17265.372
277.69412 -17269.371
277.71073 -17379.184
277.71073 -17383.209
277.72734 -17160.707
277.72734 -17164.723
277.74395 -17256.536
277.74395 -17260.557
277.76055 -17150.596
277.76055 -17154.625
277.76609 -17263.976
277.77716 -17185.016
277.77716 -17189.044
277.79377 -17552.16
277.79377 -17556.159
277.81038 -17428.611
277.81038 -17432.625
277.82145 -17538.937
277.82699 -17221.535
277.82699 -17225.543
277.8436 -17566.643
277.8436 -17570.646
277.86021 -17361.946
277.86021 -17365.953
277.87682 -17491.489
277.87682 -17495.492
277.89343 -17523.891
277.89343 -17527.894
277.91003 -17410.003
277.91003 -17414.014
277.92664 -17634.544
277.92664 -17638.548
277.93218 -17446.891
277.94325 -17706.066
277.94325 -17710.086
277.95986 -17439.601
277.95986 -17443.62
277.97647 -17510.705
277.97647 -17514.721
277.98754 -17794.588
277.99308 -17442.23
277.99308 -17446.24
278.00969 -17394.922
278.00969 -17398.933
278.0263 -17530.963
278.0263 -17534.977
278.0429 -17317.869
278.0429 -17321.891
278.05951 -17914.114
278.05951 -17918.145
278.07612 -17682.127
278.07612 -17686.131
278.09273 -17706.332
278.09273 -17710.346
278.09827 -17487.474
278.10934 -17737.361
278.10934 -17741.375
278.12595 -17474.834
278.12595 -17478.825
278.14256 -17685.967
278.14256 -17689.971
278.15363 -17549.311
278.15917 -17613.193
278.15917 -17617.206
278.17578 -17515.165
278.17578 -17519.159
278.19238 -17594.733
278.19238 -17598.736
278.20899 -17819.854
278.20899 -17407.294
278.2256 -17401.835
278.2256 -17405.856
278.24221 -17306.935
278.24221 -17310.944
278.25882 -17285.963
278.25882 -17289.976
278.26436 -17553.599
278.27543 -17594.612
278.27543 -17598.62
278.29204 -17333.542
278.29204 -17337.553
278.30865 -17450.743
278.30865 -17454.762
278.31972 -17076.06
278.32525 -17275.568
278.32525 -17279.583
278.34186 -17352.22
278.34186 -17356.245
278.35847 -17603.649
278.35847 -17607.667
278.37508 -17368.642
278.37508 -17372.658
278.39169 -17251.239
278.39169 -17255.236
278.4083 -17453.298
278.4083 -17457.294
278.42491 -17277.341
278.42491 -17281.34
278.43044 -17280.572
278.44152 -17495.926
278.44152 -17499.949
278.45813 -17455.46
278.45813 -17459.46
278.47473 -17400.59
278.47473 -17404.591
278.48581 -17653.837
278.49134 -17801.358
278.49134 -17805.359
278.50795 -17264.467
278.50795 -17268.472
278.52456 -17103.278
278.52456 -17107.283
278.54117 -17547.371
278.54117 -17551.374
278.55778 -17452.938
278.55778 -17456.939
278.57439 -17248.193
278.57439 -17252.194
278.591 -17397.301
278.591 -17401.3
278.59653 -17353.463
278.6076 -17693.523
278.6076 -17697.541
278.62421 -17680.806
278.62421 -17684.818
278.64082 -17287.033
278.64082 -17291.036
278.6519 -17406.105
278.65743 -17171.384
278.65743 -17175.379
278.67404 -17400.947
278.67404 -17404.956
278.69065 -17568.608
278.69065 -17572.61
278.70726 -17635.851
278.70726 -17639.865
278.72387 -17426.141
278.72387 -17430.144
278.74048 -17767.48
278.74048 -17771.49
278.75708 -17529.512
278.75708 -17533.509
278.76262 -17209.784
278.77369 -17393.219
278.77369 -17397.221
278.7903 -17447.038
278.7903 -17451.032
278.80691 -17376.901
278.80691 -17380.885
278.81798 -17605.427
278.82352 -17570.955
278.82352 -17574.958
278.84013 -17540.83
278.84013 -17544.815
278.85674 -17759.48
278.85674 -17763.471
278.87335 -17538.884
278.87335 -17542.875
278.88996 -17369.205
278.88996 -17373.198
278.90656 -17232.388
278.90656 -17236.384
278.92317 -17659.572
278.92317 -17663.562
278.92871 -17863.491
278.93978 -17744.853
278.93978 -17748.835
278.95639 -17577.837
278.95639 -17581.827
278.973 -17469.738
278.973 -17473.737
278.98407 -17381.23
278.98961 -17746.944
278.98961 -17750.926
279.00622 -17604.812
279.00622 -17608.796
279.02283 -17296.384
279.02283 -17300.373
279.03943 -17292.195
279.03943 -17296.188
279.05604 -17481.979
279.05604 -17485.965
279.07265 -17536.689
279.07265 -17540.691
279.08926 -17442.68
279.08926 -17446.672
279.0948 -17398.906
279.10587 -17628.044
279.10587 -17632.031
279.12248 -17460.846
279.12248 -17464.841
279.13909 -17646.45
279.13909 -17650.451
279.15016 -17458.376
279.1557 -17626.278
279.1557 -17630.286
279.17231 -17476.825
279.17231 -17480.826
279.18891 -17487.373
279.18891 -17491.377
279.20552 -17553.342
279.20552 -17557.332
279.22213 -17347.138
279.22213 -17351.14
279.23874 -17608.16
279.23874 -17612.154
279.25535 -17527.838
279.25535 -17531.85
279.26089 -17345.198
279.27196 -17673.735
279.27196 -17677.728
279.28857 -17569.256
279.28857 -17573.263
279.30518 -17417.293
279.30518 -17421.29
279.31625 -17653.894
279.32178 -17624.707
279.32178 -17628.704
279.33839 -17455.821
279.33839 -17459.814
279.355 -17421.114
279.355 -17425.096
279.37161 -17556.794
279.37161 -17560.79
279.38822 -17572.162
279.38822 -17576.168
279.40483 -17814.673
279.40483 -17818.664
279.42144 -17722.45
279.42144 -17726.445
279.42697 -17698.908
279.43805 -17546.043
279.43805 -17550.03
279.45466 -17688.119
279.45466 -17692.113
279.47126 -18074.595
279.47126 -18078.581
279.48234 -18129.107
279.48787 -17816.765
279.48787 -17820.744
279.50448 -17732.674
279.50448 -17736.662
279.52109 -17854.488
279.52109 -17858.484
279.5377 -17733.724
279.5377 -17737.71
279.55431 -17772.484
279.55431 -17776.458
279.57092 -17963.394
279.57092 -17967.384
279.58753 -17689.705
279.58753 -17693.685
279.59306 -17552.405
279.60413 -17504.436
279.60413 -17508.41
279.62074 -17881.493
279.62074 -17885.475
279.63735 -17692.651
279.63735 -17696.635
279.64843 -17809.703
279.65396 -17580.639
279.65396 -17584.619
279.67057 -17648.169
279.67057 -17652.152
279.68718 -17696.985
279.68718 -17700.966
279.70379 -17917.383
279.70379 -17921.37
279.7204 -18220.407
279.7204 -18224.383
279.73701 -18139.147
279.73701 -18143.157
279.75361 -17808.559
279.75361 -17812.561
279.75915 -17791.154
279.77022 -18002.093
279.77022 -18006.08
279.78683 -17995.72
279.78683 -17999.715
279.80344 -18108.322
279.80344 -18112.319
279.81451 -17977.221
279.82005 -17992.854
279.82005 -17996.837
279.83666 -18211.395
279.83666 -18215.386
279.85327 -17909.874
279.85327 -17913.857
279.86988 -17775.666
279.86988 -17779.656
279.88648 -17519.861
279.88648 -17523.857
279.90309 -17543.984
279.90309 -17547.994
279.9197 -17674.857
279.9197 -17678.852
279.92524 -17624.272
279.93631 -17927.745
279.93631 -17931.734
279.95292 -17901.814
279.95292 -17905.79
279.96953 -17779.213
279.96953 -17783.203
279.9806 -17936.36
279.98614 -17871.123
279.98614 -17875.11
280.00275 -18134.75
280.00275 -18138.736
280.01936 -17915.866
280.01936 -17919.855
280.03596 -17636.322
280.03596 -17640.306
280.05257 -17690.631
280.05257 -17694.618
280.06918 -17829.798
280.06918 -17833.784
280.08579 -18019.622
280.08579 -18023.606
280.09133 -18265.562
280.1024 -17650.743
280.1024 -17654.73
280.11901 -17852.386
280.11901 -17822.975
280.13562 -17978.219
280.13562 -17982.185
280.15223 -17894.616
280.15223 -17898.602
280.16884 -17738.705
280.16884 -17742.655
280.17437 -17760.253
280.18544 -18115.776
280.18544 -18119.749
280.20205 -17696.21
280.20205 -17700.176
280.21866 -17500.258
280.21866 -17504.236
280.22973 -17852.351
280.23527 -17699.842
280.23527 -17703.822
280.25188 -17824.202
280.25188 -17828.179
280.26849 -17858.213
280.26849 -17862.191
280.2851 -17821.86
280.2851 -17825.826
280.30171 -17880.984
280.30171 -17884.959
280.31831 -17778.504
280.31831 -17782.476
280.33492 -17996.009
280.33492 -17999.981
280.34046 -18072.156
280.35153 -17683.064
280.35153 -17687.028
280.36814 -17417.034
280.36814 -17420.997
280.38475 -18038.599
280.38475 -18042.571
280.39582 -18060.452
280.40136 -17898.674
280.40136 -17902.656
280.41797 -17920.376
280.41797 -17924.349
280.43458 -17689.333
280.43458 -17693.312
280.45119 -17945.421
280.45119 -17949.397
280.46779 -17854.502
280.46779 -17858.478
280.4844 -17731.819
280.4844 -17735.793
280.50101 -18408.026
280.50101 -18411.997
280.51762 -17874.793
280.51762 -17878.768
280.53423 -17378.685
280.53423 -17382.662
280.55084 -17713.22
280.55084 -17717.193
280.56745 -17834.144
280.56745 -17805.812
280.58406 -17678.782
280.58406 -17682.754
280.60066 -17349.212
280.60066 -17353.183
280.61727 -17673.786
280.61727 -17677.737
280.62281 -17347.506
280.63388 -17969.934
280.63388 -17973.903
280.65049 -17418.05
280.65049 -17422.023
280.6671 -17352.546
280.6671 -17356.516
280.67817 -17556.788
280.68371 -18102.413
280.68371 -18106.375
280.70032 -17802.617
280.70032 -17806.589
280.71693 -17686.803
280.71693 -17690.786
280.73354 -17619.361
280.73354 -17623.323
280.75014 -17678.772
280.75014 -17682.734
280.76675 -17702.905
280.76675 -17706.878
280.78336 -17162.862
280.78336 -17166.822
280.7889 -17589.344
280.79997 -17258.629
280.79997 -17262.589
280.81658 -17726.417
280.81658 -17730.378
280.83319 -17557.712
280.83319 -17561.667
280.84426 -17261.031
280.8498 -17602.924
280.8498 -17606.88
280.86641 -17697.521
280.86641 -17701.477
280.88301 -17854.442
280.88301 -17858.386
280.89962 -17433.843
280.89962 -17437.789
280.91623 -17433.878
280.91623 -17437.839
280.93284 -17461.521
280.93284 -17465.477
280.94945 -17435.526
280.94945 -17439.471
280.95499 -17543.126
280.96606 -17153.11
280.96606 -17157.062
280.98267 -17199.915
280.98267 -17203.873
280.99928 -17580.848
280.99928 -17584.817
281.01035 -17619.552
281.01589 -17633.275
281.01589 -17637.225
281.03249 -17515.356
281.03249 -17519.297
281.0491 -17740.765
281.0491 -17744.736
281.06571 -17453.671
281.06571 -17457.64
281.08232 -17446.698
281.08232 -17450.655
281.09893 -17652.883
281.09893 -17656.843
281.11554 -17606.322
281.11554 -17610.286
281.12107 -17722.071
281.13215 -17856.748
281.13215 -17860.714
281.14876 -17621.768
281.14876 -17625.718
281.16536 -17602.231
281.16536 -17606.194
281.17644 -17860.574
281.18197 -17764.617
281.18197 -17768.583
281.19858 -17772.09
281.19858 -17776.046
281.21519 -17483.561
281.21519 -17487.53
281.2318 -17552.761
281.2318 -17556.731
281.24841 -17943.33
281.24841 -17947.293
281.26502 -17829.969
281.26502 -17833.913
281.28163 -17315.346
281.28163 -17319.313
281.28716 -17831.908
281.29824 -17405.896
281.29824 -17409.871
281.31484 -17330.646
281.31484 -17334.6
281.33145 -17940.342
281.33145 -17944.305
281.34253 -17674.789
281.34806 -17632.687
281.34806 -17636.642
281.36467 -17650.109
281.36467 -17654.065
281.38128 -17895.023
281.38128 -17898.977
281.39789 -17796.564
281.39789 -17800.53
281.4145 -17836.755
281.4145 -17840.711
281.43111 -17418.716
281.43111 -17422.675
281.44772 -17753.069
281.44772 -17757.025
281.45325 -17929.583
281.46432 -17759.46
281.46432 -17763.411
281.48093 -17718.728
281.48093 -17722.68
281.49754 -17746.285
281.49754 -17750.237
281.50861 -17650.018
281.51415 -17572.035
281.51415 -17575.989
281.53076 -18125.877
281.53076 -18129.833
281.54737 -18030.305
281.54737 -18034.257
281.56398 -18019.481
281.56398 -18023.458
281.58059 -17894.667
281.58059 -17898.62
281.59719 -17772.442
281.59719 -17776.403
281.6138 -17642.584
281.6138 -17646.552
281.61934 -17930.638
281.63041 -17848.647
281.63041 -17852.582
281.64702 -17643.622
281.64702 -17647.579
281.66363 -17734.748
281.66363 -17738.717
281.6747 -17603.605
281.68024 -17563.181
281.68024 -17567.126
281.69685 -17741.183
281.69685 -17745.129
281.71346 -17779.621
281.71346 -17783.572
281.73007 -17597.803
281.73007 -17601.744
281.74667 -17550.035
281.74667 -17553.984
281.76328 -17691.927
281.76328 -17695.876
281.77989 -17754.318
281.77989 -17758.263
281.78543 -18009.818
281.7965 -17563.044
281.7965 -17566.996
281.81311 -17903.893
281.81311 -17907.849
281.82972 -18149.005
281.82972 -18152.954
281.84079 -17526.767
281.84633 -17637.517
281.84633 -17641.453
281.86294 -17701.21
281.86294 -17705.16
281.87954 -17802.052
281.87954 -17805.99
281.89615 -17581.257
281.89615 -17585.207
281.91276 -17636.936
281.91276 -17640.889
281.92937 -17832.235
281.92937 -17836.174
281.94598 -18130.659
281.94598 -18134.612
281.95152 -18238.731
281.96259 -18238.874
281.96259 -18242.824
281.9792 -18164.424
281.9792 -18168.35
281.99581 -17781.311
281.99581 -17785.256
282.00688 -17545.901
282.01242 -17370.827
282.01242 -17374.789
282.02902 -17717.597
282.02902 -17721.538
282.04563 -17527.935
282.04563 -17531.893
282.06224 -17616.452
282.06224 -17620.417
282.07885 -17674.279
282.07885 -17678.231
282.09546 -18006.783
282.09546 -18010.737
282.11207 -18196.222
282.11207 -18200.179
282.1176 -18238.051
282.12868 -17954.098
282.12868 -17958.069
282.14529 -17732.095
282.14529 -17736.044
282.16189 -17460.664
282.16189 -17464.603
282.17297 -18054.382
282.1785 -17972.066
282.1785 -17976.017
282.19511 -17892.499
282.19511 -17896.443
282.21172 -18164.084
282.21172 -18168.019
282.22833 -18353.068
282.22833 -18357.014
282.24494 -18066.724
282.24494 -18070.672
282.26155 -17939.604
282.26155 -17943.554
282.27816 -18067.092
282.27816 -18071.04
282.28369 -18127.172
282.29477 -17956.983
282.29477 -17960.927
282.31137 -17498.12
282.31137 -17502.056
282.32798 -17655.994
282.32798 -17659.929
282.33906 -18310.236
282.34459 -18361.273
282.34459 -18365.213
282.3612 -17755.462
282.3612 -17759.406
282.37781 -17676.169
282.37781 -17680.116
282.39442 -17970.972
282.39442 -17974.93
282.41103 -17952.981
282.41103 -17956.928
282.42764 -17756.912
282.42764 -17760.859
282.44424 -17931.174
282.44424 -17935.104
282.44978 -18020.062
282.46085 -18077.696
282.46085 -18081.627
282.47746 -17961.169
282.47746 -17965.107
282.49407 -17788.594
282.49407 -17792.533
282.50514 -17905.074
282.51068 -17996.675
282.51068 -18000.607
282.52729 -18175.586
282.52729 -18179.514
282.5439 -18042.068
282.5439 -18046.005
282.56051 -18130.146
282.56051 -18134.091
282.57712 -18300.522
282.57712 -18304.449
282.59372 -18405.508
282.59372 -18409.445
282.61033 -18428.462
282.61033 -18432.396
282.61587 -18205.567
282.62694 -17984.897
282.62694 -17988.829
282.64355 -17777.733
282.64355 -17781.662
282.66016 -18621.552
282.66016 -18625.491
282.67123 -17983.824
282.67677 -17768.1
282.67677 -17772.026
282.69338 -17932.375
282.69338 -17936.298
282.70999 -18008.783
282.70999 -18012.719
282.7266 -17721.916
282.7266 -17725.856
282.7432 -17983.742
282.7432 -17987.661
282.75981 -18296.646
282.75981 -18300.573
282.77642 -18257.53
282.77642 -18261.455
282.78196 -18410.656
282.79303 -17898.666
282.79303 -17902.606
282.80964 -17843.779
282.80964 -17847.706
282.82625 -18064.474
282.82625 -18068.419
282.83732 -18108.282
282.84286 -18207.632
282.84286 -18211.57
282.85947 -18188.176
282.85947 -18192.094
282.87607 -17861.709
282.87607 -17865.645
282.89268 -18227.346
282.89268 -18231.283
282.90929 -18419.924
282.90929 -18423.869
282.9259 -18290.331
282.9259 -18294.274
282.94251 -18317.964
282.94251 -18321.911
282.94805 -18130.783
282.95912 -17931.949
282.95912 -17935.883
282.97573 -18153.277
282.97573 -18157.215
282.99234 -18463.515
282.99234 -18467.445
283.00341 -18570.785
283.00895 -18472.305
283.00895 -18476.248
283.02555 -18355.469
283.02555 -18359.398
283.04216 -18464.327
283.04216 -18468.26
283.05877 -18236.23
283.05877 -18240.154
283.07538 -18260.586
283.07538 -18264.524
283.09199 -18612.67
283.09199 -18616.612
283.1086 -18690.013
283.1086 -18693.951
283.11413 -18652.28
283.12521 -18273.166
283.12521 -18277.103
283.14182 -18353.688
283.14182 -18357.643
283.15842 -18211.729
283.15842 -18215.669
283.1695 -18295.629
283.17503 -18521.365
283.17503 -18525.296
283.19164 -18457.309
283.19164 -18461.251
283.20825 -18204.426
283.20825 -18208.361
283.22486 -18626.077
283.22486 -18630.018
283.24147 -18566.525
283.24147 -18570.471
283.25808 -18123.335
283.25808 -18127.268
283.27469 -18107.547
283.27469 -18111.474
283.28022 -18276.548
283.2913 -18369.871
283.2913 -18373.798
283.3079 -18327.716
283.3079 -18331.644
283.32451 -18048.648
283.32451 -18052.568
283.33559 -18611.376
283.34112 -18802.875
283.34112 -18806.817
283.35773 -18692.763
283.35773 -18696.702
283.37434 -18322.585
283.37434 -18326.526
283.39095 -18406.227
283.39095 -18410.164
283.40756 -18492.415
283.40756 -18496.347
283.42417 -18320.777
283.42417 -18324.706
283.44077 -18320.98
283.44077 -18324.917
283.44631 -18304.995
283.45738 -18452.717
283.45738 -18456.655
283.47399 -18631.103
283.47399 -18635.037
283.4906 -18321.888
283.4906 -18325.817
283.50167 -18438.562
283.50721 -18279.212
283.50721 -18283.15
283.52382 -18262.409
283.52382 -18266.345
283.54043 -18416.461
283.54043 -18420.406
283.55704 -18875.618
283.55704 -18879.543
283.57365 -18645.315
283.57365 -18649.25
283.59025 -18616.55
283.59025 -18620.484
283.60686 -18429.713
283.60686 -18433.656
283.6124 -18684.835
283.62347 -18942.399
283.62347 -18946.333
283.64008 -18864.266
283.64008 -18868.189
283.65669 -18681.371
283.65669 -18685.306
283.66776 -18306.652
283.6733 -18495.04
283.6733 -18498.975
283.68991 -18666.681
283.68991 -18670.612
283.70652 -18742.73
283.70652 -18746.653
283.72312 -18726.815
283.72312 -18730.752
283.73973 -18660.569
283.73973 -18664.503
283.75634 -18831.238
283.75634 -18835.173
283.77295 -18580.409
283.77295 -18584.349
283.77849 -18736.852
283.78956 -19005.976
283.78956 -19009.91
283.80617 -18741.454
283.80617 -18745.382
283.82278 -18640.585
283.82278 -18644.518
283.83385 -18867.753
283.83939 -18955.231
283.83939 -18959.173
283.856 -18480.99
283.856 -18484.934
283.8726 -18528.506
283.8726 -18532.444
283.88921 -18928.511
283.88921 -18932.456
283.90582 -18814.276
283.90582 -18818.211
283.92243 -18720.95
283.92243 -18724.88
283.93904 -18204.966
283.93904 -18208.895
283.94458 -18494.745
283.95565 -18650.039
283.95565 -18653.974
283.97226 -18684.732
283.97226 -18688.664
283.98887 -18613.892
283.98887 -18617.802
283.99994 -18749.984
284.00548 -18643.358
284.00548 -18647.295
284.02208 -18625.937
284.02208 -18629.877
284.03869 -19093.593
284.03869 -19097.521
284.0553 -18940.118
284.0553 -18944.053
284.07191 -18576.871
284.07191 -18580.794
284.08852 -19244.548
284.08852 -19248.491
284.10513 -18793.677
284.10513 -18797.615
284.11066 -18642.193
284.12174 -18964.143
284.12174 -18968.069
284.13835 -18995.685
284.13835 -18999.631
284.15495 -18599.252
284.15495 -18603.19
284.16603 -19094.238
284.17156 -19062.586
284.17156 -19066.525
284.18817 -18791.035
284.18817 -18794.971
284.20478 -19018.227
284.20478 -19022.17
284.22139 -18556.046
284.22139 -18559.991
284.238 -18621.237
284.238 -18625.177
284.25461 -19131.365
284.25461 -19135.311
284.27122 -18814.883
284.27122 -18818.819
284.27675 -19181.896
284.28783 -18801.906
284.28783 -18805.837
284.30443 -19104.611
284.30443 -19108.557
284.32104 -19226.746
284.32104 -19230.671
284.33212 -19056.656
284.33765 -18919.056
284.33765 -18922.98
284.35426 -18852.99
284.35426 -18856.906
284.37087 -19342.961
284.37087 -19346.879
284.38748 -19298.818
284.38748 -19303.202
284.40409 -18960.98
284.40409 -18964.904
284.4207 -19089.103
284.4207 -19093.023
284.4373 -19085.411
284.4373 -19089.333
284.44284 -18996.147
284.45391 -18951.607
284.45391 -18955.533
284.47052 -18999.246
284.47052 -19003.174
284.48713 -19471.324
284.48713 -19475.247
284.4982 -19060.703
284.50374 -18954.437
284.50374 -18958.375
284.52035 -18678.044
284.52035 -18681.966
284.53696 -18864.002
284.53696 -18867.926
284.55357 -18807.561
284.55357 -18811.485
284.57018 -18722.052
284.57018 -18725.976
284.58678 -19005.961
284.58678 -19009.889
284.60339 -19277.821
284.60339 -19281.747
284.60893 -19119.788
284.62 -19109.135
284.62 -19113.059
284.63661 -19186.573
284.63661 -19190.493
284.65322 -18874.327
284.65322 -18878.256
284.66429 -18853.23
284.66983 -19119.62
284.66983 -19123.543
284.68644 -18820.184
284.68644 -18870.64
284.70305 -19075.301
284.70305 -19079.226
284.71965 -19057.968
284.71965 -19061.904
284.73626 -18851.642
284.73626 -18855.559
284.7418 -19050.456
284.75287 -18991.27
284.75287 -18995.19
284.76948 -19283.429
284.76948 -19287.353
284.78609 -19031.561
284.78609 -19035.5
284.79716 -18864.283
284.8027 -18925.365
284.8027 -18929.297
284.81931 -18758.324
284.81931 -18762.246
284.83592 -18835.54
284.83592 -18839.468
284.85253 -18930.773
284.85253 -18934.689
284.86913 -19040.045
284.86913 -19043.954
284.88574 -19204.95
284.88574 -19208.859
284.90235 -19057.405
284.90235 -19061.311
284.90789 -18926.253
284.91896 -19426.211
284.91896 -19430.118
284.93557 -18864.633
284.93557 -18868.546
284.95218 -18951.965
284.95218 -18955.896
284.96325 -18718.36
284.96879 -19349.283
284.96879 -19353.196
284.9854 -19053.02
284.9854 -19056.944
285.002 -19026.242
285.002 -19030.163
285.01861 -18918.753
285.01861 -18922.682
285.03522 -19220.255
285.03522 -19224.165
285.05183 -18616.026
285.05183 -18619.925
285.06844 -18947.33
285.06844 -18951.245
285.07398 -19145.344
285.08505 -19140.768
285.08505 -19144.687
285.10166 -19042.667
285.10166 -19046.578
285.11827 -19060.284
285.11827 -19064.194
285.12934 -18966.44
285.13488 -19063.853
285.13488 -19067.772
285.15148 -19460.632
285.15148 -19464.551
285.16809 -18808.111
285.16809 -18812.032
285.1847 -18655.096
285.1847 -18659.015
285.20131 -18995.158
285.20131 -18999.089
285.21792 -18979.139
285.21792 -18983.055
285.23453 -18618.96
285.23453 -18622.881
285.24006 -18914.103
285.25114 -18768.248
285.25114 -18772.175
285.26775 -19098.87
285.26775 -19102.79
285.28436 -18985.764
285.28436 -18989.692
285.29543 -19077.461
285.30096 -19017.129
285.30096 -19021.052
285.31757 -19044.431
285.31757 -19048.356
285.33418 -19066.502
285.33418 -19070.419
285.35079 -18893.853
285.35079 -18897.767
285.3674 -19169.643
285.3674 -19173.564
285.38401 -18979.8
285.38401 -18983.728
285.40062 -18943.111
285.40062 -18947.031
285.40615 -18841.015
285.41723 -19041.237
285.41723 -19045.156
285.43383 -18826.686
285.43383 -18830.612
285.45044 -18716.93
285.45044 -18720.846
285.46152 -18717.534
285.46705 -18919.494
285.46705 -18923.421
285.48366 -18638.516
285.48366 -18642.429
285.50027 -19087.234
285.50027 -19091.139
285.51688 -18758.551
285.51688 -18762.464
285.53349 -18818.815
285.53349 -18822.729
285.5501 -19091.587
285.5501 -19095.507
285.56671 -18978.858
285.56671 -18982.768
285.57224 -19058.707
285.58331 -19020.515
285.58331 -19024.41
285.59992 -18998.892
285.59992 -19002.796
285.61653 -19016.825
285.61653 -18150.949
285.63314 -19080.608
285.63314 -19423.605
285.64975 -18126.736
285.64975 -18130.64
285.66636 -18506.889
285.66636 -18510.798
285.68297 -18705.746
285.68297 -18709.654
285.6885 -18692.543
285.69958 -18570.646
285.69958 -18574.544
285.71618 -18418.459
285.71618 -18422.358
285.73279 -18552.963
285.73279 -18556.855
285.74387 -18862.392
285.7494 -18859.9
285.7494 -18863.781
285.76601 -18759.966
285.76601 -18763.852
285.78262 -18813.228
285.78262 -18817.117
285.79923 -18699.495
285.79923 -18703.375
285.81584 -18615.322
285.81584 -18619.204
285.83245 -18514.662
285.83245 -18518.544
285.84906 -19143.956
285.84906 -19147.831
285.85459 -18967.733
285.86566 -18792.72
285.86566 -18796.603
285.88227 -18383.796
285.88227 -18387.668
285.89888 -18469.71
285.89888 -18473.587
285.90995 -18639.151
285.91549 -18685.744
285.91549 -18689.637
285.9321 -18973.196
285.9321 -18977.078
285.94871 -18911.441
285.94871 -18915.324
285.96532 -18865.062
285.96532 -18868.957
285.98193 -19076.516
285.98193 -19080.413
285.99853 -18739.846
285.99853 -18743.737
286.01514 -18395.78
286.01514 -18399.677
286.02068 -18612.538
286.03175 -18495.855
286.03175 -18499.74
286.04836 -18989.129
286.04836 -18993.02
286.06497 -19005.328
286.06497 -19009.217
286.07604 -18866.546
286.08158 -19036.981
286.08158 -19040.857
286.09819 -18704.557
286.09819 -18708.433
286.1148 -18968.25
286.1148 -18972.141
286.13141 -18486.052
286.13141 -18489.925
286.14801 -18301.031
286.14801 -18304.924
286.16462 -18748.896
286.16462 -18752.778
286.18123 -18856.093
286.18123 -18859.973
286.18677 -18860.125
286.19784 -18624.512
286.19784 -18628.405
286.21445 -18710.337
286.21445 -18714.226
286.23106 -18622.135
286.23106 -18626.006
286.24213 -18542.801
286.24767 -18917.965
286.24767 -18921.831
286.26428 -18867.716
286.26428 -18871.591
286.28088 -18727.914
286.28088 -18528.755
286.29749 -18332.113
286.29749 -18335.973
286.3141 -18523.86
286.3141 -18527.721
286.33071 -18356.558
286.33071 -18360.415
286.33625 -18684.975
286.34732 -18132.311
286.34732 -18136.175
286.36393 -18502.72
286.36393 -18506.578
286.38054 -18379.969
286.38054 -18383.834
286.39161 -18287.485
286.39715 -18417.815
286.39715 -18421.677
286.41376 -18393.378
286.41376 -18397.239
286.43036 -18671.079
286.43036 -18674.941
286.44697 -18568.563
286.44697 -18572.428
286.46358 -18155.348
286.46358 -18159.212
286.48019 -18218.51
286.48019 -18222.379
286.4968 -18246.269
286.4968 -18250.128
286.50234 -18541.657
286.51341 -18326.584
286.51341 -18330.446
286.53002 -18096.94
286.53002 -18100.795
286.54663 -18455.832
286.54663 -18459.69
286.5577 -18242.987
286.56324 -18441.065
286.56324 -18444.93
286.57984 -18264.27
286.57984 -18268.111
286.59645 -18209.604
286.59645 -18213.454
286.61306 -18618.235
286.61306 -18622.089
286.62967 -18527.981
286.62967 -18531.822
286.64628 -18333.741
286.64628 -18337.584
286.66289 -18592.372
286.66289 -18596.214
286.66842 -18816.058
286.6795 -18649.89
286.6795 -18653.747
286.69611 -18560.932
286.69611 -18564.787
286.71271 -18867.049
286.71271 -18870.894
286.72379 -18669.631
286.72932 -18737.901
286.72932 -18741.75
286.74593 -18698.754
286.74593 -18702.609
286.76254 -18347.818
286.76254 -18351.668
286.77915 -18678.289
286.77915 -18682.144
286.79576 -18597.64
286.79576 -18601.483
286.81237 -18597.936
286.81237 -18601.785
286.82898 -18768.109
286.82898 -18771.964
286.83451 -18421.75
286.84559 -18359.296
286.84559 -18363.144
286.86219 -18674.11
286.86219 -18677.949
286.8788 -18644.271
286.8788 -18648.114
286.88988 -18454.678
286.89541 -18616.477
286.89541 -18620.324
286.91202 -18826.522
286.91202 -18830.357
286.92863 -18469.479
286.92863 -18473.322
286.94524 -18457.959
286.94524 -18461.8
286.96185 -18434.392
286.96185 -18438.242
286.97846 -18312.321
286.97846 -18316.161
286.99506 -18882.77
286.99506 -18886.612
287.0006 -18686.367
287.01167 -18628.282
287.01167 -18632.125
287.02828 -18846.657
287.02828 -18850.51
287.04489 -18666.494
287.04489 -18670.343
287.05596 -18544.134
287.0615 -18681.962
287.0615 -18685.816
287.07811 -18633.297
287.07811 -18637.148
287.09472 -18457.542
287.09472 -18461.391
287.11133 -18555.537
287.11133 -18559.378
287.12794 -18676.418
287.12794 -18680.263
287.14454 -18378.448
287.14454 -18382.294
287.16115 -18580.474
287.16115 -18584.319
287.16669 -18602.877
287.17776 -18551.658
287.17776 -18555.498
287.19437 -18961.793
287.19437 -18965.628
287.21098 -18631.477
287.21098 -18635.314
287.22205 -18716.503
287.22759 -18505.018
287.22759 -18508.856
287.2442 -18806.682
287.2442 -18810.51
287.26081 -18535.599
287.26081 -18539.433
287.27741 -18708.227
287.27741 -18712.062
287.29402 -18621.541
287.29402 -18625.379
287.31063 -18206.933
287.31063 -18210.776
287.32724 -18456.468
287.32724 -18460.31
287.33278 -18745.875
287.34385 -18363.988
287.34385 -18367.828
287.36046 -18918.372
287.36046 -18922.206
287.37707 -19045.578
287.37707 -19049.422
287.38814 -18476.564
287.39368 -18555.309
287.39368 -18559.14
287.41029 -18916.728
287.41029 -18920.57
287.42689 -19007.864
287.42689 -19011.702
287.4435 -18526.288
287.4435 -18530.124
287.46011 -18708.499
287.46011 -18712.339
287.47672 -19182.741
287.47672 -19186.586
287.49333 -18934.738
287.49333 -18938.576
287.49887 -18587.358
287.50994 -18509.802
287.50994 -18513.662
287.52655 -18863.031
287.52655 -18866.876
287.54316 -18936.188
287.54316 -18940.016
287.55976 -18947.316
287.55976 -18951.158
287.57637 -18587.27
287.57637 -18591.107
287.59298 -18972.927
287.59298 -18976.762
287.59852 -19360.152
287.60959 -18870.368
287.60959 -18874.187
287.6262 -18796.741
287.6262 -18800.574
287.64281 -18431.754
287.64281 -18435.57
287.65942 -18784.0
287.65942 -18993.063
287.67603 -18855.19
287.67603 -18859.03
287.69264 -18764.398
287.69264 -18768.231
287.70924 -19018.176
287.70924 -19022.013
287.71478 -19354.202
287.72585 -18850.145
287.72585 -18853.983
287.74246 -18628.395
287.74246 -18632.235
287.75907 -18837.307
287.75907 -18841.148
287.77014 -19260.961
287.77568 -18687.003
287.77568 -18690.838
287.79229 -19015.618
287.79229 -19019.451
287.8089 -19225.037
287.8089 -19228.869
287.82551 -18640.158
287.82551 -18643.982
287.84212 -18868.537
287.84212 -18872.369
287.85872 -18976.39
287.85872 -18980.221
287.87533 -19108.559
287.87533 -19112.383
287.88087 -19105.147
287.89194 -18671.202
287.89194 -18675.032
287.90855 -18487.264
287.90855 -18491.1
287.92516 -18808.778
287.92516 -18812.615
287.93623 -18545.938
287.94177 -18700.147
287.94177 -18703.981
287.95838 -18488.902
287.95838 -18492.733
287.97499 -18710.304
287.97499 -18714.14
287.99159 -18851.257
287.99159 -18855.102
288.0082 -18782.726
288.0082 -18786.566
288.02481 -18870.548
288.02481 -18874.385
288.04142 -18819.472
288.04142 -18823.305
288.05803 -18983.061
288.05803 -18986.899
288.07464 -18965.743
288.07464 -18969.586
288.09125 -18459.481
288.09125 -18463.311
288.09678 -18278.916
288.10786 -18845.904
288.10786 -18849.753
288.12447 -18522.954
288.12447 -18526.798
288.14107 -18861.435
288.14107 -18865.278
288.15215 -18767.51
288.15768 -18693.227
288.15768 -18697.053
288.17429 -18907.759
288.17429 -18911.594
288.1909 -18909.682
288.1909 -18913.527
288.20751 -18640.758
288.20751 -18644.595
288.22412 -19076.931
288.22412 -19080.764
288.24073 -18800.841
288.24073 -18109.221
288.25734 -18459.819
288.25734 -18463.654
288.27394 -18220.733
288.27394 -18224.553
288.29055 -18512.049
288.29055 -18515.882
288.30716 -18609.783
288.30716 -18613.609
288.32377 -18323.882
288.32377 -18327.716
288.34038 -18261.1
288.34038 -18264.924
288.34592 -18196.458
288.35699 -18213.141
288.35699 -18216.96
288.3736 -18572.923
288.3736 -18576.754
288.39021 -18569.824
288.39021 -18573.643
288.40128 -18410.817
288.40682 -18288.545
288.40682 -18292.375
288.42342 -18651.191
288.42342 -18655.021
288.44003 -18822.078
288.44003 -18825.893
288.45664 -18458.628
288.45664 -18462.454
288.47325 -18533.171
288.47325 -18536.995
288.48986 -18383.683
288.48986 -18387.511
288.50647 -18583.935
288.50647 -18587.755
288.512 -18733.482
288.52308 -18149.158
288.52308 -18152.976
288.53969 -18599.543
288.53969 -18603.348
288.55629 -18451.694
288.55629 -18455.495
288.56737 -18488.641
288.5729 -18014.83
288.5729 -18018.645
288.58951 -18741.312
288.58951 -18745.134
288.60612 -18923.373
288.60612 -18927.188
288.62273 -18425.147
288.62273 -18301.125
288.63934 -18419.984
288.63934 -18423.8
288.65595 -18740.5
288.65595 -18744.296
288.67256 -18577.868
288.67256 -18581.683
288.67809 -18552.047
288.68917 -18325.535
288.68917 -18329.336
288.70577 -18106.118
288.70577 -18109.941
288.72238 -18335.019
288.72238 -18338.833
288.73346 -18116.387
288.73899 -18225.033
288.73899 -18228.839
288.7556 -18281.519
288.7556 -18285.327
288.77221 -18820.506
288.77221 -18824.314
288.78882 -18655.895
288.78882 -18659.71
288.80543 -18238.48
288.80543 -18242.288
288.82204 -18536.332
288.82204 -18540.141
288.83864 -18677.248
288.83864 -18681.054
288.84418 -18482.53
288.85525 -18222.687
288.85525 -18226.5
288.87186 -18255.508
288.87186 -18259.322
288.88847 -18585.134
288.88847 -18588.94
288.89954 -18650.554
288.90508 -18394.162
288.90508 -18397.971
288.92169 -18141.1
288.92169 -18144.933
288.9383 -18383.358
288.9383 -18387.173
288.95491 -18089.624
288.95491 -18093.443
288.97152 -18087.621
288.97152 -18091.452
288.98812 -18580.597
288.98812 -18584.411
289.00473 -18724.084
289.00473 -18733.547
289.01027 -18384.338
289.02134 -18148.751
289.02134 -18152.559
289.03795 -18169.524
289.03795 -18173.345
289.05456 -18809.529
289.05456 -18408.594
289.07117 -18521.504
289.07117 -18525.312
289.08778 -18137.69
289.08778 -18141.5
289.10439 -17974.371
289.10439 -17978.177
289.10992 -18334.72
289.121 -17858.598
289.121 -17862.408
289.1376 -18328.417
289.1376 -18332.226
289.15421 -17991.53
289.15421 -17995.338
289.16529 -17862.138
289.17082 -18184.054
289.17082 -18187.866
289.18743 -17985.29
289.18743 -17989.093
289.20404 -17764.772
289.20404 -17768.576
289.22065 -18034.958
289.22065 -18038.757
289.23726 -18376.427
289.23726 -18380.227
289.25387 -18258.526
289.25387 -18262.329
289.27047 -18037.09
289.27047 -18040.893
289.27601 -17909.013
289.28708 -18155.311
289.28708 -18159.125
289.30369 -18109.539
289.30369 -18113.342
289.3203 -17959.191
289.3203 -17962.984
289.33137 -18120.374
289.33691 -18266.57
289.33691 -18270.359
289.35352 -18242.144
289.35352 -18245.936
289.37013 -18380.694
289.37013 -18384.493
289.38674 -17978.773
289.38674 -17982.563
289.40335 -17780.031
289.40335 -17783.829
289.41995 -18220.749
289.41995 -18224.548
289.43656 -17909.122
289.43656 -17912.917
289.4421 -17826.462
289.45317 -18023.808
289.45317 -18027.609
289.46978 -18057.921
289.46978 -18061.727
289.48639 -17823.225
289.48639 -17827.023
289.49746 -17808.759
289.503 -17934.617
289.503 -17938.415
289.51961 -18525.153
289.51961 -18528.958
289.53622 -18125.958
289.53622 -18129.751
289.55282 -17757.902
289.55282 -17761.707
289.56943 -17944.063
289.56943 -17947.854
289.58604 -18166.337
289.58604 -18170.125
289.60265 -17992.254
289.60265 -17996.04
289.60819 -18124.433
289.61926 -18062.858
289.61926 -18066.64
289.63587 -18337.615
289.63587 -18341.397
289.65248 -18411.871
289.65248 -18415.663
289.66355 -18035.329
289.66909 -18278.423
289.66909 -18282.203
289.6857 -17770.102
289.6857 -17773.873
289.7023 -17903.112
289.7023 -17906.889
289.71891 -17897.44
289.71891 -17901.218
289.73552 -17757.901
289.73552 -17761.668
289.75213 -18005.713
289.75213 -18009.485
289.76874 -18310.764
289.76874 -18314.534
289.77428 -18031.577
289.78535 -18221.164
289.78535 -18224.939
289.80196 -18120.662
289.80196 -18124.432
289.81857 -17714.244
289.81857 -17718.017
289.82964 -18116.194
289.83517 -18054.827
289.83517 -18058.603
289.85178 -17987.75
289.85178 -17991.511
289.86839 -17914.613
289.86839 -17918.379
289.885 -18071.593
289.885 -18075.367
289.90161 -18187.695
289.90161 -18191.472
289.91822 -17933.192
289.91822 -17936.95
289.93483 -18145.579
289.93483 -18149.332
289.94036 -18500.288
289.95144 -18681.036
289.95144 -18684.795
289.96805 -18321.43
289.96805 -18325.189
289.98465 -17978.043
289.98465 -17981.805
289.99573 -18404.723
290.00126 -17958.955
290.00126 -17962.723
290.01787 -18265.205
290.01787 -18268.98
290.03448 -17886.589
290.03448 -17890.358
290.05109 -18018.146
290.05109 -18109.835
290.0677 -18043.201
290.0677 -18046.972
290.08431 -18603.672
290.08431 -18607.443
290.10092 -17916.752
290.10092 -17920.514
290.10645 -18344.984
290.11752 -18168.819
290.11752 -18172.59
290.13413 -17955.131
290.13413 -17958.892
290.15074 -17554.522
290.15074 -17558.28
290.16182 -17996.976
290.16735 -18377.131
290.16735 -18380.895
290.18396 -18262.463
290.18396 -18266.232
290.20057 -17787.706
290.20057 -17791.468
290.21718 -17698.436
290.21718 -17702.193
290.23379 -17859.964
290.23379 -17863.724
290.2504 -17943.072
290.2504 -17946.847
290.267 -18165.737
290.267 -18169.512
290.27254 -17965.576
290.28361 -17934.092
290.28361 -17937.854
290.30022 -17812.503
290.30022 -17816.28
290.31683 -18020.415
290.31683 -18024.173
290.3279 -18100.305
290.33344 -17957.931
290.33344 -17961.69
290.35005 -17757.223
290.35005 -17760.987
290.36666 -18069.7
290.36666 -18073.45
290.38327 -18409.6
290.38327 -18413.349
290.39988 -18316.47
290.39988 -18320.219
290.41648 -17833.843
290.41648 -17837.598
290.43309 -17741.58
290.43309 -17745.342
290.43863 -17813.913
290.4497 -17971.742
290.4497 -17975.49
290.46631 -17828.656
290.46631 -17832.406
290.48292 -18114.545
290.48292 -18118.286
290.49399 -18013.734
290.49953 -18113.63
290.49953 -18117.388
290.51614 -17916.449
290.51614 -17920.198
290.53275 -17844.927
290.53275 -17848.672
290.54935 -17960.685
290.54935 -17964.435
290.56596 -17967.157
290.56596 -17970.904
290.58257 -17709.651
290.58257 -17713.409
290.59918 -18093.556
290.59918 -18097.303
290.60472 -18106.467
290.61579 -17979.473
290.61579 -17983.22
290.6324 -17961.91
290.6324 -17965.657
290.64901 -17818.982
290.64901 -17822.73
290.66008 -18146.14
290.66562 -18038.08
290.66562 -18041.825
290.68223 -17776.147
290.68223 -17779.894
290.69883 -17699.702
290.69883 -17703.448
290.71544 -18258.736
290.71544 -18262.482
290.73205 -18002.545
290.73205 -18006.289
290.74866 -18117.344
290.74866 -18121.088
290.76527 -18242.788
290.76527 -18246.543
290.77081 -17930.892
290.78188 -17776.559
290.78188 -17780.316
290.79849 -18160.402
290.79849 -18164.17
290.8151 -18165.338
290.8151 -18169.095
290.82617 -18254.308
290.8317 -18361.056
290.8317 -18364.807
290.84831 -18418.393
290.84831 -18422.143
290.86492 -18347.639
290.86492 -18351.414
290.88153 -18862.455
290.88153 -18866.207
290.89814 -18370.905
290.89814 -18374.666
290.91475 -18215.539
290.91475 -18219.302
290.93136 -18103.821
290.93136 -18107.583
290.93689 -18214.846
290.94797 -18147.212
290.94797 -18150.969
290.96458 -18265.459
290.96458 -18269.222
290.98118 -18038.424
290.98118 -18042.179
290.99226 -18272.354
290.99779 -18297.855
290.99779 -18301.609
291.0144 -18213.457
291.0144 -18217.219
291.03101 -18077.155
291.03101 -18080.899
291.04762 -18085.06
291.04762 -18088.812
291.06423 -18603.782
291.06423 -18607.536
291.08084 -18280.515
291.08084 -18284.282
291.09745 -17662.124
291.09745 -17665.882
291.10298 -18155.483
291.11405 -18021.642
291.11405 -18025.394
291.13066 -18380.501
291.13066 -18384.27
291.14727 -18013.149
291.14727 -18016.919
291.15835 -18379.675
291.16388 -18389.953
291.16388 -18393.714
291.18049 -18676.842
291.18049 -18680.604
291.1971 -18173.99
291.1971 -18177.743
291.21371 -18461.587
291.21371 -18465.345
291.23032 -18370.051
291.23032 -18373.803
291.24693 -18243.036
291.24693 -18246.783
291.26353 -18371.878
291.26353 -18375.641
291.26907 -18095.892
291.28014 -18226.181
291.28014 -18229.948
291.29675 -18314.899
291.29675 -18318.65
291.31336 -17969.505
291.31336 -17973.26
291.32443 -18144.114
291.32997 -18410.612
291.32997 -18414.369
291.34658 -18514.213
291.34658 -18517.962
291.36319 -18216.226
291.36319 -18219.986
291.3798 -18498.835
291.3798 -18502.586
291.3964 -18379.214
291.3964 -18382.956
291.41301 -18439.068
291.41301 -18442.819
291.42962 -18311.488
291.42962 -18315.243
291.43516 -18329.145
291.44623 -18497.803
291.44623 -18501.559
291.46284 -18187.832
291.46284 -18191.587
291.47945 -18458.19
291.47945 -18461.941
291.49052 -18327.79
291.49606 -18416.312
291.49606 -18420.062
291.51267 -18386.398
291.51267 -18390.148
291.52928 -18608.504
291.52928 -18612.253
291.54588 -18148.441
291.54588 -18152.184
291.56249 -18196.387
291.56249 -18200.133
291.5791 -18311.482
291.5791 -18315.235
291.59571 -18225.179
291.59571 -18228.913
291.61232 -18568.623
291.61232 -18572.386
291.61786 -18235.445
291.62893 -18213.977
291.62893 -18217.72
291.64554 -18895.195
291.64554 -18898.94
291.66215 -18739.059
291.66215 -18742.799
291.67322 -18253.027
291.67876 -18562.061
291.67876 -18565.812
291.69536 -18704.577
291.69536 -18708.325
291.71197 -18469.809
291.71197 -18473.562
291.72858 -18591.369
291.72858 -18595.118
291.74519 -18367.698
291.74519 -18371.429
291.7618 -18127.66
291.7618 -18131.408
291.77841 -18650.362
291.77841 -18654.109
291.78394 -18727.439
291.79502 -18281.104
291.79502 -18284.854
291.81163 -18513.238
291.81163 -18516.983
291.82823 -18471.614
291.82823 -18475.373
291.83931 -18469.381
291.84484 -18273.899
291.84484 -18277.661
291.86145 -18382.972
291.86145 -18386.724
291.87806 -18535.98
291.87806 -18539.733
291.89467 -18778.75
291.89467 -18782.502
291.91128 -18574.835
291.91128 -18578.575
291.92789 -18686.56
291.92789 -18690.306
291.9445 -18381.487
291.9445 -18385.236
291.95003 -18241.686
291.96111 -18435.73
291.96111 -18439.481
291.97771 -18572.088
291.97771 -18575.844
291.99432 -18868.469
291.99432 -18872.222
292.0054 -18971.582
292.01093 -18510.62
292.01093 -18514.376
292.02754 -18530.131
292.02754 -18533.883
292.04415 -18440.565
292.04415 -18444.316
292.06076 -18782.595
292.06076 -18786.356
292.07737 -18634.712
292.07737 -18638.457
292.09398 -18903.094
292.09398 -18618.423
292.11058 -18517.221
292.11058 -18520.968
292.12719 -18401.348
292.12719 -18405.103
292.1438 -18530.043
292.1438 -18533.794
292.14934 -18504.026
292.16041 -18177.782
292.16041 -18181.53
292.17702 -18404.611
292.17702 -18408.362
292.19363 -18994.587
292.19363 -18998.329
292.2047 -18417.441
292.21024 -18097.496
292.21024 -18101.231
292.22685 -18750.058
292.22685 -18753.792
292.24346 -18579.795
292.24346 -18583.541
292.26006 -18070.061
292.26006 -18073.802
292.27667 -18577.535
292.27667 -18581.271
292.29328 -18757.375
292.29328 -18761.114
292.30989 -18501.771
292.30989 -18505.514
292.31543 -18338.694
292.3265 -18210.599
292.3265 -18214.341
292.34311 -18602.112
292.34311 -18605.845
292.35972 -18833.18
292.35972 -18836.916
292.37079 -18012.662
292.37633 -18007.252
292.37633 -18010.998
292.39293 -18593.013
292.39293 -18596.756
292.40954 -18590.011
292.40954 -18593.759
292.42615 -18655.285
292.42615 -18659.024
292.44276 -18577.899
292.44276 -18581.636
292.45937 -18479.761
292.45937 -18483.496
292.47598 -18462.445
292.47598 -18466.195
292.48152 -18436.524
292.49259 -18250.211
292.49259 -18253.953
292.5092 -18405.084
292.5092 -18408.819
292.52581 -18182.135
292.52581 -18185.875
292.54241 -18569.953
292.54241 -18573.692
292.55902 -18733.583
292.55902 -18204.064
292.57563 -18573.374
292.57563 -18117.575
292.59224 -18131.27
292.59224 -18134.999
292.60885 -17723.346
292.60885 -17760.378
292.62546 -17514.78
292.62546 -17518.514
292.64207 -17824.051
292.64207 -17827.788
292.65868 -17892.42
292.65868 -17896.155
292.66421 -17923.887
292.67528 -17977.352
292.67528 -17981.087
292.69189 -17819.775
292.69189 -17823.503
292.7085 -17533.454
292.7085 -17537.2
292.71958 -18004.956
292.72511 -17908.754
292.72511 -17912.489
292.74172 -18068.032
292.74172 -18071.767
292.75833 -17754.767
292.75833 -17758.5
292.77494 -17991.053
292.77494 -17994.786
292.79155 -17910.262
292.79155 -17913.996
292.80816 -17539.847
292.80816 -17543.574
292.82476 -17587.117
292.82476 -17590.848
292.8303 -17854.597
292.84137 -17921.25
292.84137 -17924.975
292.85798 -17745.639
292.85798 -17749.348
292.87459 -17336.343
292.87459 -17340.058
292.8912 -17380.733
292.8912 -17174.849
292.90781 -17415.593
292.90781 -17419.314
292.92442 -17501.402
292.92442 -17505.12
292.94103 -17409.586
292.94103 -17413.307
292.94656 -17245.792
292.95764 -17268.451
292.95764 -17272.166
292.97424 -17141.364
292.97424 -17145.078
292.99085 -16895.744
292.99085 -16899.464
293.00193 -17113.006
293.00746 -17463.429
293.00746 -17467.147
293.02407 -17241.289
293.02407 -17244.998
293.04068 -17218.748
293.04068 -17222.46
293.05729 -17646.173
293.05729 -17649.874
293.0739 -17652.772
293.0739 -17656.475
293.09051 -16834.137
293.09051 -16837.836
293.10711 -17259.521
293.10711 -17263.228
293.11265 -17198.235
293.12372 -17474.006
293.12372 -17477.711
293.14033 -17017.097
293.14033 -17020.814
293.15694 -17160.469
293.15694 -17164.174
293.16801 -17525.438
293.17355 -17081.594
293.17355 -17085.293
293.19016 -17481.536
293.19016 -17485.246
293.20677 -17182.124
293.20677 -17185.826
293.22338 -17151.185
293.22338 -17154.889
293.23999 -17345.849
293.23999 -17349.555
293.25659 -17426.755
293.25659 -17430.447
293.2732 -17082.929
293.2732 -17086.633
293.27874 -17018.905
293.28981 -17192.383
293.28981 -17196.102
293.30642 -17325.38
293.30642 -17329.091
293.32303 -17317.232
293.32303 -17320.952
293.3341 -17336.717
293.33964 -17331.102
293.33964 -17334.82
293.35625 -17485.367
293.35625 -17489.093
293.37286 -17398.527
293.37286 -17402.246
293.38946 -17441.967
293.38946 -17445.673
293.40607 -17755.05
293.40607 -17758.76
293.42268 -17482.669
293.42268 -17486.383
293.43929 -17458.785
293.43929 -17462.491
293.44483 -17349.549
293.4559 -17244.598
293.4559 -17248.3
293.47251 -17638.446
293.47251 -17642.16
293.48912 -17112.827
293.48912 -17116.54
293.50019 -17132.941
293.50573 -17280.775
293.50573 -17284.483
293.52234 -17551.352
293.52234 -17555.054
293.53894 -17392.317
293.53894 -17396.026
293.55555 -17267.34
293.55555 -17271.056
293.57216 -17470.1
293.57216 -17473.814
293.58877 -17336.712
293.58877 -17340.419
293.60538 -17698.29
293.60538 -17702.002
293.61092 -17656.045
293.62199 -17651.55
293.62199 -17655.258
293.6386 -17480.887
293.6386 -17484.581
293.65521 -17886.783
293.65521 -17890.483
293.66628 -17411.734
293.67181 -17507.975
293.67181 -17511.675
293.68842 -17672.198
293.68842 -17675.907
293.70503 -17404.234
293.70503 -17407.944
293.72164 -17331.844
293.72164 -17335.558
293.73825 -17648.597
293.73825 -17652.297
293.75486 -17084.15
293.75486 -17087.849
293.77147 -17161.444
293.77147 -17165.146
293.777 -17394.752
293.78808 -17516.121
293.78808 -17519.826
293.80469 -17365.628
293.80469 -17369.337
293.82129 -17479.466
293.82129 -17483.152
293.83237 -17186.849
293.8379 -17363.098
293.8379 -17366.795
293.85451 -17583.42
293.85451 -17587.11
293.87112 -17207.371
293.87112 -17211.076
293.88773 -16826.33
293.88773 -16830.029
293.90434 -17300.932
293.90434 -17304.629
293.92095 -17550.216
293.92095 -17553.912
293.93756 -17218.169
293.93756 -17221.861
293.94309 -17377.28
293.95416 -17509.084
293.95416 -17512.773
293.97077 -17338.021
293.97077 -17341.713
293.98738 -17117.482
293.98738 -17121.178
293.99846 -17136.43
294.00399 -17017.792
294.00399 -17021.494
294.0206 -17346.298
294.0206 -17349.99
294.03721 -17729.394
294.03721 -17733.091
294.05382 -17286.441
294.05382 -17290.142
294.07043 -17471.349
294.07043 -17475.053
294.08704 -17417.069
294.08704 -17420.776
294.10364 -17637.5
294.10364 -17641.197
294.12025 -17287.031
294.12025 -17290.734
294.13686 -17315.562
294.13686 -17319.272
294.15347 -17632.546
294.15347 -17636.244
294.15901 -17314.451
294.17008 -17574.082
294.17008 -17577.782
294.18669 -17766.958
294.18669 -17770.656
294.2033 -17403.561
294.2033 -17407.256
294.21437 -17602.996
294.21991 -17363.017
294.21991 -17366.705
294.23652 -17448.214
294.23652 -17451.902
294.25312 -17202.925
294.25312 -17206.618
294.26973 -17547.831
294.26973 -17551.519
294.28634 -17623.202
294.28634 -17626.892
294.30295 -17598.559
294.30295 -17602.232
294.31956 -17440.391
294.31956 -17444.079
294.3251 -17411.475
294.33617 -17646.5
294.33617 -17650.189
294.35278 -17663.466
294.35278 -17667.158
294.36939 -17568.96
294.36939 -17572.65
294.38046 -17526.566
294.38599 -17307.595
294.38599 -17311.279
294.4026 -17647.026
294.4026 -17650.705
294.41921 -17705.506
294.41921 -17709.203
294.43582 -17629.26
294.43582 -17632.961
294.45243 -17708.908
294.45243 -17712.59
294.46904 -17516.891
294.46904 -17520.568
294.48565 -18102.919
294.48565 -18106.609
294.49118 -17703.058
294.50226 -17519.453
294.50226 -17523.124
294.51887 -17436.907
294.51887 -17440.582
294.53547 -17870.581
294.53547 -17874.26
294.54655 -17800.067
294.55208 -17786.304
294.55208 -17789.985
294.56869 -17373.732
294.56869 -17377.415
294.5853 -17629.012
294.5853 -17632.699
294.60191 -17658.533
294.60191 -17662.221
294.61852 -17373.975
294.61852 -17377.668
294.63513 -17377.332
294.63513 -17381.033
294.65174 -17592.797
294.65174 -17596.495
294.65727 -17226.054
294.66834 -17615.353
294.66834 -17619.054
294.68495 -17523.768
294.68495 -17527.461
294.70156 -17879.758
294.70156 -17883.452
294.71263 -18041.615
294.71817 -17963.338
294.71817 -17967.019
294.73478 -17475.88
294.73478 -17479.571
294.75139 -17994.17
294.75139 -17997.861
294.768 -17672.832
294.768 -17676.522
294.78461 -17486.696
294.78461 -17490.395
294.80122 -17699.964
294.80122 -17703.655
294.81782 -17528.438
294.81782 -17532.13
294.82336 -17547.719
294.83443 -17625.886
294.83443 -17629.57
294.85104 -17730.734
294.85104 -17734.424
294.86765 -17639.372
294.86765 -17643.063
294.87872 -18356.018
294.88426 -17887.783
294.88426 -17891.478
294.90087 -17882.195
294.90087 -17885.887
294.91748 -17841.87
294.91748 -17845.56
294.93409 -17646.638
294.93409 -17650.33
294.95069 -17813.146
294.95069 -17816.828
294.9673 -17892.363
294.9673 -17896.042
294.98391 -17464.905
294.98391 -17468.591
294.98945 -17942.505
295.00052 -17718.722
295.00052 -17722.411
295.01713 -17939.53
295.01713 -17943.216
295.03374 -17939.502
295.03374 -17943.197
295.04481 -17456.688
295.05035 -17888.94
295.05035 -17892.635
295.06696 -17659.965
295.06696 -17663.654
295.08357 -18034.147
295.08357 -18037.831
295.10017 -17825.888
295.10017 -17829.581
295.11678 -17688.703
295.11678 -17692.395
295.13339 -18085.427
295.13339 -18089.119
295.15 -18199.36
295.15 -18203.061
295.15554 -18036.117
295.16661 -17834.766
295.16661 -17838.458
295.18322 -17338.771
295.18322 -17342.455
295.19983 -17877.339
295.19983 -17881.019
295.2109 -17760.881
295.21644 -17907.804
295.21644 -17911.498
295.23304 -17868.8
295.23304 -17872.48
295.24965 -18027.602
295.24965 -18031.288
295.26626 -17856.402
295.26626 -17860.09
295.28287 -17899.178
295.28287 -17902.854
295.29948 -17871.796
295.29948 -17875.497
295.31609 -17761.385
295.31609 -17765.079
295.32163 -18051.459
295.3327 -17688.67
295.3327 -17692.361
295.34931 -18382.056
295.34931 -18385.762
295.36592 -18128.879
295.36592 -18132.579
295.37699 -18004.577
295.38252 -18151.708
295.38252 -18155.398
295.39913 -18185.816
295.39913 -18189.509
295.41574 -17849.63
295.41574 -17853.323
295.43235 -17975.764
295.43235 -17979.461
295.44896 -17809.615
295.44896 -17813.303
295.46557 -17957.584
295.46557 -17961.284
295.48218 -17940.397
295.48218 -17944.1
295.48771 -17946.154
295.49879 -18118.67
295.49879 -18122.362
295.5154 -18198.029
295.5154 -18201.72
295.532 -17899.74
295.532 -17903.426
295.54308 -18481.719
295.54861 -18323.719
295.54861 -18327.424
295.56522 -18059.418
295.56522 -18063.104
295.58183 -18152.335
295.58183 -18156.033
295.59844 -18206.755
295.59844 -18210.446
295.61505 -18399.796
295.61505 -18403.473
295.63166 -18301.032
295.63166 -18304.712
295.64827 -18131.292
295.64827 -18134.957
295.6538 -18364.004
295.66487 -18578.441
295.66487 -18582.119
295.68148 -18194.666
295.68148 -18198.35
295.69809 -18042.101
295.69809 -18045.775
295.70916 -18388.655
295.7147 -18513.868
295.7147 -18517.551
295.73131 -18121.102
295.73131 -18124.782
295.74792 -18097.545
295.74792 -18101.219
295.76453 -18242.844
295.76453 -18246.527
295.78114 -18154.365
295.78114 -18158.053
295.79775 -17973.797
295.79775 -17977.484
295.81435 -18207.789
295.81435 -18211.476
295.81989 -18247.478
295.83096 -18795.923
295.83096 -18799.593
295.84757 -18505.033
295.84757 -18508.72
295.86418 -18195.089
295.86418 -18198.754
295.87525 -18459.151
295.88079 -18230.329
295.88079 -18234.004
295.8974 -18249.102
295.8974 -18252.776
295.91401 -18519.946
295.91401 -18523.647
295.93062 -18077.881
295.93062 -18081.559
295.94722 -17928.706
295.94722 -17932.383
295.96383 -18245.268
295.96383 -18248.964
295.98044 -18330.106
295.98044 -18333.774
295.98598 -18128.802
295.99705 -18076.398
295.99705 -18080.068
296.01366 -18432.675
296.01366 -18436.345
296.03027 -18477.365
296.03027 -18481.037
296.04134 -18209.933
296.04688 -18429.46
296.04688 -18433.131
296.06349 -18296.956
296.06349 -18300.633
296.0801 -18404.357
296.0801 -18408.021
296.0967 -18494.92
296.0967 -18498.593
296.11331 -18297.038
296.11331 -18300.716
296.12992 -18453.808
296.12992 -18457.484
296.14653 -18677.78
296.14653 -18681.457
296.15207 -18295.763
296.16314 -18304.477
296.16314 -18308.15
296.17975 -18336.208
296.17975 -18339.885
296.19636 -17983.822
296.19636 -17987.492
296.20743 -18299.93
296.21297 -18130.396
296.21297 -18134.065
296.22957 -18781.877
296.22957 -18785.545
296.24618 -18130.194
296.24618 -18133.871
296.26279 -18349.384
296.26279 -18353.062
296.2794 -18653.335
296.2794 -18657.01
296.29601 -18474.146
296.29601 -18477.825
296.31262 -18307.053
296.31262 -18310.726
296.31816 -18213.281
296.32923 -18290.865
296.32923 -18294.533
296.34584 -18525.271
296.34584 -18528.942
296.36245 -18596.243
296.36245 -18599.935
296.37352 -18329.226
296.37905 -18745.438
296.37905 -18749.107
296.39566 -18513.54
296.39566 -18517.21
296.41227 -18463.073
296.41227 -18466.747
296.42888 -18293.417
296.42888 -18297.091
296.44549 -18490.585
296.44549 -18494.251
296.4621 -18534.742
296.4621 -18538.416
296.47871 -18467.63
296.47871 -18471.304
296.48424 -18606.091
296.49532 -18377.333
296.49532 -18380.997
296.51192 -18506.129
296.51192 -18509.79
296.52853 -18181.677
296.52853 -18185.349
296.53961 -18543.851
296.54514 -18627.104
296.54514 -18630.775
296.56175 -18611.118
296.56175 -18614.783
296.57836 -18399.498
296.57836 -18403.162
296.59497 -18599.63
296.59497 -18603.284
296.61158 -18749.018
296.61158 -18752.681
296.62819 -18531.4
296.62819 -18535.057
296.6448 -18654.942
296.6448 -18658.605
296.65033 -18738.124
296.6614 -18491.206
296.6614 -18494.88
296.67801 -18623.586
296.67801 -18627.259
296.69462 -18510.225
296.69462 -18513.891
296.70569 -18656.066
296.71123 -18483.495
296.71123 -18487.178
296.72784 -18681.128
296.72784 -18684.79
296.74445 -18545.088
296.74445 -18548.762
296.76106 -18889.108
296.76106 -18892.776
296.77767 -18537.173
296.77767 -18540.831
296.79428 -18538.457
296.79428 -18542.121
296.81088 -18887.106
296.81088 -18890.778
296.81642 -18669.959
296.82749 -18504.706
296.82749 -18508.376
296.8441 -18678.999
296.8441 -18682.667
296.86071 -18932.705
296.86071 -18936.377
296.87178 -18806.724
296.87732 -18879.928
296.87732 -18883.603
296.89393 -18801.021
296.89393 -18804.703
296.91054 -18397.032
296.91054 -18400.693
296.92715 -18975.202
296.92715 -18978.87
296.94375 -18699.329
296.94375 -18702.992
296.96036 -18544.712
296.96036 -18548.388
296.97697 -18656.346
296.97697 -18660.02
296.98251 -18680.745
296.99358 -18680.637
296.99358 -18684.311
297.01019 -18341.4
297.01019 -18345.073
297.0268 -18608.538
297.0268 -18612.224
297.03787 -18877.674
297.04341 -18911.35
297.04341 -18915.024
297.06002 -18878.695
297.06002 -18882.371
297.07663 -19009.728
297.07663 -19013.404
297.09323 -18982.965
297.09323 -18986.641
297.10984 -18844.711
297.10984 -18848.397
297.12645 -19083.691
297.12645 -19087.381
297.14306 -18709.762
297.14306 -18713.442
297.1486 -18666.142
297.15967 -19140.362
297.15967 -19144.037
297.17628 -18744.185
297.17628 -18747.866
297.19289 -18977.898
297.19289 -18981.563
297.20396 -18873.544
297.2095 -19172.302
297.2095 -19175.969
297.2261 -18721.613
297.2261 -18725.287
297.24271 -19170.433
297.24271 -19174.091
297.25932 -19342.14
297.25932 -19345.807
297.27593 -19098.873
297.27593 -19102.53
297.28147 -19004.746
297.29254 -18858.131
297.29254 -18861.788
297.30915 -18556.347
297.30915 -18560.009
297.32576 -19114.289
297.32576 -19117.953
297.33683 -18715.536
297.34237 -18878.6
297.34237 -18882.267
297.35898 -18842.628
297.35898 -18846.292
297.37558 -18791.744
297.37558 -18795.426
297.39219 -19010.738
297.39219 -19014.407
297.4088 -19389.617
297.4088 -19393.287
297.42541 -18918.857
297.42541 -18922.522
297.44202 -18820.962
297.44202 -18824.632
297.44756 -19412.091
297.45863 -18756.768
297.45863 -18760.43
297.47524 -18720.255
297.47524 -18723.916
297.49185 -18915.138
297.49185 -18918.804
297.50292 -18886.862
297.50845 -18943.158
297.50845 -18946.816
297.52506 -18721.147
297.52506 -18724.814
297.54167 -18891.415
297.54167 -18895.084
297.55828 -19411.205
297.55828 -19414.87
297.57489 -19181.46
297.57489 -19185.134
297.5915 -19004.601
297.5915 -19008.27
297.60811 -19205.22
297.60811 -19208.881
297.61364 -18904.033
297.62472 -19131.873
297.62472 -19135.544
297.64133 -19216.013
297.64133 -19219.683
297.65793 -19310.253
297.65793 -19313.924
297.66901 -18949.617
297.67454 -19025.221
297.67454 -19028.892
297.69115 -18793.964
297.69115 -18797.636
297.70776 -18992.204
297.70776 -18995.883
297.72437 -19366.307
297.72437 -19369.964
297.74098 -19320.232
297.74098 -19323.886
297.75759 -19268.919
297.75759 -19272.578
297.7742 -19117.306
297.7742 -19120.967
297.77973 -19138.528
297.7908 -19305.858
297.7908 -19309.517
297.80741 -19234.568
297.80741 -19238.223
297.82402 -19156.632
297.82402 -19113.812
297.84063 -18992.908
297.84063 -18996.576
297.85724 -19311.753
297.85724 -19315.418
297.87385 -18963.69
297.87385 -18967.355
297.87939 -18974.053
297.89046 -19244.919
297.89046 -19042.625
297.90707 -19141.11
297.90707 -19144.769
297.92368 -19018.065
297.92368 -19021.725
297.94028 -18701.018
297.94028 -18704.699
297.94582 -19018.502
297.95689 -19131.839
297.95689 -19135.519
297.9735 -18982.941
297.9735 -18986.606
297.99011 -18831.299
297.99011 -18834.96
298.00118 -18804.201
298.00672 -19171.618
298.00672 -19175.283
298.02333 -18640.083
298.02333 -18643.761
298.03994 -19005.075
298.03994 -19008.739
298.05655 -18849.248
298.05655 -18852.908
298.07316 -19001.579
298.07316 -19005.248
298.08976 -19000.974
298.08976 -19004.636
298.10637 -18851.037
298.10637 -18854.695
298.11191 -18611.777
298.12298 -18729.714
298.12298 -18733.369
298.13959 -18817.965
298.13959 -18821.628
298.1562 -19334.836
298.1562 -19338.497
298.16727 -18986.301
298.17281 -19069.811
298.17281 -19073.457
298.18942 -18684.691
298.18942 -18688.344
298.20603 -19069.887
298.20603 -19073.546
298.22263 -18881.328
298.22263 -18884.984
298.23924 -19009.44
298.23924 -19013.088
298.25585 -18594.714
298.25585 -18598.357
298.27246 -18809.386
298.27246 -18813.042
298.278 -18720.502
298.28907 -18597.452
298.28907 -18601.1
298.30568 -18691.705
298.30568 -18695.351
298.32229 -19186.132
298.32229 -19189.781
298.33336 -18939.554
298.3389 -18744.597
298.3389 -18748.238
298.35551 -18771.248
298.35551 -18774.902
298.37211 -18858.961
298.37211 -18862.606
298.38872 -18692.429
298.38872 -18696.089
298.40533 -19025.756
298.40533 -19029.409
298.42194 -19026.524
298.42194 -19030.167
298.43855 -19194.546
298.43855 -19198.202
298.44409 -18921.456
298.45516 -19102.719
298.45516 -19106.37
298.47177 -18903.556
298.47177 -18907.211
298.48838 -19067.14
298.48838 -19070.794
298.49945 -18963.077
298.50498 -18696.865
298.50498 -18700.521
298.52159 -18787.61
298.52159 -18791.259
298.5382 -19034.502
298.5382 -19038.159
298.55481 -18711.668
298.55481 -18715.333
298.57142 -19146.504
298.57142 -18639.787
298.58803 -19305.903
298.58803 -19309.573
298.60464 -19152.619
298.60464 -19156.268
298.62125 -18911.374
298.62125 -18915.032
298.62678 -18702.713
298.63786 -18734.825
298.63786 -18738.482
298.65446 -19022.253
298.65446 -19025.909
298.67107 -18670.536
298.67107 -18674.193
298.68215 -18509.411
298.68768 -18422.334
298.68768 -18425.995
298.70429 -18750.679
298.70429 -18754.341
298.7209 -18679.268
298.7209 -18894.454
298.73751 -18450.372
298.73751 -18169.474
298.75412 -18552.389
298.75412 -18059.518
298.77073 -18484.911
298.77073 -18488.557
298.78733 -18196.469
298.78733 -18200.107
298.80394 -17895.251
298.80394 -17898.893
298.80948 -17912.554
298.82055 -18284.543
298.82055 -18288.192
298.83716 -18080.568
298.83716 -18084.205
298.85377 -17735.006
298.85377 -17645.918
298.87038 -17497.792
298.87038 -17501.435
298.88699 -17671.654
298.88699 -17675.294
298.9036 -18107.07
298.9036 -18110.699
298.90913 -17803.076
298.92021 -17426.306
298.92021 -17429.944
298.93681 -17530.13
298.93681 -17533.767
298.95342 -17287.879
298.95342 -17291.533
298.9645 -17588.838
298.97003 -17506.798
298.97003 -17510.438
298.98664 -17423.172
298.98664 -17426.809
299.00325 -17885.945
299.00325 -17889.573
299.01986 -17878.526
299.01986 -17882.168
299.03647 -17230.268
299.03647 -17233.903
299.05308 -17755.118
299.05308 -17758.744
299.06968 -17742.65
299.06968 -17746.283
299.07522 -17336.134
299.08629 -17230.904
299.08629 -17234.549
299.1029 -17552.367
299.1029 -17555.991
299.11951 -17126.159
299.11951 -17129.784
299.13058 -17266.23
299.13612 -17505.363
299.13612 -17508.979
299.15273 -17609.737
299.15273 -17613.362
299.16934 -17757.466
299.16934 -17761.088
299.18595 -17619.764
299.18595 -17623.399
299.20256 -17425.625
299.20256 -17429.247
299.21916 -17265.043
299.21916 -17268.669
299.23577 -17234.598
299.23577 -17111.788
299.25238 -17064.053
299.25238 -17067.68
299.26899 -16747.557
299.26899 -16751.181
299.2856 -16791.855
299.2856 -16795.481
299.29114 -17242.705
299.30221 -16825.891
299.30221 -16829.525
299.31882 -17176.006
299.31882 -17179.629
299.33543 -16876.301
299.33543 -16879.935
299.3465 -17156.229
299.35203 -17102.307
299.35203 -17105.92
299.36864 -17304.157
299.36864 -16873.991
299.38525 -17158.142
299.38525 -17161.764
299.40186 -17265.716
299.40186 -17269.341
299.41847 -16836.749
299.41847 -16840.364
299.42401 -16680.78
299.43508 -16645.893
299.43508 -16649.499
299.45169 -17052.272
299.45169 -17055.887
299.4683 -16706.387
299.4683 -16710.001
299.47937 -17171.429
299.48491 -16568.165
299.48491 -16571.773
299.50151 -16609.571
299.50151 -16613.179
299.51812 -16590.303
299.51812 -16593.915
299.53473 -16586.878
299.53473 -16590.494
299.55134 -16793.018
299.55134 -16796.633
299.56795 -16847.945
299.56795 -16851.568
299.58456 -16805.715
299.58456 -16809.325
299.59009 -16925.272
299.60117 -17156.076
299.60117 -17159.699
299.61778 -16855.675
299.61778 -16859.292
299.63439 -16716.333
299.63439 -16719.944
299.64546 -16725.099
299.65099 -16816.248
299.65099 -16819.865
299.6676 -16963.095
299.6676 -16966.716
299.68421 -16655.078
299.68421 -16658.706
299.70082 -16579.832
299.70082 -16583.444
299.71743 -16825.164
299.71743 -16828.778
299.73404 -16615.978
299.73404 -16619.591
299.75065 -16619.842
299.75065 -16623.447
299.75618 -16728.478
299.76726 -16551.04
299.76726 -16554.639
299.78386 -16721.754
299.78386 -16725.358
299.80047 -16348.785
299.80047 -16352.379
299.81155 -16746.64
299.81708 -16558.737
299.81708 -16562.335
299.83369 -16975.098
299.83369 -16725.369
299.8503 -16330.667
299.8503 -16334.265
299.86691 -16044.708
299.86691 -16048.303
299.88352 -16646.83
299.88352 -16014.433
299.90013 -16218.003
299.90013 -16221.604
299.91674 -16284.768
299.91674 -16288.357
299.93334 -16205.847
299.93334 -16209.432
299.93888 -16118.559
299.94995 -16122.709
299.94995 -16126.299
299.96656 -16044.767
299.96656 -16048.363
299.98317 -16090.02
299.98317 -16093.606
299.99424 -16160.891
299.99978 -16179.255
299.99978 -16182.838
300.01639 -15848.403
300.01639 -15851.996
300.033 -16144.677
300.033 -16148.263
300.04961 -16192.733
300.04961 -16196.322
300.06621 -16294.178
300.06621 -16297.756
300.08282 -16206.016
300.08282 -16209.604
300.09943 -15580.937
300.09943 -15584.521
300.10497 -16012.94
300.11604 -15787.72
300.11604 -15791.301
300.13265 -16012.771
300.13265 -16016.362
300.14926 -16182.359
300.14926 -16185.945
300.16033 -15906.714
300.16587 -16061.848
300.16587 -16065.436
300.18248 -16083.36
300.18248 -16086.926
300.19909 -16252.037
300.19909 -16255.617
300.21569 -16343.334
300.21569 -16346.917
300.2323 -16087.69
300.2323 -16091.263
300.24891 -15917.489
300.24891 -15781.936
300.26552 -15678.797
300.26552 -15682.38
300.28213 -16279.932
300.28213 -16283.5
300.29874 -15983.544
300.29874 -15987.114
300.30427 -15726.091
300.31535 -15408.137
300.31535 -15411.71
300.33196 -16136.118
300.33196 -16139.689
300.34856 -16055.885
300.34856 -16059.455
300.35964 -15609.961
300.36517 -15916.231
300.36517 -15919.801
300.38178 -15722.013
300.38178 -15725.588
300.39839 -15952.0
300.39839 -15955.57
300.415 -15685.071
300.415 -15688.648
300.43161 -15697.325
300.43161 -15700.902
300.44822 -15654.096
300.44822 -15657.662
300.46483 -15785.263
300.46483 -15788.833
300.47036 -15687.445
300.48144 -15835.05
300.48144 -15838.618
300.49804 -15313.173
300.49804 -15316.734
300.51465 -15545.281
300.51465 -15548.855
300.52573 -15471.33
300.53126 -15683.504
300.53126 -15687.076
300.54787 -15437.595
300.54787 -15441.17
300.56448 -15551.063
300.56448 -15554.634
300.58109 -15811.763
300.58109 -15815.334
300.5977 -15818.401
300.5977 -15821.981
300.61431 -15961.876
300.61431 -15965.436
300.63091 -16016.856
300.63091 -16020.416
300.63645 -15658.349
300.64752 -16175.127
300.64752 -16178.688
300.66413 -15755.775
300.66413 -15759.339
300.68074 -15258.341
300.68074 -15261.901
300.69181 -16095.722
300.69735 -15585.562
300.69735 -15589.134
300.71396 -15315.027
300.71396 -15318.598
300.73057 -15887.929
300.73057 -15891.501
300.74718 -15687.785
300.74718 -15691.346
300.76379 -15842.727
300.76379 -15846.286
300.78039 -16056.881
300.78039 -16060.447
300.797 -15660.33
300.797 -15663.891
300.80254 -15855.026
300.81361 -15970.711
300.81361 -15974.271
300.83022 -16192.456
300.83022 -16196.004
300.84683 -15840.825
300.84683 -15844.38
300.8579 -15745.29
300.86344 -15737.539
300.86344 -15741.099
300.88005 -15548.07
300.88005 -15551.625
300.89666 -15840.027
300.89666 -15843.582
300.91327 -15597.297
300.91327 -15600.854
300.92987 -15564.721
300.92987 -15568.28
300.94648 -15787.584
300.94648 -15791.143
300.96309 -15835.111
300.96309 -15838.67
300.96863 -15848.976
300.9797 -15640.433
300.9797 -15643.982
300.99631 -15651.083
300.99631 -15654.644
301.01292 -15906.673
301.01292 -15910.218
301.02399 -15545.895
301.02953 -15753.67
301.02953 -15757.218
301.04614 -16119.616
301.04614 -16123.179
301.06274 -15996.98
301.06274 -16000.542
301.07935 -15774.567
301.07935 -15778.111
301.09596 -15808.387
301.09596 -15811.944
301.11257 -15851.01
301.11257 -15854.568
301.12918 -15821.373
301.12918 -15824.941
301.13472 -15650.592
301.14579 -15636.122
301.14579 -15639.683
301.1624 -15462.198
301.1624 -15465.766
301.17901 -15780.501
301.17901 -15784.075
301.19008 -15684.427
301.19562 -15909.202
301.19562 -15912.762
301.21222 -15890.422
301.21222 -15893.993
301.22883 -16038.437
301.22883 -16042.002
301.24544 -15939.898
301.24544 -15943.455
301.26205 -15945.082
301.26205 -15948.644
301.27866 -15543.491
301.27866 -15547.052
301.29527 -16060.092
301.29527 -16063.655
301.3008 -16015.649
301.31188 -15998.417
301.31188 -16001.983
301.32849 -15949.005
301.32849 -15952.563
301.34509 -15752.728
301.34509 -15756.293
301.35617 -15932.073
301.3617 -15896.568
301.3617 -15900.133
301.37831 -16309.62
301.37831 -16313.18
301.39492 -16087.498
301.39492 -16091.051
301.41153 -16097.663
301.41153 -16101.218
301.42814 -15768.155
301.42814 -15771.72
301.44475 -15817.477
301.44475 -15821.048
301.46136 -15499.527
301.46136 -15503.074
301.46689 -15836.984
301.47797 -15818.253
301.47797 -15821.804
301.49457 -16087.021
301.49457 -16090.575
301.51118 -15841.953
301.51118 -15845.515
301.52226 -15754.627
301.52779 -15842.376
301.52779 -15845.926
301.5444 -16211.831
301.5444 -16215.395
301.56101 -15582.713
301.56101 -15586.273
301.57762 -15619.997
301.57762 -15623.548
301.59423 -16035.201
301.59423 -16038.737
301.61084 -16056.432
301.61084 -16059.98
301.62744 -16083.094
301.62744 -16086.632
301.63298 -16056.233
301.64405 -16081.869
301.64405 -16085.417
301.66066 -15979.758
301.66066 -15983.308
301.67727 -15665.77
301.67727 -15669.318
301.68834 -16043.039
301.69388 -15930.209
301.69388 -15933.761
301.71049 -16251.88
301.71049 -16255.43
301.7271 -15913.445
301.7271 -15916.995
301.74371 -15883.947
301.74371 -15887.486
301.76032 -15847.965
301.76032 -15851.509
301.77692 -16191.426
301.77692 -16194.979
301.79353 -16033.312
301.79353 -16036.852
301.79907 -16008.062
301.81014 -15563.812
301.81014 -15567.362
301.82675 -16262.143
301.82675 -16265.682
301.84336 -16145.16
301.84336 -16148.71
301.85443 -16267.766
301.85997 -15924.755
301.85997 -15928.302
301.87658 -16103.705
301.87658 -15726.274
301.89319 -15730.271
301.89319 -15733.823
301.90979 -15859.834
301.90979 -15863.39
301.9264 -15932.101
301.9264 -15935.638
301.93194 -15910.017
301.94301 -15926.454
301.94301 -15929.969
301.95962 -16113.42
301.95962 -16116.964
301.97623 -15856.876
301.97623 -15860.415
301.9873 -15509.735
301.99284 -16016.92
301.99284 -16020.456
302.00945 -15904.191
302.00945 -15907.737
302.02606 -15900.561
302.02606 -15904.11
302.04267 -15829.514
302.04267 -15833.056
302.05927 -15601.105
302.05927 -15604.643
302.07588 -16115.648
302.07588 -16119.176
302.09249 -15932.477
302.09249 -15936.015
302.09803 -15730.225
302.1091 -15610.529
302.1091 -15614.066
302.12571 -15761.187
302.12571 -15764.723
302.14232 -15871.684
302.14232 -15875.225
302.15339 -15783.569
302.15893 -15921.888
302.15893 -15925.434
302.17554 -15909.477
302.17554 -15913.008
302.19215 -15518.581
302.19215 -15522.126
302.20875 -15665.464
302.20875 -15669.014
302.22536 -15910.318
302.22536 -15913.863
302.24197 -15900.892
302.24197 -15904.435
302.25858 -16086.69
302.25858 -16090.232
302.26412 -15726.781
302.27519 -15622.47
302.27519 -15626.021
302.2918 -15398.318
302.2918 -15401.867
302.30841 -15726.97
302.30841 -15730.513
302.31948 -16034.78
302.32502 -15839.821
302.32502 -15843.364
302.34162 -15820.07
302.34162 -15823.613
302.35823 -16146.522
302.35823 -16150.063
302.37484 -15970.913
302.37484 -15974.455
302.39145 -15703.368
302.39145 -15706.911
302.40806 -15680.269
302.40806 -15683.797
302.42467 -15824.75
302.42467 -15828.293
302.43021 -15799.665
302.44128 -15718.346
302.44128 -15721.892
302.45789 -15718.634
302.45789 -15722.175
302.4745 -16077.61
302.4745 -16081.147
302.48557 -16015.494
302.4911 -16215.786
302.4911 -16219.327
302.50771 -16066.076
302.50771 -16069.611
302.52432 -15990.161
302.52432 -15993.698
302.54093 -16368.121
302.54093 -16371.664
302.55754 -15951.609
302.55754 -15955.139
302.57415 -15921.515
302.57415 -15925.043
302.59076 -16117.911
302.59076 -16121.453
302.59629 -15965.056
302.60737 -15907.245
302.60737 -15910.777
302.62397 -15833.67
302.62397 -15837.193
302.64058 -15734.835
302.64058 -15912.073
302.65719 -15891.534
302.65719 -15895.076
302.6738 -15803.113
302.6738 -15806.647
302.69041 -15964.099
302.69041 -15967.63
302.69595 -15672.783
302.70702 -15726.525
302.70702 -15730.072
302.72363 -15739.144
302.72363 -15742.67
302.74024 -15903.078
302.74024 -15906.607
302.75131 -15611.995
302.75685 -15414.179
302.75685 -15417.709
302.77345 -15977.724
302.77345 -15981.259
302.79006 -16007.98
302.79006 -16011.505
302.80667 -15776.139
302.80667 -15779.678
302.82328 -16055.075
302.82328 -16058.601
302.83989 -16016.32
302.83989 -16019.848
302.8565 -15898.119
302.8565 -15901.646
302.86203 -16071.744
302.87311 -15668.31
302.87311 -15671.841
302.88972 -15707.931
302.88972 -15711.465
302.90632 -15910.982
302.90632 -15914.507
302.9174 -15609.01
302.92293 -15791.927
302.92293 -15795.455
302.93954 -15870.102
302.93954 -15873.622
302.95615 -15942.707
302.95615 -15946.24
302.97276 -15969.663
302.97276 -15973.183
302.98937 -16054.908
302.98937 -16058.429
303.00598 -15903.898
303.00598 -15907.415
303.02259 -15849.004
303.02259 -15852.518
303.02812 -15695.994
303.0392 -16003.977
303.0392 -16007.498
303.0558 -15568.353
303.0558 -15571.881
303.07241 -15998.596
303.07241 -16002.118
303.08349 -16132.871
303.08902 -16080.338
303.08902 -16083.864
303.10563 -16177.186
303.10563 -16180.718
303.12224 -15853.197
303.12224 -15856.724
303.13885 -15919.781
303.13885 -15923.305
303.15546 -16104.873
303.15546 -16108.406
303.17207 -15893.738
303.17207 -15897.268
303.18867 -16178.759
303.18867 -16182.294
303.19421 -16166.71
303.20528 -15999.212
303.20528 -16002.742
303.22189 -16014.549
303.22189 -16018.081
303.2385 -16099.194
303.2385 -16102.729
303.24957 -15976.647
303.25511 -15625.048
303.25511 -15628.57
303.27172 -15606.433
303.27172 -15609.97
303.28833 -15776.159
303.28833 -15779.691
303.30494 -15524.436
303.30494 -15527.974
303.32155 -15998.512
303.32155 -16002.049
303.33815 -15559.405
303.33815 -15562.944
303.35476 -15879.571
303.35476 -15883.109
303.3603 -16132.323
303.37137 -15727.661
303.37137 -15731.203
303.38798 -15533.745
303.38798 -15537.271
303.40459 -15904.285
303.40459 -15907.825
303.41566 -15895.647
303.4212 -15730.887
303.4212 -15734.416
303.43781 -16147.411
303.43781 -16150.946
303.45442 -15549.439
303.45442 -15552.977
303.47103 -16151.056
303.47103 -16154.586
303.48763 -15969.02
303.48763 -15972.542
303.50424 -15887.161
303.50424 -15890.686
303.52085 -16326.711
303.52085 -16330.246
303.52639 -16016.473
303.53746 -15539.628
303.53746 -15543.155
303.55407 -15652.488
303.55407 -15841.574
303.57068 -16029.566
303.57068 -16033.09
303.58729 -15503.839
303.58729 -15507.359
303.6039 -15783.535
303.6039 -15787.063
303.60943 -16025.571
303.6205 -15840.383
303.6205 -15843.9
303.63711 -15584.528
303.63711 -15588.046
303.65372 -15744.477
303.65372 -15747.995
303.66479 -15743.885
303.67033 -15752.734
303.67033 -15756.258
303.68694 -15634.496
303.68694 -15638.015
303.70355 -15415.808
303.70355 -15419.332
303.72016 -15744.419
303.72016 -15747.952
303.73677 -15721.571
303.73677 -15725.093
303.75338 -15209.45
303.75338 -15212.979
303.76998 -15621.082
303.76998 -15624.599
303.77552 -16116.557
303.78659 -15684.589
303.78659 -15688.117
303.8032 -15885.091
303.8032 -15888.606
303.81981 -15657.589
303.81981 -15661.093
303.83088 -15399.018
303.83642 -15600.713
303.83642 -15604.228
303.85303 -15843.914
303.85303 -15847.444
303.86964 -15439.327
303.86964 -15442.842
303.88625 -15700.259
303.88625 -15703.786
303.90285 -15434.333
303.90285 -15437.846
303.91946 -15245.378
303.91946 -15248.902
303.93607 -15678.641
303.93607 -15682.16
303.94161 -15560.109
303.95268 -15503.677
303.95268 -15507.191
303.96929 -15850.066
303.96929 -15853.591
303.9859 -15548.496
303.9859 -15551.994
303.99697 -15943.262
304.00251 -15898.298
304.00251 -15901.809
304.01912 -15870.012
304.01912 -15873.523
304.03573 -15451.487
304.03573 -15454.999
304.05233 -15476.945
304.05233 -15480.459
304.06894 -15576.093
304.06894 -15579.607
304.08555 -15979.292
304.08555 -15982.802
304.10216 -15552.215
304.10216 -15555.713
304.1077 -15637.61
304.11877 -15527.461
304.11877 -15530.966
304.13538 -15870.951
304.13538 -15874.466
304.15199 -15197.757
304.15199 -15201.275
304.16306 -15416.866
304.1686 -15545.986
304.1686 -15549.493
304.1852 -15689.281
304.1852 -15692.796
304.20181 -15732.87
304.20181 -15736.378
304.21842 -15447.023
304.21842 -15450.514
304.23503 -15546.559
304.23503 -15550.05
304.25164 -16223.724
304.25164 -16227.218
304.26825 -15619.77
304.26825 -15623.267
304.27379 -15939.494
304.28486 -15479.645
304.28486 -15483.145
304.30147 -15706.297
304.30147 -15709.792
304.31808 -16308.198
304.31808 -16311.689
304.32915 -15853.308
304.33468 -15758.4
304.33468 -15761.888
304.35129 -15348.546
304.35129 -15352.035
304.3679 -15709.187
304.3679 -15712.69
304.38451 -15775.452
304.38451 -15778.945
304.40112 -15561.945
304.40112 -15565.44
304.41773 -15830.871
304.41773 -15834.358
304.43434 -15640.702
304.43434 -15644.191
304.43987 -15735.592
304.45095 -15731.708
304.45095 -15735.194
304.46755 -16047.942
304.46755 -16051.424
304.48416 -15645.636
304.48416 -15649.13
304.49524 -15641.742
304.50077 -15696.466
304.50077 -15699.95
304.51738 -15684.068
304.51738 -15687.57
304.53399 -15432.069
304.53399 -15435.576
304.5506 -15645.558
304.5506 -15649.055
304.56721 -15817.461
304.56721 -15820.962
304.58382 -15631.725
304.58382 -15635.23
304.60043 -16006.579
304.60043 -16010.082
304.60596 -15885.075
304.61703 -15886.483
304.61703 -15889.98
304.63364 -15737.892
304.63364 -15741.408
304.65025 -15490.943
304.65025 -15494.44
304.66132 -15931.712
304.66686 -15589.031
304.66686 -15592.526
304.68347 -15913.942
304.68347 -15917.431
304.70008 -15666.521
304.70008 -15670.011
304.71669 -15507.497
304.71669 -15510.995
304.7333 -15749.588
304.7333 -15753.09
304.74991 -16129.201
304.74991 -16132.7
304.76651 -16035.418
304.76651 -16038.907
304.77205 -15943.392
304.78312 -15580.575
304.78312 -15584.065
304.79973 -15851.519
304.79973 -15855.003
304.81634 -15808.545
304.81634 -15812.027
304.82741 -15795.675
304.83295 -15761.183
304.83295 -15764.665
304.84956 -15948.388
304.84956 -15951.89
304.86617 -15699.382
304.86617 -15702.869
304.88278 -16097.253
304.88278 -16100.751
304.89938 -16023.63
304.89938 -16027.126
304.91599 -16157.914
304.91599 -16161.41
304.9326 -15625.449
304.9326 -15628.957
304.93814 -15770.89
304.94921 -15879.722
304.94921 -15883.218
304.96582 -16151.581
304.96582 -16155.069
304.98243 -15929.847
304.98243 -15933.349
304.9935 -15974.934
304.99904 -16038.512
304.99904 -16041.999
305.01565 -15943.346
305.01565 -15946.842
305.03226 -15771.091
305.03226 -15774.588
305.04886 -15541.541
305.04886 -15545.038
305.06547 -15917.974
305.06547 -15921.469
305.08208 -15936.85
305.08208 -15940.351
305.09869 -15989.0
305.09869 -15992.499
305.1153 -15931.809
305.1153 -15804.401
305.13191 -15536.29
305.13191 -15729.982
305.14852 -15497.522
305.14852 -15485.499
305.16513 -15449.2
305.16513 -15452.698
305.18173 -15219.902
305.18173 -15223.389
305.19834 -15211.912
305.19834 -15215.388
305.20388 -15221.22
305.21495 -15284.624
305.21495 -15288.108
305.23156 -15364.364
305.23156 -15367.854
305.24817 -15437.745
305.24817 -15441.221
305.25924 -15247.144
305.26478 -15224.316
305.26478 -15227.789
305.28139 -15058.697
305.28139 -15062.179
305.298 -15465.532
305.298 -15469.016
305.31461 -15111.347
305.31461 -15114.825
305.33121 -15197.891
305.33121 -15201.377
305.34782 -15333.984
305.34782 -15337.471
305.36443 -15383.573
305.36443 -15387.058
305.36997 -15455.145
305.38104 -15357.806
305.38104 -15361.276
305.39765 -15075.192
305.39765 -15078.666
305.41426 -15427.08
305.41426 -15430.555
305.42533 -15178.138
305.43087 -15349.566
305.43087 -15353.035
305.44748 -14962.637
305.44748 -14966.108
305.46408 -15448.712
305.46408 -15452.188
305.48069 -15784.363
305.48069 -15787.835
305.4973 -15328.365
305.4973 -15331.837
305.51391 -15298.414
305.51391 -15301.893
305.53052 -15347.64
305.53052 -15351.116
305.53606 -15351.129
305.54713 -15432.032
305.54713 -15435.515
305.56374 -15113.775
305.56374 -15117.25
305.58035 -15570.956
305.58035 -15574.437
305.59142 -14863.3
305.59696 -15028.894
305.59696 -15032.376
305.61356 -15380.318
305.61356 -15383.793
305.63017 -15404.129
305.63017 -15407.603
305.64678 -15188.117
305.64678 -15191.584
305.66339 -15377.563
305.66339 -15381.029
305.68 -15404.431
305.68 -15407.905
305.69661 -15213.061
305.69661 -15216.547
305.70214 -15244.708
305.71322 -15293.172
305.71322 -15296.651
305.72983 -15113.786
305.72983 -15117.266
305.74643 -15028.824
305.74643 -15032.31
305.75751 -15405.705
305.76304 -15415.212
305.76304 -15418.692
305.77965 -15282.305
305.77965 -15285.788
305.79626 -15645.067
305.79626 -15368.786
305.81287 -15164.965
305.81287 -14642.159
305.82948 -14246.527
305.82948 -14250.012
305.84609 -14179.849
305.84609 -14183.324
305.8627 -14708.044
305.8627 -14711.521
305.86823 -14716.066
305.87931 -14316.31
305.87931 -14319.782
305.89591 -14601.695
305.89591 -14605.167
305.91252 -14781.572
305.91252 -14785.043
305.9236 -14715.228
305.92913 -14653.408
305.92913 -14656.882
305.94574 -14854.252
305.94574 -14857.734
305.96235 -14864.452
305.96235 -14867.928
305.97896 -14433.324
305.97896 -14436.796
305.99557 -14575.43
305.99557 -14578.901
306.01218 -14744.144
306.01218 -14747.609
306.02879 -14787.79
306.02879 -14791.275
306.03432 -14645.852
306.04539 -14520.376
306.04539 -14523.846
306.062 -14395.801
306.062 -14399.261
306.07861 -14599.951
306.07861 -14603.412
306.08968 -14756.104
306.09522 -14820.136
306.09522 -14823.609
306.11183 -14618.93
306.11183 -14622.397
306.12844 -14388.983
306.12844 -14392.445
306.14505 -14626.355
306.14505 -14629.822
306.16166 -14685.176
306.16166 -14688.637
306.17826 -14364.36
306.17826 -14367.825
306.19487 -14740.253
306.19487 -14743.714
306.20041 -14775.737
306.21148 -14565.8
306.21148 -14569.265
306.22809 -14535.472
306.22809 -14538.954
306.2447 -14716.064
306.2447 -14719.534
306.25577 -14880.164
306.26131 -14731.573
306.26131 -14735.033
306.27792 -14472.124
306.27792 -14475.601
306.29453 -13995.78
306.29453 -13999.241
306.31114 -14957.949
306.31114 -14961.423
306.32774 -15008.485
306.32774 -15011.954
306.34435 -14529.856
306.34435 -14533.324
306.36096 -14626.316
306.36096 -14629.785
306.3665 -14564.029
306.37757 -14388.05
306.37757 -14391.521
306.39418 -14629.447
306.39418 -14632.919
306.41079 -14611.304
306.41079 -14614.775
306.42186 -14580.099
306.4274 -14278.87
306.4274 -14282.328
306.44401 -14819.039
306.44401 -14822.5
306.46061 -14241.214
306.46061 -14244.671
306.47722 -14416.941
306.47722 -14420.401
306.49383 -14520.101
306.49383 -14523.573
306.51044 -14502.22
306.51044 -14505.68
306.52705 -14727.887
306.52705 -14731.344
306.53259 -14487.49
306.54366 -14832.351
306.54366 -14835.813
306.56027 -15242.677
306.56027 -15246.137
306.57688 -14678.027
306.57688 -14681.479
306.58795 -14545.904
306.59349 -14300.427
306.59349 -14303.886
306.61009 -14932.879
306.61009 -14936.348
306.6267 -14510.928
306.6267 -14514.383
306.64331 -14657.855
306.64331 -14661.305
306.65992 -14712.204
306.65992 -14715.653
306.67653 -14708.711
306.67653 -14712.162
306.69314 -14581.019
306.69314 -14584.474
306.69867 -14925.192
306.70975 -14557.713
306.70975 -14561.173
306.72636 -14637.29
306.72636 -14640.733
306.74296 -14214.954
306.74296 -14218.397
306.75404 -14888.554
306.75957 -14264.372
306.75957 -14267.822
306.77618 -14920.145
306.77618 -14923.578
306.79279 -14651.291
306.79279 -14654.734
306.8094 -14692.937
306.8094 -14696.372
306.82601 -14743.283
306.82601 -14746.721
306.84262 -14732.481
306.84262 -14735.91
306.85923 -14541.093
306.85923 -14544.541
306.86476 -14663.903
306.87584 -14323.649
306.87584 -14327.092
306.89244 -15066.223
306.89244 -15069.663
306.90905 -14468.319
306.90905 -14471.762
306.92013 -14700.717
306.92566 -14652.835
306.92566 -14656.269
306.94227 -14585.712
306.94227 -14589.158
306.95888 -14210.76
306.95888 -14214.2
306.97549 -14594.377
306.97549 -14597.82
306.9921 -14855.492
306.9921 -14858.939
307.00871 -14688.243
307.00871 -14691.678
307.02531 -14738.694
307.02531 -14742.128
307.03085 -14757.842
307.04192 -14843.96
307.04192 -14847.396
307.05853 -14831.617
307.05853 -14835.063
307.07514 -14609.595
307.07514 -14613.034
307.08621 -14942.009
307.09175 -14710.88
307.09175 -14714.302
307.10836 -14773.63
307.10836 -14777.065
307.12497 -14426.707
307.12497 -14430.152
307.14158 -14669.409
307.14158 -14672.847
307.15819 -14664.014
307.15819 -14667.458
307.17479 -14688.572
307.17479 -14573.264
307.1914 -14590.858
307.1914 -14594.296
307.20801 -14559.775
307.20801 -14563.218
307.22462 -14696.974
307.22462 -14700.424
307.23016 -14474.504
307.24123 -14610.305
307.24123 -14613.748
307.25784 -14563.798
307.25784 -14567.235
307.27445 -14626.43
307.27445 -14629.863
307.28552 -14684.778
307.29106 -14441.766
307.29106 -14445.184
307.30767 -14617.007
307.30767 -14620.434
307.32427 -14475.742
307.32427 -14479.16
307.34088 -14518.629
307.34088 -14522.064
307.35749 -14598.868
307.35749 -14602.301
307.3741 -14365.166
307.3741 -14368.593
307.39071 -14157.169
307.39071 -14160.604
307.39625 -14153.486
307.40732 -14180.722
307.40732 -14184.147
307.42393 -14044.898
307.42393 -14048.315
307.44054 -14014.925
307.44054 -14018.355
307.45161 -14683.984
307.45714 -14419.598
307.45714 -14423.037
307.47375 -14164.766
307.47375 -14168.209
307.49036 -14392.713
307.49036 -14396.153
307.50697 -14435.322
307.50697 -14438.739
307.52358 -14321.85
307.52358 -14325.283
307.54019 -14378.267
307.54019 -14381.699
307.5568 -14155.829
307.5568 -14159.269
307.56233 -14528.012
307.57341 -14423.391
307.57341 -14426.83
307.59002 -14546.856
307.59002 -14550.293
307.60662 -14394.058
307.60662 -14397.485
307.6177 -14547.476
307.62323 -14366.745
307.62323 -14370.176
307.63984 -14705.314
307.63984 -14708.745
307.65645 -14540.224
307.65645 -14543.661
307.67306 -14301.044
307.67306 -14304.47
307.68967 -14426.786
307.68967 -14430.211
307.70628 -14412.018
307.70628 -14415.438
307.72289 -14337.752
307.72289 -14341.168
307.72842 -14821.026
307.73949 -14306.398
307.73949 -14309.818
307.7561 -13997.46
307.7561 -14000.881
307.77271 -14278.015
307.77271 -14281.432
307.78378 -14221.464
307.78932 -14329.739
307.78932 -14333.162
307.80593 -14122.802
307.80593 -14126.206
307.82254 -14147.645
307.82254 -14151.069
307.83915 -14493.886
307.83915 -14497.305
307.85576 -14281.225
307.85576 -14284.637
307.87237 -14741.633
307.87237 -14745.055
307.88897 -14310.071
307.88897 -14313.491
307.89451 -14375.277
307.90558 -14141.489
307.90558 -14144.905
307.92219 -14610.078
307.92219 -14613.503
307.9388 -14261.053
307.9388 -14264.464
307.94987 -14444.654
307.95541 -14382.408
307.95541 -14385.827
307.97202 -14369.086
307.97202 -14372.496
307.98863 -14383.259
307.98863 -14386.681
308.00524 -14387.017
308.00524 -14390.43
308.02184 -14427.409
308.02184 -14430.828
308.03845 -14564.616
308.03845 -14568.03
308.05506 -14497.257
308.05506 -14500.678
308.0606 -14683.443
308.07167 -14175.214
308.07167 -14178.627
308.08828 -14610.142
308.08828 -14613.564
308.10489 -14262.475
308.10489 -14265.905
308.11596 -14495.995
308.1215 -14702.809
308.1215 -14706.243
308.13811 -14525.791
308.13811 -14529.213
308.15472 -14332.462
308.15472 -14335.885
308.17132 -14696.407
308.17132 -14699.827
308.18793 -14433.888
308.18793 -14437.309
308.20454 -14382.039
308.20454 -14385.473
308.22115 -14145.011
308.22115 -14148.437
308.22669 -14570.077
308.23776 -14571.728
308.23776 -14575.149
308.25437 -14815.819
308.25437 -14819.245
308.27098 -14041.051
308.27098 -14044.471
308.28205 -14645.137
308.28759 -14335.417
308.28759 -14338.842
308.30419 -14625.078
308.30419 -14628.503
308.3208 -14806.975
308.3208 -14810.384
308.33741 -14510.353
308.33741 -14513.765
308.35402 -14594.811
308.35402 -14598.234
308.37063 -14472.948
308.37063 -14476.372
308.38724 -14282.072
308.38724 -14285.491
308.39278 -14496.438
308.40385 -14774.488
308.40385 -14777.899
308.42046 -14548.688
308.42046 -14552.087
308.43707 -14472.774
308.43707 -14476.178
308.44814 -14659.633
308.45367 -14557.601
308.45367 -14561.019
308.47028 -14694.067
308.47028 -14697.478
308.48689 -14761.821
308.48689 -14765.246
308.5035 -14616.682
308.5035 -14620.088
308.52011 -14402.777
308.52011 -14406.197
308.53672 -14384.661
308.53672 -14388.076
308.55333 -14171.901
308.55333 -14175.315
308.55886 -14590.261
308.56994 -14145.453
308.56994 -14148.871
308.58655 -14388.685
308.58655 -14392.109
308.60315 -14547.632
308.60315 -14551.05
308.61423 -14552.391
308.61976 -14600.873
308.61976 -14604.294
308.63637 -14501.112
308.63637 -14504.527
308.65298 -14477.777
308.65298 -14481.202
308.66959 -14264.79
308.66959 -14268.203
308.6862 -14467.528
308.6862 -14470.948
308.70281 -14396.824
308.70281 -14400.252
308.71942 -14511.343
308.71942 -14514.766
308.72495 -14716.522
308.73602 -14827.289
308.73602 -14830.699
308.75263 -14777.685
308.75263 -14781.1
308.76924 -14901.469
308.76924 -14904.891
308.78031 -14708.885
308.78585 -15040.994
308.78585 -15044.402
308.80246 -14775.94
308.80246 -14779.355
308.81907 -14274.365
308.81907 -14277.769
308.83568 -14723.555
308.83568 -14726.968
308.85229 -14910.676
308.85229 -14914.1
308.8689 -15290.953
308.8689 -15294.364
308.8855 -15004.938
308.8855 -15008.336
308.89104 -14857.122
308.90211 -14943.157
308.90211 -14946.563
308.91872 -14883.608
308.91872 -14887.021
308.93533 -14711.152
308.93533 -14714.565
308.95194 -14491.721
308.95194 -14495.141
308.96855 -14806.383
308.96855 -14645.071
308.98516 -14605.331
308.98516 -14608.74
309.00177 -14582.787
309.00177 -14586.201
309.01837 -14560.979
309.01837 -14564.388
309.02391 -14465.972
309.03498 -14803.261
309.03498 -14806.677
309.05159 -14836.936
309.05159 -14840.346
309.0682 -14755.095
309.0682 -14758.502
309.07927 -14235.207
309.08481 -14537.631
309.08481 -14541.042
309.10142 -14696.967
309.10142 -14700.382
309.11803 -14597.954
309.11803 -14601.358
309.13464 -14353.977
309.13464 -14357.389
309.15125 -14544.767
309.15125 -14548.178
309.16785 -14221.943
309.16785 -14225.35
309.18446 -14286.805
309.18446 -14290.219
309.19 -14146.566
309.20107 -14616.824
309.20107 -14620.239
309.21768 -14266.082
309.21768 -14269.501
309.23429 -14439.677
309.23429 -14443.092
309.24536 -14614.745
309.2509 -15034.592
309.2509 -15037.992
309.26751 -14503.209
309.26751 -14506.625
309.28412 -14506.357
309.28412 -14509.755
309.30072 -14242.293
309.30072 -14245.704
309.31733 -14547.762
309.31733 -14551.172
309.33394 -14455.448
309.33394 -14458.865
309.35055 -14179.06
309.35055 -14182.457
309.35609 -13982.69
309.36716 -14573.025
309.36716 -14576.431
309.38377 -14486.726
309.38377 -14490.124
309.40038 -14540.016
309.40038 -14543.411
309.41145 -15115.38
309.41699 -14634.757
309.41699 -14638.154
309.4336 -14007.346
309.4336 -14010.757
309.4502 -14655.601
309.4502 -14658.998
309.46681 -14208.363
309.46681 -14211.772
309.48342 -14533.859
309.48342 -14537.258
309.50003 -14763.583
309.50003 -14766.987
309.51664 -14040.74
309.51664 -14044.14
309.52218 -14556.538
309.53325 -14255.702
309.53325 -14259.112
309.54986 -14737.246
309.54986 -14740.635
309.56647 -14436.487
309.56647 -14439.885
309.57754 -14235.197
309.58307 -14153.61
309.58307 -14157.009
309.59968 -14531.943
309.59968 -14535.333
309.61629 -14623.231
309.61629 -14626.626
309.6329 -14222.041
309.6329 -14225.441
309.64951 -14293.373
309.64951 -14296.765
309.66612 -14438.211
309.66612 -14441.61
309.68273 -14351.464
309.68273 -14354.87
309.68826 -14381.207
309.69934 -14416.212
309.69934 -14419.608
309.71595 -14150.112
309.71595 -14153.498
309.73255 -14232.171
309.73255 -14235.568
309.74363 -14444.637
309.74916 -14264.878
309.74916 -14268.281
309.76577 -14287.502
309.76577 -14290.894
309.78238 -14501.908
309.78238 -14505.296
309.79899 -14237.807
309.79899 -14241.199
309.8156 -14334.785
309.8156 -14338.183
309.83221 -14078.95
309.83221 -14082.331
309.84882 -14069.145
309.84882 -14072.521
309.85435 -14398.293
309.86543 -14772.093
309.86543 -14775.473
309.88203 -14363.201
309.88203 -14366.587
309.89864 -14340.181
309.89864 -14343.569
309.90972 -14615.7
309.91525 -14346.859
309.91525 -14350.252
309.93186 -14439.616
309.93186 -14443.005
309.94847 -14482.218
309.94847 -14485.614
309.96508 -14300.638
309.96508 -14304.027
309.98169 -14288.156
309.98169 -14291.557
309.9983 -14450.015
309.9983 -14453.408
310.0149 -14408.16
310.0149 -14411.55
310.02044 -14768.999
310.03151 -14406.954
310.03151 -14410.352
310.04812 -14654.666
310.04812 -14658.063
310.06473 -14223.475
310.06473 -14226.872
310.0758 -14108.072
310.08134 -14340.21
310.08134 -14343.62
310.09795 -14339.055
310.09795 -14342.447
310.11456 -14880.873
310.11456 -14884.278
310.13117 -14629.578
310.13117 -14632.975
310.14778 -14239.322
310.14778 -14242.717
310.16438 -14702.183
310.16438 -14705.572
310.18099 -14974.38
310.18099 -14977.779
310.18653 -14749.535
310.1976 -14689.054
310.1976 -14692.465
310.21421 -14468.454
310.21421 -14471.856
310.23082 -14637.389
310.23082 -14640.78
310.24189 -14355.293
310.24743 -14244.174
310.24743 -14247.574
310.26404 -14328.218
310.26404 -14331.615
310.28065 -14620.08
310.28065 -14623.472
310.29725 -14622.596
310.29725 -14625.989
310.31386 -14387.327
310.31386 -14390.717
310.33047 -14690.505
310.33047 -14693.886
310.34708 -14498.532
310.34708 -14501.917
310.35262 -14396.541
310.36369 -14510.096
310.36369 -14513.485
310.3803 -14253.717
310.3803 -14257.099
310.39691 -14393.485
310.39691 -14396.868
310.40798 -14374.011
310.41352 -14488.95
310.41352 -14492.335
310.43013 -14801.678
310.43013 -14805.065
310.44673 -14523.0
310.44673 -14526.382
310.46334 -14772.129
310.46334 -14775.507
310.47995 -14925.822
310.47995 -14929.2
310.49656 -14770.319
310.49656 -14773.701
310.51317 -14470.67
310.51317 -14474.059
310.51871 -14253.947
310.52978 -14391.797
310.52978 -14395.185
310.54639 -14571.703
310.54639 -14575.088
310.563 -14179.055
310.563 -14182.441
310.57407 -14418.861
310.5796 -14322.953
310.5796 -14326.33
310.59621 -14730.837
310.59621 -14734.232
310.61282 -14528.917
310.61282 -14532.303
310.62943 -14248.085
310.62943 -14251.471
310.64604 -14767.083
310.64604 -14770.455
310.66265 -14562.562
310.66265 -14565.941
310.67926 -14205.146
310.67926 -14208.522
310.68479 -14362.932
310.69587 -14357.13
310.69587 -14360.511
310.71248 -14461.811
310.71248 -14465.188
310.72908 -14674.758
310.72908 -14678.134
310.74016 -14507.894
310.74569 -14968.847
310.74569 -14972.232
310.7623 -15016.856
310.7623 -15020.223
310.77891 -14808.893
310.77891 -14812.269
310.79552 -14463.867
310.79552 -14467.238
310.81213 -14513.359
310.81213 -14516.741
310.82874 -14292.562
310.82874 -14295.936
310.84535 -14514.896
310.84535 -14518.284
310.85088 -14381.569
310.86195 -14561.927
310.86195 -14565.301
310.87856 -14539.346
310.87856 -14542.723
310.89517 -14819.257
310.89517 -14822.629
310.90625 -14565.055
310.91178 -14762.181
310.91178 -14765.554
310.92839 -14503.041
310.92839 -14506.41
310.945 -14539.049
310.945 -14542.423
310.96161 -14660.298
310.96161 -14663.669
310.97822 -14456.831
310.97822 -14460.206
310.99483 -14525.264
310.99483 -14332.371
311.01143 -14480.601
311.01143 -14483.97
311.02804 -14384.198
311.02804 -14387.565
311.04465 -14434.564
311.04465 -14437.941
311.05019 -14175.728
311.06126 -14730.409
311.06126 -14733.794
311.07787 -14520.963
311.07787 -14524.344
311.09448 -14592.67
311.09448 -14596.035
311.10555 -14433.724
311.11109 -14650.767
311.11109 -14654.146
311.1277 -14689.582
311.1277 -14692.96
311.14431 -14437.751
311.14431 -14441.134
311.16091 -14410.661
311.16091 -14414.043
311.17752 -14790.202
311.17752 -14793.575
311.19413 -14781.703
311.19413 -14785.092
311.21074 -14363.113
311.21074 -14366.493
311.21628 -14372.736
311.22735 -14651.072
311.22735 -14654.453
311.24396 -14600.068
311.24396 -14603.46
311.26057 -14602.566
311.26057 -14605.948
311.27164 -14581.036
311.27718 -14554.555
311.27718 -14557.935
311.29378 -14674.812
311.29378 -14678.185
311.31039 -14606.91
311.31039 -14610.286
311.327 -14484.024
311.327 -14487.398
311.34361 -14409.636
311.34361 -14413.027
311.36022 -14531.315
311.36022 -14534.695
311.37683 -14861.535
311.37683 -14864.909
311.38236 -14671.929
311.39344 -14377.783
311.39344 -14381.165
311.41005 -14082.247
311.41005 -14085.637
311.42666 -14673.88
311.42666 -14677.268
311.43773 -14543.531
311.44326 -14223.679
311.44326 -14227.059
311.45987 -14670.038
311.45987 -14673.424
311.47648 -15082.023
311.47648 -15085.407
311.49309 -14396.786
311.49309 -14400.164
311.5097 -14624.264
311.5097 -14627.652
311.52631 -14386.466
311.52631 -14389.847
311.54292 -14474.726
311.54292 -14478.104
311.54845 -14582.034
311.55953 -14306.534
311.55953 -14309.905
311.57613 -14493.667
311.57613 -14497.042
311.59274 -14831.221
311.59274 -14834.603
311.60382 -14796.936
311.60935 -14835.095
311.60935 -14838.477
311.62596 -14778.444
311.62596 -14781.825
311.64257 -14387.719
311.64257 -14391.1
311.65918 -14691.747
311.65918 -14695.13
311.67579 -14607.991
311.67579 -14611.371
311.6924 -14421.889
311.6924 -14425.265
311.70901 -14549.92
311.70901 -14553.281
311.71454 -14490.712
311.72561 -14627.225
311.72561 -14630.609
311.74222 -14723.851
311.74222 -14727.216
311.75883 -14649.757
311.75883 -14653.125
311.7699 -14327.04
311.77544 -14453.908
311.77544 -14457.276
311.79205 -14548.062
311.79205 -14551.448
311.80866 -14817.515
311.80866 -14820.891
311.82527 -14973.741
311.82527 -14977.109
311.84188 -14387.073
311.84188 -14390.45
311.85848 -14696.324
311.85848 -14699.705
311.87509 -14662.03
311.87509 -14665.41
311.88063 -14514.26
311.8917 -14462.091
311.8917 -14465.47
311.90831 -14518.553
311.90831 -14521.947
311.92492 -14680.061
311.92492 -14683.438
311.93599 -14707.492
311.94153 -14664.725
311.94153 -14668.116
311.95814 -14535.776
311.95814 -14539.154
311.97475 -14660.77
311.97475 -14664.141
311.99136 -14952.828
311.99136 -14956.202
312.00796 -14613.674
312.00796 -14617.067
312.02457 -14844.914
312.02457 -14848.298
312.04118 -14369.093
312.04118 -14372.463
312.04672 -14455.276
312.05779 -14995.858
312.05779 -14999.224
312.0744 -14813.932
312.0744 -14817.292
312.09101 -14444.32
312.09101 -14447.693
312.10762 -14584.86
312.10762 -14588.231
312.12423 -14492.695
312.12423 -14943.236
312.14083 -14230.734
312.14083 -14234.096
312.15744 -14742.302
312.15744 -14745.666
312.17405 -14768.102
312.17405 -14771.459
312.17959 -14287.327
312.19066 -14676.23
312.19066 -14679.598
312.20727 -14467.177
312.20727 -14470.544
312.22388 -14277.982
312.22388 -14281.349
312.23495 -14682.78
312.24049 -14586.943
312.24049 -14590.323
312.2571 -14561.585
312.2571 -14564.955
312.27371 -14276.535
312.27371 -14279.904
312.29031 -14354.603
312.29031 -14357.964
312.30692 -14857.706
312.30692 -14861.073
312.32353 -14621.774
312.32353 -14625.156
312.34014 -14187.962
312.34014 -14191.339
312.34568 -14560.914
312.35675 -14552.035
312.35675 -14555.414
312.37336 -14496.113
312.37336 -14499.486
312.38997 -14111.576
312.38997 -14114.951
312.40104 -14218.265
312.40658 -14182.046
312.40658 -14185.422
312.42319 -14235.596
312.42319 -14238.976
312.43979 -14527.713
312.43979 -14531.076
312.4564 -14322.107
312.4564 -14325.463
312.47301 -14329.863
312.47301 -14333.232
312.48962 -14379.409
312.48962 -14382.777
312.50623 -14714.971
312.50623 -14718.352
312.51177 -14290.948
312.52284 -14231.91
312.52284 -14235.273
312.53945 -14169.574
312.53945 -14172.932
312.55606 -14624.705
312.55606 -14628.076
312.56713 -14492.908
312.57266 -14362.981
312.57266 -14366.346
312.58927 -14116.166
312.58927 -14119.538
312.60588 -14020.21
312.60588 -14023.573
312.62249 -14192.573
312.62249 -14195.947
312.6391 -14415.113
312.6391 -14418.487
312.65571 -14399.692
312.65571 -14403.067
312.67232 -14754.131
312.67232 -14757.498
312.67785 -14272.25
312.68893 -14498.679
312.68893 -14502.043
312.70554 -14411.046
312.70554 -14414.405
312.72214 -14641.619
312.72214 -14644.985
312.73322 -14408.18
312.73875 -14317.473
312.73875 -14320.837
312.75536 -14166.853
312.75536 -14170.215
312.77197 -14381.92
312.77197 -14385.276
312.78858 -14288.776
312.78858 -14292.132
312.80519 -14475.672
312.80519 -14479.038
312.8218 -14239.597
312.8218 -14242.958
312.83841 -14419.312
312.83841 -14422.674
312.84394 -14659.802
312.85501 -14825.444
312.85501 -14828.791
312.87162 -14578.013
312.87162 -14581.374
312.88823 -14650.091
312.88823 -14653.448
312.8993 -14716.661
312.90484 -14843.884
312.90484 -14847.226
312.92145 -14543.23
312.92145 -14546.591
312.93806 -14425.822
312.93806 -14429.179
312.95467 -14671.136
312.95467 -14674.486
312.97128 -14764.808
312.97128 -14768.148
312.98789 -14432.114
312.98789 -14435.461
313.00449 -14502.236
313.00449 -14505.575
313.01003 -14187.066
313.0211 -14651.194
313.0211 -14654.542
313.03771 -14333.132
313.03771 -14336.466
313.05432 -14455.349
313.05432 -14458.695
313.06539 -14388.297
313.07093 -14142.322
313.07093 -14145.659
313.08754 -14448.941
313.08754 -14452.285
313.10415 -14380.506
313.10415 -14383.841
313.12076 -14171.821
313.12076 -14175.156
313.13736 -14375.303
313.13736 -14378.645
313.15397 -14262.898
313.15397 -14266.25
313.17058 -14422.752
313.17058 -14426.088
313.17612 -14683.407
313.18719 -14453.749
313.18719 -14457.089
313.2038 -14343.008
313.2038 -14346.349
313.22041 -14500.124
313.22041 -14503.468
313.23148 -14466.282
313.23702 -14517.886
313.23702 -14521.239
313.25363 -14359.335
313.25363 -14362.687
313.27024 -14361.942
313.27024 -14365.282
313.28684 -14614.899
313.28684 -14618.254
313.30345 -14296.627
313.30345 -14299.968
313.32006 -14577.643
313.32006 -14580.996
313.33667 -14424.477
313.33667 -14427.823
313.34221 -14584.18
313.35328 -14510.094
313.35328 -14513.438
313.36989 -14602.896
313.36989 -14606.23
313.3865 -14598.589
313.3865 -14601.923
313.39757 -14775.867
313.40311 -14704.124
313.40311 -14707.46
313.41971 -14568.962
313.41971 -14572.293
313.43632 -14525.347
313.43632 -14528.684
313.45293 -14344.421
313.45293 -14347.756
313.46954 -14558.624
313.46954 -14561.968
313.48615 -14289.16
313.48615 -14292.497
313.50276 -14267.064
313.50276 -14270.395
313.5083 -14013.941
313.51937 -14626.346
313.51937 -14629.682
313.53598 -14336.867
313.53598 -14340.202
313.55259 -14336.689
313.55259 -14340.008
313.56366 -14478.442
313.56919 -14767.273
313.56919 -14770.602
313.5858 -14802.724
313.5858 -14806.05
313.60241 -14433.634
313.60241 -14436.965
313.61902 -14102.824
313.61902 -14106.159
313.63563 -14633.761
313.63563 -14637.089
313.65224 -14455.6
313.65224 -14458.933
313.66885 -14314.278
313.66885 -14317.61
313.67438 -14301.206
313.68546 -14686.026
313.68546 -14689.362
313.70207 -14325.749
313.70207 -14329.084
313.71867 -14199.845
313.71867 -14203.163
313.72975 -14543.495
313.73528 -14306.289
313.73528 -14309.621
313.75189 -14527.207
313.75189 -14530.537
313.7685 -14638.075
313.7685 -14641.406
313.78511 -14460.426
313.78511 -14463.75
313.80172 -14633.912
313.80172 -14637.239
313.81833 -14315.23
313.81833 -14318.566
313.83494 -14816.327
313.83494 -14819.651
313.84047 -14291.209
313.85154 -14573.255
313.85154 -14576.584
313.86815 -14230.564
313.86815 -14233.892
313.88476 -14355.481
313.88476 -14358.798
313.89583 -14334.087
313.90137 -14177.279
313.90137 -14180.608
313.91798 -14753.775
313.91798 -14757.101
313.93459 -14499.688
313.93459 -14503.01
313.9512 -14440.019
313.9512 -14443.333
313.96781 -14677.349
313.96781 -14680.681
313.98442 -14682.597
313.98442 -14685.919
314.00102 -14683.069
314.00102 -14686.384
314.00656 -14369.179
314.01763 -14549.758
314.01763 -14553.08
314.03424 -14559.185
314.03424 -14562.506
314.05085 -14702.462
314.05085 -14705.782
314.06192 -14717.106
314.06746 -14643.143
314.06746 -14646.459
314.08407 -14624.213
314.08407 -14627.53
314.10068 -14577.603
314.10068 -14580.913
314.11729 -14421.598
314.11729 -14424.915
314.13389 -14481.743
314.13389 -14485.072
314.1505 -14473.012
314.1505 -14476.324
314.16711 -14657.707
314.16711 -14661.03
314.17265 -14363.347
314.18372 -14826.693
314.18372 -14830.0
314.20033 -14480.64
314.20033 -14483.947
314.21694 -14551.046
314.21694 -14554.352
314.22801 -14323.605
314.23355 -14552.414
314.23355 -14555.727
314.25016 -14561.8
314.25016 -14565.12
314.26677 -14821.995
314.26677 -14825.313
314.28337 -14170.708
314.28337 -14174.034
314.29998 -14443.825
314.29998 -14447.148
314.31659 -14561.227
314.31659 -14564.556
314.3332 -14582.304
314.3332 -14585.637
314.33874 -14681.494
314.34981 -14537.829
314.34981 -14541.157
314.36642 -14665.366
314.36642 -14668.693
314.38303 -14946.907
314.38303 -14950.234
314.39964 -14767.31
314.39964 -14770.637
314.41624 -14432.901
314.41624 -14436.235
314.43285 -14602.448
314.43285 -14605.773
314.43839 -14838.552
314.44946 -14687.099
314.44946 -14690.42
314.46607 -14306.076
314.46607 -14309.411
314.48268 -14433.093
314.48268 -14436.408
314.49375 -14688.634
314.49929 -14805.668
314.49929 -14808.986
314.5159 -14860.409
314.5159 -14863.736
314.53251 -14571.5
314.53251 -14574.825
314.54912 -14797.889
314.54912 -14801.213
314.56572 -14625.56
314.56572 -14628.875
314.58233 -14246.21
314.58233 -14249.545
314.59894 -14866.525
314.59894 -14869.855
314.60448 -14652.268
314.61555 -14939.737
314.61555 -14943.057
314.63216 -14392.088
314.63216 -14395.41
314.64877 -14254.887
314.64877 -14258.213
314.65984 -14460.087
314.66538 -14666.965
314.66538 -14670.279
314.68199 -14870.031
314.68199 -14873.357
314.69859 -14308.761
314.69859 -14312.079
314.7152 -14874.994
314.7152 -14878.319
314.73181 -14618.677
314.73181 -14621.993
314.74842 -14582.827
314.74842 -14586.152
314.76503 -15179.037
314.76503 -15182.357
314.77057 -14914.591
314.78164 -14503.041
314.78164 -14506.36
314.79825 -14783.95
314.79825 -14787.271
314.81486 -15000.6
314.81486 -15003.909
314.82593 -14807.54
314.83147 -14513.584
314.83147 -14516.899
314.84807 -14619.254
314.84807 -14622.568
314.86468 -14446.148
314.86468 -14449.463
314.88129 -14638.156
314.88129 -14641.476
314.8979 -14542.215
314.8979 -14545.544
314.91451 -14853.946
314.91451 -14857.258
314.93112 -14900.299
314.93112 -14903.61
314.93665 -15169.66
314.94773 -14834.251
314.94773 -14837.554
314.96434 -14967.442
314.96434 -14970.756
314.98095 -14687.46
314.98095 -14690.769
314.99202 -14671.392
314.99755 -14815.492
314.99755 -14818.806
315.01416 -14810.57
315.01416 -14813.889
315.03077 -15199.704
315.03077 -15203.013
315.04738 -14704.731
315.04738 -14708.036
315.06399 -14687.291
315.06399 -14690.604
315.0806 -15231.354
315.0806 -15234.651
315.09721 -15072.998
315.09721 -15076.308
315.10274 -14843.472
315.11382 -14507.414
315.11382 -14510.728
315.13042 -14813.354
315.13042 -14860.494
315.14703 -14848.752
315.14703 -14852.062
315.16364 -14732.071
315.16364 -14737.266
315.18025 -14734.619
315.18025 -14737.943
315.19686 -14382.628
315.19686 -14385.951
315.21347 -14354.595
315.21347 -14357.916
315.219 -14617.32
315.23008 -14634.045
315.23008 -14637.363
315.24669 -14484.054
315.24669 -14487.376
315.2633 -14503.498
315.2633 -14506.816
315.27437 -14403.434
315.2799 -14445.138
315.2799 -14448.461
315.29651 -14290.127
315.29651 -14293.434
315.31312 -14536.365
315.31312 -14539.685
315.32973 -14584.941
315.32973 -14588.257
315.34634 -14431.579
315.34634 -14434.894
315.36295 -14365.27
315.36295 -14368.584
315.37956 -14682.528
315.37956 -14685.845
315.38509 -14482.499
315.39617 -14471.064
315.39617 -14474.381
315.41277 -14612.923
315.41277 -14616.233
315.42938 -14536.041
315.42938 -14539.361
315.44046 -14607.765
315.44599 -14307.783
315.44599 -14311.105
315.4626 -14536.418
315.4626 -14539.743
315.47921 -14575.51
315.47921 -14578.836
315.49582 -14692.031
315.49582 -14695.356
315.51243 -14358.56
315.51243 -14361.881
315.52904 -14508.492
315.52904 -14511.803
315.54565 -14643.592
315.54565 -14646.906
315.55118 -14806.368
315.56225 -14525.842
315.56225 -14529.151
315.57886 -14488.212
315.57886 -14491.527
315.59547 -14320.072
315.59547 -14323.397
315.60654 -14403.088
315.61208 -14640.875
315.61208 -14644.196
315.62869 -14736.051
315.62869 -14739.363
315.6453 -14586.57
315.6453 -14589.892
315.66191 -14683.693
315.66191 -14687.009
315.67852 -14605.467
315.67852 -14608.772
315.69512 -14526.519
315.69512 -14529.831
315.71173 -14616.786
315.71173 -14620.102
315.71727 -14774.065
315.72834 -14685.438
315.72834 -14688.753
315.74495 -14451.47
315.74495 -14454.777
315.76156 -14736.508
315.76156 -14739.819
315.77263 -14400.524
315.77817 -14631.471
315.77817 -14634.784
315.79478 -14696.508
315.79478 -14699.821
315.81139 -14651.351
315.81139 -14654.661
315.828 -14576.844
315.828 -14580.154
315.8446 -14633.636
315.8446 -14636.963
315.86121 -14737.282
315.86121 -14740.603
315.87782 -14859.995
315.87782 -14863.321
315.89443 -14284.309
315.89443 -14287.617
315.91104 -14528.641
315.91104 -14342.01
315.92765 -14638.157
315.92765 -14641.462
315.94426 -14327.378
315.94426 -14330.681
315.96087 -14414.297
315.96087 -14417.605
315.9664 -14406.637
315.97747 -14476.119
315.97747 -14479.427
315.99408 -14276.995
315.99408 -14280.295
316.01069 -14438.523
316.01069 -14441.828
316.02177 -14451.964
316.0273 -14447.319
316.0273 -14450.622
316.04391 -14377.513
316.04391 -14380.818
316.06052 -13974.174
316.06052 -13977.491
316.07713 -14519.34
316.07713 -14522.642
316.09374 -14901.717
316.09374 -14905.036
316.11035 -14271.704
316.11035 -14275.014
316.12695 -14642.488
316.12695 -14645.791
316.13249 -14472.21
316.14356 -14577.012
316.14356 -14580.317
316.16017 -14519.751
316.16017 -14523.056
316.17678 -14588.461
316.17678 -14591.764
316.18785 -14725.91
316.19339 -14490.939
316.19339 -14494.24
316.21 -14606.14
316.21 -14609.443
316.22661 -14683.322
316.22661 -14686.631
316.24322 -14626.617
316.24322 -14629.916
316.25983 -14587.285
316.25983 -14590.594
316.27643 -14257.329
316.27643 -14260.631
316.29304 -14547.395
316.29304 -14550.704
316.29858 -14351.683
316.30965 -14598.239
316.30965 -14601.546
316.32626 -14228.86
316.32626 -14232.166
316.34287 -14310.586
316.34287 -14313.896
316.35394 -14328.079
316.35948 -14270.135
316.35948 -14273.435
316.37609 -14779.805
316.37609 -14783.108
316.3927 -14357.75
316.3927 -14361.057
316.4093 -14078.171
316.4093 -14081.481
316.42591 -14478.362
316.42591 -14481.68
316.44252 -14206.701
316.44252 -14210.024
316.45913 -14414.19
316.45913 -14417.515
316.46467 -14428.04
316.47574 -14441.909
316.47574 -14445.232
316.49235 -14663.463
316.49235 -14666.783
316.50896 -14423.88
316.50896 -14427.194
316.52003 -14310.564
316.52557 -14487.088
316.52557 -14490.399
316.54218 -14586.753
316.54218 -14590.065
316.55878 -14449.12
316.55878 -14452.426
316.57539 -14669.802
316.57539 -14673.108
316.592 -14269.612
316.592 -14272.906
316.60861 -14512.425
316.60861 -14515.732
316.62522 -14680.081
316.62522 -14683.381
316.63076 -14366.502
316.64183 -14622.879
316.64183 -14626.182
316.65844 -14343.879
316.65844 -14347.183
316.67505 -14361.026
316.67505 -14364.331
316.68612 -13998.99
316.69165 -14132.626
316.69165 -14135.93
316.70826 -14701.496
316.70826 -14704.796
316.72487 -14470.465
316.72487 -14473.773
316.74148 -14257.731
316.74148 -14261.023
316.75809 -14356.265
316.75809 -14359.561
316.7747 -14561.425
316.7747 -14564.724
316.79131 -14490.269
316.79131 -14493.57
316.79684 -14878.35
316.80792 -14292.086
316.80792 -14295.378
316.82453 -14409.879
316.82453 -14413.181
316.84113 -14277.06
316.84113 -14280.358
316.85221 -14277.205
316.85774 -14374.165
316.85774 -14377.462
316.87435 -14483.808
316.87435 -14487.098
316.89096 -14846.264
316.89096 -14849.555
316.90757 -14801.686
316.90757 -14804.98
316.92418 -14231.433
316.92418 -14234.729
316.94079 -14457.641
316.94079 -14460.928
316.9574 -14492.625
316.9574 -14495.915
316.96293 -14392.638
316.974 -14201.208
316.974 -14204.492
316.99061 -14435.439
316.99061 -14438.706
317.00722 -14886.987
317.00722 -14890.271
317.01829 -14574.202
317.02383 -14637.651
317.02383 -14640.932
317.04044 -14242.328
317.04044 -14245.616
317.05705 -14407.074
317.05705 -14410.366
317.07366 -14511.904
317.07366 -14515.187
317.09027 -14720.052
317.09027 -14723.321
317.10688 -14392.533
317.10688 -14395.801
317.12348 -14399.945
317.12348 -14403.221
317.12902 -14409.408
317.14009 -14655.395
317.14009 -14658.673
317.1567 -14726.117
317.1567 -14729.391
317.17331 -14504.215
317.17331 -14507.489
317.18438 -14766.454
317.18992 -14780.596
317.18992 -14783.873
317.20653 -14375.877
317.20653 -14379.156
317.22314 -14502.923
317.22314 -14506.199
317.23975 -14482.312
317.23975 -14485.595
317.25635 -14639.365
317.25635 -14642.64
317.27296 -14303.071
317.27296 -14306.353
317.28957 -14593.955
317.28957 -14597.231
317.29511 -14530.724
317.30618 -14682.556
317.30618 -14685.838
317.32279 -14576.718
317.32279 -14580.001
317.3394 -14492.517
317.3394 -14495.797
317.35047 -14599.192
317.35601 -14608.787
317.35601 -14612.069
317.37262 -14607.138
317.37262 -14610.404
317.38923 -14207.465
317.38923 -14210.725
317.40583 -14661.1
317.40583 -14664.374
317.42244 -14624.54
317.42244 -14627.811
317.43905 -14532.329
317.43905 -14535.607
317.45566 -14336.231
317.45566 -14339.505
317.4612 -14272.383
317.47227 -14295.617
317.47227 -14298.896
317.48888 -14774.667
317.48888 -14777.944
317.50549 -14443.653
317.50549 -14446.914
317.51656 -14485.089
317.5221 -14494.504
317.5221 -14497.78
317.53871 -14452.989
317.53871 -14456.264
317.55531 -14242.281
317.55531 -14245.557
317.57192 -14499.553
317.57192 -14502.829
317.58853 -14571.758
317.58853 -14575.036
317.60514 -14663.498
317.60514 -14666.782
317.62175 -14606.076
317.62175 -14609.355
317.62729 -14685.791
317.63836 -14258.476
317.63836 -14261.751
317.65497 -14776.266
317.65497 -14779.548
317.67158 -14384.478
317.67158 -14387.762
317.68265 -14724.095
317.68818 -14432.239
317.68818 -14435.53
317.70479 -14591.992
317.70479 -14595.259
317.7214 -14804.775
317.7214 -14808.054
317.73801 -14768.922
317.73801 -14772.208
317.75462 -14433.121
317.75462 -14436.388
317.77123 -14784.39
317.77123 -14787.66
317.78784 -14485.555
317.78784 -14488.826
317.79337 -14713.525
317.80445 -14385.119
317.80445 -14388.397
317.82106 -14613.0
317.82106 -14616.267
317.83766 -14709.515
317.83766 -14712.787
317.84874 -14757.349
317.85427 -14778.794
317.85427 -14782.065
317.87088 -14625.404
317.87088 -14628.673
317.88749 -14522.988
317.88749 -14526.256
317.9041 -14464.926
317.9041 -14468.199
317.92071 -14287.916
317.92071 -14291.192
317.93732 -14756.397
317.93732 -14759.673
317.95393 -14911.115
317.95393 -14914.387
317.95946 -14420.766
317.97053 -14743.139
317.97053 -14746.412
317.98714 -14736.021
317.98714 -14739.284
318.00375 -14631.481
318.00375 -14634.747
318.01482 -14505.205
318.02036 -14755.474
318.02036 -14758.741
318.03697 -14739.141
318.03697 -14742.409
318.05358 -14435.867
318.05358 -14439.137
318.07019 -14878.358
318.07019 -14881.626
318.0868 -14944.368
318.0868 -14947.642
318.10341 -14617.329
318.10341 -14620.602
318.12001 -14688.508
318.12001 -14691.771
318.12555 -14543.586
318.13662 -14701.895
318.13662 -14705.168
318.15323 -14907.423
318.15323 -14910.695
318.16984 -14858.002
318.16984 -14861.281
318.18091 -14770.156
318.18645 -14710.551
318.18645 -14713.814
318.20306 -14916.815
318.20306 -14920.088
318.21967 -14686.433
318.21967 -14689.697
318.23628 -14768.897
318.23628 -14772.172
318.25288 -14872.183
318.25288 -14875.436
318.26949 -14989.571
318.26949 -14992.835
318.2861 -14920.922
318.2861 -14924.18
318.30271 -14613.043
318.30271 -14616.292
318.31932 -15008.754
318.31932 -15012.013
318.33593 -14714.255
318.33593 -14717.514
318.35254 -14612.545
318.35254 -14615.808
318.36915 -14980.177
318.36915 -14689.411
318.38576 -14567.408
318.38576 -14570.677
318.40236 -14785.974
318.40236 -14789.232
318.41897 -14668.57
318.41897 -14671.837
318.42451 -14662.113
318.43558 -14629.061
318.43558 -14632.321
318.45219 -14878.11
318.45219 -14881.379
318.4688 -14408.774
318.4688 -14412.034
318.47987 -14486.152
318.48541 -14517.891
318.48541 -14521.155
318.50202 -14571.328
318.50202 -14574.598
318.51863 -14726.484
318.51863 -14729.744
318.53523 -14804.599
318.53523 -14807.853
318.55184 -14438.502
318.55184 -14441.767
318.56845 -14660.257
318.56845 -14663.523
318.58506 -14797.731
318.58506 -14801.003
318.5906 -14643.384
318.60167 -14435.323
318.60167 -14438.584
318.61828 -15011.49
318.61828 -15014.741
318.63489 -14938.887
318.63489 -14942.135
318.6515 -15124.291
318.6515 -15127.558
318.66811 -14561.489
318.66811 -14564.753
318.68471 -14542.15
318.68471 -14394.915
318.70132 -14455.579
318.70132 -14458.846
318.71793 -14887.649
318.71793 -14890.916
318.73454 -14180.328
318.73454 -14183.595
318.74008 -14121.8
318.75115 -14062.926
318.75115 -14066.199
318.76776 -14259.194
318.76776 -14262.452
318.78437 -14351.94
318.78437 -14355.205
318.79544 -14666.275
318.80098 -14599.225
318.80098 -14602.488
318.81759 -14359.488
318.81759 -14362.756
318.83419 -14369.795
318.83419 -14373.066
318.8508 -14611.173
318.8508 -14614.434
318.86741 -14797.807
318.86741 -14801.061
318.88402 -15023.479
318.88402 -15026.739
318.90063 -14591.773
318.90063 -14595.028
318.90617 -14564.826
318.91724 -14493.378
318.91724 -14496.636
318.93385 -14602.339
318.93385 -14605.601
318.95046 -14271.453
318.95046 -14274.717
318.96153 -14335.54
318.96706 -14234.37
318.96706 -14237.632
318.98367 -14633.843
318.98367 -14637.093
319.00028 -14482.354
319.00028 -14485.604
319.01689 -14311.019
319.01689 -14314.275
319.0335 -14127.258
319.0335 -14130.505
319.05011 -14252.011
319.05011 -14255.265
319.06672 -14275.849
319.06672 -14279.096
319.07225 -14573.279
319.08333 -14354.386
319.08333 -14357.635
319.09994 -14503.564
319.09994 -14506.794
319.11654 -14495.712
319.11654 -14498.948
319.12762 -14320.317
319.13315 -14774.925
319.13315 -14778.154
319.14976 -14421.792
319.14976 -14425.028
319.16637 -13987.074
319.16637 -13990.309
319.18298 -14556.406
319.18298 -14559.643
319.19959 -14397.984
319.19959 -14401.219
319.2162 -14177.41
319.2162 -14180.656
319.23281 -14540.461
319.23281 -14543.696
319.23834 -14454.559
319.24941 -14347.212
319.24941 -14350.44
319.26602 -14152.689
319.26602 -14155.93
319.28263 -14244.278
319.28263 -14247.521
319.2937 -14181.252
319.29924 -14237.872
319.29924 -14241.106
319.31585 -14451.109
319.31585 -14454.349
319.33246 -14323.951
319.33246 -14327.201
319.34907 -14410.215
319.34907 -14413.463
319.36568 -14203.42
319.36568 -14206.664
319.38229 -14472.789
319.38229 -14476.031
319.39889 -14606.181
319.39889 -14609.421
319.40443 -14178.375
319.4155 -14360.023
319.4155 -14363.271
319.43211 -14137.497
319.43211 -14140.736
319.44872 -14268.129
319.44872 -14271.373
319.45979 -14159.424
319.46533 -14192.313
319.46533 -14195.56
319.48194 -14080.851
319.48194 -14084.089
319.49855 -14321.384
319.49855 -14324.626
319.51516 -14089.196
319.51516 -14092.443
319.53176 -14299.038
319.53176 -14302.281
319.54837 -14477.283
319.54837 -14480.521
319.56498 -14478.286
319.56498 -14481.545
319.57052 -14480.109
319.58159 -14048.548
319.58159 -14051.783
319.5982 -14473.677
319.5982 -14476.901
319.61481 -14787.087
319.61481 -14790.319
319.62588 -14363.602
319.63142 -14120.244
319.63142 -14123.489
319.64803 -14393.711
319.64803 -14396.948
319.66464 -14563.398
319.66464 -14566.631
319.68124 -14231.065
319.68124 -14234.306
319.69785 -14452.763
319.69785 -14455.998
319.71446 -14158.319
319.71446 -14161.559
319.73107 -14410.794
319.73107 -14414.037
319.73661 -14530.269
319.74768 -14269.077
319.74768 -14272.317
319.76429 -14316.146
319.76429 -14319.382
319.7809 -14215.851
319.7809 -14219.085
319.79197 -14374.572
319.79751 -14435.101
319.79751 -14438.336
319.81411 -14570.12
319.81411 -14573.361
319.83072 -14384.49
319.83072 -14387.725
319.84733 -14518.01
319.84733 -14521.254
319.86394 -14451.375
319.86394 -14454.628
319.88055 -14612.444
319.88055 -14615.674
319.89716 -14477.777
319.89716 -14481.007
319.9027 -14313.907
319.91377 -14125.324
319.91377 -14128.552
319.93038 -14442.964
319.93038 -14446.204
319.94699 -14468.846
319.94699 -14472.09
319.95806 -14349.45
319.96359 -14174.922
319.96359 -14178.161
319.9802 -14466.478
319.9802 -14469.712
319.99681 -14208.295
319.99681 -14211.514
320.01342 -14729.722
320.01342 -14732.953
320.03003 -14276.958
320.03003 -14280.188
320.04664 -14257.801
320.04664 -14261.03
320.06325 -14457.698
320.06325 -14460.924
320.06878 -14306.367
320.07986 -14245.132
320.07986 -14248.369
320.09647 -14380.533
320.09647 -14383.761
320.11307 -14280.576
320.11307 -14283.798
320.12415 -14526.837
320.12968 -14444.249
320.12968 -14447.47
320.14629 -14807.868
320.14629 -14811.089
320.1629 -14277.257
320.1629 -14280.472
320.17951 -14141.317
320.17951 -14144.531
320.19612 -14419.008
320.19612 -14422.219
320.21273 -14581.439
320.21273 -14584.655
320.22934 -14268.503
320.22934 -14271.715
320.23487 -14242.647
320.24594 -14745.344
320.24594 -14748.564
320.26255 -14441.406
320.26255 -14444.619
320.27916 -14135.218
320.27916 -14138.428
320.29023 -13915.452
320.29577 -14136.114
320.29577 -14139.332
320.31238 -14240.827
320.31238 -14244.041
320.32899 -14216.218
320.32899 -14219.433
320.3456 -14199.457
320.3456 -14202.672
320.36221 -14481.335
320.36221 -14484.548
320.37882 -14439.582
320.37882 -14442.794
320.39542 -14682.204
320.39542 -14685.419
320.40096 -14434.932
320.41203 -14611.572
320.41203 -14614.774
320.42864 -14574.823
320.42864 -14578.022
320.44525 -14558.496
320.44525 -14561.7
320.45632 -14157.677
320.46186 -14216.652
320.46186 -14219.855
320.47847 -14150.107
320.47847 -14153.315
320.49508 -14398.281
320.49508 -14401.491
320.51169 -14283.303
320.51169 -14286.505
320.52829 -14469.073
320.52829 -14297.744
320.5449 -13745.97
320.5449 -14160.799
320.56151 -13829.038
320.56151 -13832.264
320.57812 -14011.852
320.57812 -14015.072
320.59473 -13631.289
320.59473 -13634.499
320.60027 -13739.581
320.61134 -14018.618
320.61134 -14021.834
320.62795 -14200.425
320.62795 -14203.62
320.64456 -13909.967
320.64456 -13913.167
320.65563 -13868.326
320.66117 -13869.982
320.66117 -13873.204
320.67777 -14013.977
320.67777 -14017.173
320.69438 -13992.601
320.69438 -13995.804
320.71099 -13604.502
320.71099 -13607.704
320.7276 -13707.778
320.7276 -13710.988
320.74421 -14400.798
320.74421 -14404.002
320.76082 -13858.812
320.76082 -13862.02
320.76635 -14028.349
320.77743 -13972.237
320.77743 -13975.442
320.79404 -14004.793
320.79404 -14007.994
320.81064 -14045.859
320.81064 -14049.058
320.82172 -13757.293
320.82725 -13733.869
320.82725 -13737.066
320.84386 -13491.239
320.84386 -13494.452
320.86047 -13996.995
320.86047 -14000.197
320.87708 -13944.44
320.87708 -13947.649
320.89369 -14077.202
320.89369 -14080.414
320.9103 -13907.597
320.9103 -13910.792
320.92691 -13899.775
320.92691 -13902.972
320.93244 -14122.911
320.94352 -13774.949
320.94352 -13778.152
320.96012 -13631.721
320.96012 -13634.919
320.97673 -13935.786
320.97673 -13938.981
320.98781 -13439.831
320.99334 -13605.407
320.99334 -13608.61
321.00995 -13675.432
321.00995 -13678.634
321.02656 -13970.548
321.02656 -13973.754
321.04317 -13581.985
321.04317 -13585.183
321.05978 -13765.716
321.05978 -13768.905
321.07639 -13967.376
321.07639 -13970.595
321.09299 -13933.26
321.09299 -13936.451
321.09853 -13815.092
321.1096 -13903.13
321.1096 -13906.331
321.12621 -14011.85
321.12621 -14015.04
321.14282 -14296.706
321.14282 -14299.894
321.15389 -13588.159
321.15943 -13766.478
321.15943 -13769.662
321.17604 -14030.281
321.17604 -14033.461
321.19265 -13916.202
321.19265 -13919.397
321.20926 -13726.226
321.20926 -13729.418
321.22587 -14089.381
321.22587 -14092.568
321.24247 -13874.96
321.24247 -13878.153
321.25908 -13801.018
321.25908 -13804.22
321.26462 -13847.5
321.27569 -13992.909
321.27569 -13996.101
321.2923 -13885.66
321.2923 -13888.862
321.30891 -13808.776
321.30891 -13811.965
321.31998 -14131.587
321.32552 -14182.362
321.32552 -14185.545
321.34213 -14133.789
321.34213 -14136.974
321.35874 -13417.504
321.35874 -13420.697
321.37535 -13786.492
321.37535 -13789.685
321.39195 -13804.907
321.39195 -13808.102
321.40856 -13725.069
321.40856 -13728.288
321.42517 -13789.132
321.42517 -13792.327
321.43071 -14192.459
321.44178 -13856.819
321.44178 -13860.016
321.45839 -14074.848
321.45839 -14078.04
321.475 -13903.546
321.475 -13906.74
321.48607 -13696.172
321.49161 -13539.243
321.49161 -13542.45
321.50822 -13702.502
321.50822 -13705.698
321.52482 -13739.088
321.52482 -13742.29
321.54143 -14099.334
321.54143 -14102.526
321.55804 -13739.305
321.55804 -13742.496
321.57465 -13686.858
321.57465 -13690.05
321.59126 -13837.125
321.59126 -13840.312
321.5968 -13878.222
321.60787 -13999.401
321.60787 -14002.594
321.62448 -13829.835
321.62448 -13833.023
321.64109 -14011.866
321.64109 -14015.046
321.65216 -14043.535
321.6577 -14119.542
321.6577 -14122.721
321.6743 -14011.243
321.6743 -14014.42
321.69091 -13905.125
321.69091 -13908.314
321.70752 -14024.072
321.70752 -14027.249
321.72413 -13825.933
321.72413 -13829.114
321.74074 -13738.221
321.74074 -13741.397
321.75735 -13935.351
321.75735 -13938.529
321.76288 -13921.93
321.77396 -13918.187
321.77396 -13921.376
321.79057 -14067.99
321.79057 -14071.17
321.80717 -13968.646
321.80717 -13971.832
321.81825 -13778.103
321.82378 -13674.637
321.82378 -13677.827
321.84039 -13819.527
321.84039 -13822.719
321.857 -13617.622
321.857 -13620.809
321.87361 -14170.524
321.87361 -14173.708
321.89022 -14094.66
321.89022 -14097.848
321.89576 -13900.553
321.90683 -13876.573
321.90683 -13879.765
321.92344 -13955.064
321.92344 -13958.252
321.94005 -14028.89
321.94005 -14032.079
321.95112 -13875.617
321.95665 -13859.192
321.95665 -13862.372
321.97326 -13712.098
321.97326 -13715.265
321.98987 -13999.929
321.98987 -14003.1
322.00648 -14249.844
322.00648 -14253.017
322.02309 -13873.876
322.02309 -13877.052
322.0397 -13679.836
322.0397 -13683.02
322.05631 -13814.577
322.05631 -13817.762
322.06184 -13762.45
322.07292 -13912.296
322.07292 -13915.477
322.08952 -13674.86
322.08952 -13678.049
322.10613 -13786.687
322.10613 -13789.877
322.11721 -14055.801
322.12274 -14043.998
322.12274 -14047.185
322.13935 -13912.003
322.13935 -13915.193
322.15596 -13866.962
322.15596 -13870.144
322.17257 -13992.873
322.17257 -13996.062
322.18918 -13980.535
322.18918 -13983.716
322.20579 -13909.498
322.20579 -13912.683
322.2224 -13991.936
322.2224 -13995.129
322.22793 -13762.103
322.239 -13785.665
322.239 -13788.853
322.25561 -13901.003
322.25561 -13904.207
322.27222 -13710.438
322.27222 -13713.628
322.28329 -13793.132
322.28883 -14077.235
322.28883 -14080.434
322.30544 -14345.512
322.30544 -14348.713
322.32205 -13930.003
322.32205 -13933.183
322.33866 -14060.304
322.33866 -14063.491
322.35527 -13795.072
322.35527 -13798.251
322.37187 -14130.293
322.37187 -14133.477
322.38848 -14050.448
322.38848 -14053.637
322.39402 -13985.183
322.40509 -13915.103
322.40509 -13918.286
322.4217 -14056.543
322.4217 -14059.725
322.43831 -14143.945
322.43831 -14147.131
322.44938 -14052.744
322.45492 -14128.621
322.45492 -14131.815
322.47153 -13849.338
322.47153 -13852.519
322.48814 -13997.595
322.48814 -14000.781
322.50475 -14042.975
322.50475 -14046.154
322.52135 -13551.652
322.52135 -13554.83
322.53796 -13781.181
322.53796 -13784.363
322.55457 -13905.154
322.55457 -13908.332
322.56011 -14030.676
322.57118 -13930.397
322.57118 -13933.565
322.58779 -13859.449
322.58779 -13862.635
322.6044 -14098.628
322.6044 -14101.8
322.61547 -14223.904
322.62101 -14600.61
322.62101 -14603.783
322.63762 -13955.558
322.63762 -13958.731
322.65422 -13945.778
322.65422 -13948.953
322.67083 -13911.926
322.67083 -13915.098
322.68744 -13845.904
322.68744 -13849.084
322.70405 -13815.98
322.70405 -13819.153
322.72066 -14152.977
322.72066 -14156.143
322.7262 -14251.282
322.73727 -13832.589
322.73727 -13835.767
322.75388 -14080.681
322.75388 -14083.849
322.77049 -13878.895
322.77049 -13882.061
322.78156 -13918.148
322.7871 -13785.239
322.7871 -13788.42
322.8037 -14289.895
322.8037 -14293.06
322.82031 -13983.534
322.82031 -13986.707
322.83692 -14158.608
322.83692 -14161.787
322.85353 -14180.77
322.85353 -14183.94
322.87014 -14581.314
322.87014 -14584.503
322.88675 -14089.385
322.88675 -14092.55
322.89228 -14104.846
322.90336 -13911.167
322.90336 -13914.334
322.91997 -14248.448
322.91997 -14251.623
322.93658 -14104.448
322.93658 -14107.62
322.94765 -13742.691
322.95318 -14075.017
322.95318 -14078.169
322.96979 -13956.938
322.96979 -13960.103
322.9864 -14132.156
322.9864 -14135.317
323.00301 -14270.085
323.00301 -14273.257
323.01962 -14326.343
323.01962 -14329.51
323.03623 -14228.059
323.03623 -14231.228
323.05284 -14110.88
323.05284 -14114.04
323.05837 -14344.958
323.06945 -14326.047
323.06945 -14329.207
323.08605 -14154.985
323.08605 -14158.147
323.10266 -14009.793
323.10266 -14012.966
323.11374 -14529.987
323.11927 -14226.78
323.11927 -14229.944
323.13588 -13923.507
323.13588 -13926.668
323.15249 -14255.634
323.15249 -14258.802
323.1691 -14382.045
323.1691 -14385.209
323.18571 -14246.986
323.18571 -14250.155
323.20232 -14449.61
323.20232 -14452.775
323.21893 -14226.765
323.21893 -14229.929
323.22446 -14098.566
323.23553 -14235.769
323.23553 -14238.941
323.25214 -13875.188
323.25214 -13878.351
323.26875 -14455.566
323.26875 -14458.728
323.27982 -14462.08
323.28536 -14287.348
323.28536 -14290.504
323.30197 -13996.605
323.30197 -13999.768
323.31858 -14462.94
323.31858 -14466.094
323.33519 -14004.828
323.33519 -14008.0
323.3518 -14183.036
323.3518 -14186.202
323.3684 -14355.206
323.3684 -14358.371
323.38501 -14303.044
323.38501 -14306.195
323.39055 -14461.345
323.40162 -14044.739
323.40162 -14047.899
323.41823 -14134.458
323.41823 -14137.617
323.43484 -14622.731
323.43484 -14625.913
323.44591 -14096.252
323.45145 -14229.194
323.45145 -14232.357
323.46806 -14220.226
323.46806 -14223.389
323.48467 -14339.784
323.48467 -14342.947
323.50128 -14384.722
323.50128 -14387.886
323.51788 -14363.282
323.51788 -14366.456
323.53449 -14224.388
323.53449 -14080.485
323.5511 -14420.515
323.5511 -14423.678
323.56771 -14532.187
323.56771 -14535.35
323.58432 -14105.476
323.58432 -14108.639
323.58986 -14112.213
323.60093 -14345.756
323.60093 -14348.913
323.61754 -14200.227
323.61754 -14203.382
323.63415 -13955.046
323.63415 -13958.2
323.64522 -14212.018
323.65075 -14191.834
323.65075 -14194.999
323.66736 -13874.83
323.66736 -13877.98
323.68397 -14044.402
323.68397 -14047.578
323.70058 -14050.703
323.70058 -14053.865
323.71719 -14185.224
323.71719 -14188.389
323.7338 -14162.682
323.7338 -14165.844
323.75041 -14159.197
323.75041 -14162.37
323.75594 -14220.244
323.76702 -13804.87
323.76702 -13808.038
323.78363 -13920.087
323.78363 -14302.809
323.80023 -14379.252
323.80023 -14382.413
323.81684 -13873.761
323.81684 -13876.917
323.83345 -14339.198
323.83345 -14342.361
323.83899 -14192.335
323.85006 -14049.213
323.85006 -14052.366
323.86667 -13815.613
323.86667 -13818.76
323.88328 -14084.957
323.88328 -14088.118
323.89435 -14074.365
323.89989 -13841.894
323.89989 -13845.058
323.9165 -13848.335
323.9165 -13851.502
323.9331 -14219.357
323.9331 -14222.521
323.94971 -14388.823
323.94971 -14391.975
323.96632 -13881.793
323.96632 -13884.951
323.98293 -13956.725
323.98293 -13959.879
323.99954 -14199.741
323.99954 -14202.9
324.00508 -13743.523
324.01615 -13926.655
324.01615 -13929.819
324.03276 -13910.771
324.03276 -13913.927
324.04937 -13865.121
324.04937 -13868.272
324.06044 -13581.357
324.06598 -13904.252
324.06598 -13907.418
324.08258 -13873.483
324.08258 -13876.637
324.09919 -13873.415
324.09919 -13876.568
324.1158 -13898.569
324.1158 -13901.715
324.13241 -13902.892
324.13241 -13906.046
324.14902 -14037.062
324.14902 -14040.209
324.16563 -13824.318
324.16563 -13827.466
324.17116 -13479.018
324.18224 -13629.061
324.18224 -13632.202
324.19885 -13611.55
324.19885 -13614.695
324.21546 -13788.788
324.21546 -13791.936
324.22653 -13924.118
324.23206 -13594.324
324.23206 -13597.479
324.24867 -13925.75
324.24867 -13928.896
324.26528 -14070.443
324.26528 -14073.579
324.28189 -13755.693
324.28189 -13758.83
324.2985 -13631.709
324.2985 -13634.862
324.31511 -13861.385
324.31511 -13864.527
324.33172 -13793.077
324.33172 -13796.209
324.33725 -13483.447
324.34833 -13865.424
324.34833 -13868.57
324.36493 -13692.749
324.36493 -13695.884
324.38154 -13775.212
324.38154 -13778.347
324.39262 -13834.859
324.39815 -13745.116
324.39815 -13748.253
324.41476 -13547.539
324.41476 -13550.677
324.43137 -14119.477
324.43137 -14122.612
324.44798 -13697.167
324.44798 -13700.304
324.46459 -13467.961
324.46459 -13471.104
324.4812 -13656.372
324.4812 -13659.513
324.49781 -14089.828
324.49781 -14092.966
324.50334 -13621.787
324.51441 -13647.965
324.51441 -13651.108
324.53102 -13539.594
324.53102 -13542.737
324.54763 -13421.182
324.54763 -13424.326
324.5587 -13582.552
324.56424 -13963.073
324.56424 -13966.213
324.58085 -14215.995
324.58085 -14219.136
324.59746 -13605.613
324.59746 -13608.75
324.61407 -13942.536
324.61407 -13945.684
324.63068 -14167.787
324.63068 -14170.925
324.64728 -13697.374
324.64728 -13700.519
324.66389 -13793.84
324.66389 -13796.989
324.66943 -13791.677
324.6805 -13660.262
324.6805 -13663.4
324.69711 -13639.8
324.69711 -13642.939
324.71372 -13913.909
324.71372 -13917.055
324.72479 -13607.368
324.73033 -13952.476
324.73033 -13955.612
324.74694 -13553.662
324.74694 -13556.795
324.76355 -13380.574
324.76355 -13383.714
324.78016 -13654.621
324.78016 -13657.768
324.79676 -13765.17
324.79676 -13768.318
324.81337 -13466.516
324.81337 -13469.661
324.82998 -13559.396
324.82998 -13562.533
324.83552 -13416.597
324.84659 -13747.372
324.84659 -13750.522
324.8632 -13725.706
324.8632 -13728.841
324.87981 -13468.29
324.87981 -13471.427
324.89088 -13726.398
324.89642 -13681.301
324.89642 -13684.437
324.91303 -13781.276
324.91303 -13784.415
324.92963 -13554.708
324.92963 -13557.838
324.94624 -13534.517
324.94624 -13537.643
324.96285 -13829.613
324.96285 -13832.728
324.97946 -13806.568
324.97946 -13809.701
324.99607 -13621.777
324.99607 -13624.894
325.00161 -13584.755
325.01268 -13850.292
325.01268 -13853.411
325.02929 -13472.43
325.02929 -13475.552
325.0459 -13997.375
325.0459 -14000.499
325.05697 -13863.922
325.06251 -13941.258
325.06251 -13944.387
325.07911 -13433.611
325.07911 -13436.722
325.09572 -13580.593
325.09572 -13583.72
325.11233 -13366.532
325.11233 -13369.641
325.12894 -13656.176
325.12894 -13659.279
325.14555 -13884.659
325.14555 -13887.774
325.16216 -13603.882
325.16216 -13606.991
325.16769 -13682.651
325.17877 -13683.99
325.17877 -13687.106
325.19538 -13919.059
325.19538 -13922.177
325.21198 -13728.061
325.21198 -13731.18
325.22306 -13520.127
325.22859 -13522.685
325.22859 -13525.786
325.2452 -13814.852
325.2452 -13817.967
325.26181 -13704.113
325.26181 -13707.237
325.27842 -13625.969
325.27842 -13629.087
325.29503 -13951.994
325.29503 -13955.108
325.31164 -13861.935
325.31164 -13865.053
325.32825 -13702.724
325.32825 -13705.831
325.33378 -13618.25
325.34486 -13764.662
325.34486 -13767.783
325.36146 -13997.23
325.36146 -14000.348
325.37807 -13883.633
325.37807 -13886.758
325.38915 -13849.353
325.39468 -13593.273
325.39468 -13596.395
325.41129 -13829.754
325.41129 -13832.881
325.4279 -13789.384
325.4279 -13792.511
325.44451 -13262.402
325.44451 -13265.528
325.46112 -13557.725
325.46112 -13560.852
325.47773 -13658.581
325.47773 -13661.699
325.49434 -13463.9
325.49434 -13467.015
325.49987 -13809.334
325.51094 -13637.76
325.51094 -13640.879
325.52755 -13817.666
325.52755 -13820.795
325.54416 -13749.197
325.54416 -13752.313
325.55523 -13533.332
325.56077 -13425.933
325.56077 -13429.056
325.57738 -13837.634
325.57738 -13840.743
325.59399 -13538.872
325.59399 -13542.0
325.6106 -13367.461
325.6106 -13370.591
325.62721 -13661.347
325.62721 -13664.473
325.64381 -14098.811
325.64381 -14101.934
325.66042 -14293.835
325.66042 -14296.952
325.66596 -13942.238
325.67703 -13815.317
325.67703 -13818.444
325.69364 -13651.902
325.69364 -13655.022
325.71025 -13578.273
325.71025 -13581.395
325.72132 -13833.423
325.72686 -13659.716
325.72686 -13662.845
325.74347 -13799.247
325.74347 -13586.851
325.76008 -13642.39
325.76008 -13645.512
325.77669 -13561.713
325.77669 -13564.835
325.79329 -13719.906
325.79329 -13723.021
325.79883 -13661.783
325.8099 -13537.586
325.8099 -13540.706
325.82651 -13563.347
325.82651 -13566.471
325.84312 -13022.712
325.84312 -13025.82
325.85419 -13422.157
325.85973 -13594.319
325.85973 -13597.424
325.87634 -13515.192
325.87634 -13518.292
325.89295 -13074.275
325.89295 -13077.399
325.90956 -13604.679
325.90956 -13607.803
325.92616 -13677.921
325.92616 -13681.031
325.94277 -13072.024
325.94277 -13075.142
325.95938 -13205.228
325.95938 -13208.337
325.97599 -13492.022
325.97599 -13495.129
325.9926 -13661.355
325.9926 -13664.464
326.00921 -13443.07
326.00921 -13144.136
326.02582 -13357.15
326.02582 -13360.261
326.04243 -13130.094
326.04243 -13133.211
326.05904 -13094.74
326.05904 -13097.849
326.06457 -12921.543
326.07564 -13306.986
326.07564 -13310.092
326.09225 -13265.785
326.09225 -13268.891
326.10886 -13334.568
326.10886 -13337.686
326.11993 -12708.523
326.12547 -13076.488
326.12547 -13079.595
326.14208 -12957.259
326.14208 -12960.374
326.15869 -13275.434
326.15869 -13278.544
326.1753 -13052.842
326.1753 -13055.95
326.19191 -12986.37
326.19191 -12989.472
326.20851 -13244.941
326.20851 -13248.045
326.22512 -13409.96
326.22512 -13413.07
326.23066 -13039.463
326.24173 -13099.342
326.24173 -13102.438
326.25834 -13271.511
326.25834 -13274.601
326.27495 -13236.006
326.27495 -13239.109
326.28602 -12839.277
326.29156 -12982.683
326.29156 -12985.776
326.30817 -13154.314
326.30817 -13157.408
326.32478 -13512.919
326.32478 -13516.016
326.34139 -13257.293
326.34139 -13260.383
326.35799 -13030.79
326.35799 -13033.892
326.3746 -13087.2
326.3746 -13090.296
326.39121 -13519.834
326.39121 -13522.935
326.39675 -13256.191
326.40782 -13076.175
326.40782 -13079.264
326.42443 -12941.506
326.42443 -12944.598
326.44104 -13532.931
326.44104 -13536.033
326.45211 -12784.233
326.45765 -13060.455
326.45765 -13063.565
326.47426 -13064.224
326.47426 -13067.334
326.49086 -13081.372
326.49086 -13084.472
326.50747 -13116.109
326.50747 -13119.208
326.52408 -13079.907
326.52408 -13083.01
326.54069 -13094.015
326.54069 -13097.114
326.5573 -13487.326
326.5573 -13490.428
326.56284 -13504.442
326.57391 -13224.836
326.57391 -13227.943
326.59052 -12816.329
326.59052 -12819.437
326.60713 -13245.265
326.60713 -13248.364
326.6182 -13279.698
326.62374 -13607.076
326.62374 -13610.187
326.64034 -13087.573
326.64034 -13090.675
326.65695 -13218.853
326.65695 -13221.955
326.67356 -13273.476
326.67356 -13276.584
326.69017 -13240.419
326.69017 -13243.524
326.70678 -13103.546
326.70678 -13106.654
326.72339 -13355.827
326.72339 -13358.946
326.72892 -13386.743
326.74 -13329.926
326.74 -13333.032
326.75661 -13090.126
326.75661 -13093.233
326.77322 -13238.397
326.77322 -13241.504
326.78429 -13331.822
326.78982 -13271.279
326.78982 -13274.387
326.80643 -13277.076
326.80643 -13280.181
326.82304 -13395.29
326.82304 -13398.402
326.83965 -13392.226
326.83965 -13395.331
326.85626 -13577.161
326.85626 -13580.257
326.87287 -13239.485
326.87287 -13242.589
326.88948 -13228.834
326.88948 -13231.943
326.89501 -13248.663
326.90609 -13116.42
326.90609 -13119.517
326.92269 -13183.931
326.92269 -13187.047
326.9393 -13145.786
326.9393 -13148.892
326.95038 -13146.355
326.95591 -13791.394
326.95591 -13794.494
326.97252 -13291.038
326.97252 -13294.136
326.98913 -13142.561
326.98913 -13145.676
327.00574 -13280.531
327.00574 -13283.635
327.02235 -13419.766
327.02235 -13422.887
327.03896 -13084.197
327.03896 -13087.294
327.05557 -13117.475
327.05557 -13120.583
327.0611 -13166.039
327.07217 -13254.776
327.07217 -13257.873
327.08878 -13662.178
327.08878 -13665.273
327.10539 -13539.731
327.10539 -13542.834
327.11646 -13688.133
327.122 -13442.302
327.122 -13445.399
327.13861 -13205.374
327.13861 -13208.456
327.15522 -13350.113
327.15522 -13353.21
327.17183 -13261.127
327.17183 -13264.227
327.18844 -13059.684
327.18844 -13062.787
327.20504 -13280.079
327.20504 -13283.172
327.22165 -13175.531
327.22165 -13178.605
327.22719 -13235.06
327.23826 -13195.579
327.23826 -13198.681
327.25487 -13381.352
327.25487 -13384.439
327.27148 -13303.949
327.27148 -13307.046
327.28255 -13187.883
327.28809 -12859.11
327.28809 -12862.205
327.3047 -12861.782
327.3047 -12864.882
327.32131 -13320.503
327.32131 -13323.603
327.33792 -13021.936
327.33792 -13025.044
327.35452 -12963.194
327.35452 -12966.285
327.37113 -13125.559
327.37113 -13128.657
327.38774 -13340.164
327.38774 -13343.266
327.40435 -13175.977
327.40435 -13147.67
327.42096 -13046.167
327.42096 -13049.261
327.43757 -12959.956
327.43757 -12963.057
327.45418 -12818.989
327.45418 -12822.085
327.45971 -13018.046
327.47079 -13140.88
327.47079 -13143.967
327.48739 -13040.149
327.48739 -13043.241
327.504 -13150.316
327.504 -13153.404
327.51508 -13373.248
327.52061 -13089.558
327.52061 -13092.652
327.53722 -13070.122
327.53722 -13073.199
327.55383 -13186.548
327.55383 -13189.633
327.57044 -12884.902
327.57044 -12887.982
327.58705 -12976.791
327.58705 -12979.881
327.60366 -13376.31
327.60366 -13379.393
327.62027 -13300.373
327.62027 -13303.458
327.6258 -13075.678
327.63687 -13118.496
327.63687 -13121.577
327.65348 -12932.337
327.65348 -12935.42
327.67009 -12881.813
327.67009 -12884.887
327.68116 -13125.28
327.6867 -13122.33
327.6867 -13125.426
327.70331 -12740.479
327.70331 -12743.56
327.71992 -12933.208
327.71992 -12936.299
327.73653 -12951.244
327.73653 -12954.327
327.75314 -13049.974
327.75314 -13053.068
327.76974 -13071.741
327.76974 -13074.822
327.78635 -12776.195
327.78635 -12779.284
327.79189 -12835.041
327.80296 -12966.277
327.80296 -12969.356
327.81957 -13377.673
327.81957 -13380.749
327.83618 -13019.657
327.83618 -13022.733
327.84725 -12832.925
327.85279 -13352.573
327.85279 -13355.65
327.8694 -13197.525
327.8694 -13200.602
327.88601 -13053.988
327.88601 -13057.061
327.90262 -12751.462
327.90262 -12754.551
327.91922 -12947.194
327.91922 -12950.276
327.93583 -13269.415
327.93583 -13272.487
327.95244 -12615.583
327.95244 -12618.651
327.95798 -12737.688
327.96905 -12905.488
327.96905 -12908.556
327.98566 -13435.951
327.98566 -13439.03
328.00227 -13116.464
328.00227 -13119.541
328.01334 -12941.928
328.01888 -12455.431
328.01888 -12458.498
328.03549 -12893.015
328.03549 -12896.08
328.0521 -13441.629
328.0521 -13444.692
328.0687 -12881.567
328.0687 -12884.63
328.08531 -12887.846
328.08531 -12890.9
328.10192 -13070.469
328.10192 -13073.544
328.11853 -13243.88
328.11853 -13246.938
328.12407 -13176.394
328.13514 -13147.39
328.13514 -13150.45
328.15175 -12964.376
328.15175 -12967.439
328.16836 -12853.55
328.16836 -12856.624
328.17943 -12634.375
328.18497 -12669.497
328.18497 -12672.556
328.20157 -12935.856
328.20157 -12938.919
328.21818 -13028.794
328.21818 -13031.864
328.23479 -13058.87
328.23479 -13061.938
328.2514 -12765.368
328.2514 -12768.442
328.26801 -12742.5
328.26801 -12745.567
328.28462 -13157.75
328.28462 -13160.819
328.29016 -13081.194
328.30123 -12798.815
328.30123 -12801.886
328.31784 -12736.23
328.31784 -12739.289
328.33445 -12704.556
328.33445 -12707.614
328.34552 -13004.453
328.35105 -12958.412
328.35105 -12961.468
328.36766 -12962.214
328.36766 -12965.268
328.38427 -12988.256
328.38427 -12991.313
328.40088 -13201.134
328.40088 -13204.192
328.41749 -12768.062
328.41749 -12771.115
328.4341 -12842.868
328.4341 -12845.939
328.45071 -12855.967
328.45071 -12859.029
328.45624 -12523.313
328.46732 -12764.406
328.46732 -12767.468
328.48392 -12816.084
328.48392 -12819.147
328.50053 -13071.299
328.50053 -13074.358
328.51161 -13106.998
328.51714 -12994.526
328.51714 -12997.577
328.53375 -13130.058
328.53375 -13133.121
328.55036 -13194.1
328.55036 -13197.163
328.56697 -12740.727
328.56697 -12743.784
328.58358 -12906.186
328.58358 -12909.248
328.60019 -13150.0
328.60019 -13153.061
328.6168 -13213.487
328.6168 -13216.552
328.62233 -13061.386
328.6334 -13191.631
328.6334 -13194.692
328.65001 -12838.361
328.65001 -12841.415
328.66662 -13397.958
328.66662 -13401.021
328.67769 -13258.225
328.68323 -13336.011
328.68323 -13339.076
328.69984 -12952.449
328.69984 -12955.506
328.71645 -13344.093
328.71645 -13347.153
328.73306 -12773.873
328.73306 -12776.924
328.74967 -13096.402
328.74967 -13099.469
328.76627 -13044.26
328.76627 -13047.305
328.78288 -12945.229
328.78288 -12948.283
328.78842 -12972.889
328.79949 -13436.63
328.79949 -13439.692
328.8161 -13264.88
328.8161 -13267.928
328.83271 -13211.206
328.83271 -13214.265
328.84378 -13121.943
328.84932 -13218.822
328.84932 -13221.882
328.86593 -13203.025
328.86593 -13206.08
328.88254 -13575.009
328.88254 -13578.069
328.89915 -13086.178
328.89915 -13089.24
328.91575 -13047.386
328.91575 -13050.445
328.93236 -13033.7
328.93236 -13036.765
328.94897 -13510.898
328.94897 -13513.961
328.95451 -13298.946
328.96558 -13333.943
328.96558 -13337.006
328.98219 -13276.668
328.98219 -13279.734
328.9988 -13445.433
328.9988 -13448.49
329.00987 -12978.604
329.01541 -12996.767
329.01541 -12999.832
329.03202 -12878.497
329.03202 -12881.558
329.04862 -13131.981
329.04862 -13135.045
329.06523 -13276.57
329.06523 -13279.635
329.08184 -13296.566
329.08184 -13299.628
329.09845 -13216.57
329.09845 -13219.628
329.11506 -12989.306
329.11506 -12992.373
329.1206 -12822.808
329.13167 -13337.401
329.13167 -13340.462
329.14828 -13188.439
329.14828 -13191.496
329.16489 -13261.776
329.16489 -13264.823
329.17596 -13548.47
329.1815 -13345.754
329.1815 -13348.811
329.1981 -13383.033
329.1981 -13386.082
329.21471 -13230.944
329.21471 -13234.011
329.23132 -13382.232
329.23132 -13385.299
329.24793 -13157.665
329.24793 -13160.725
329.26454 -13420.548
329.26454 -13423.609
329.28115 -13159.741
329.28115 -13162.8
329.28668 -13081.794
329.29776 -13262.207
329.29776 -13265.28
329.31437 -13262.803
329.31437 -13265.873
329.33098 -13097.363
329.33098 -13100.409
329.34205 -13247.494
329.34758 -13384.957
329.34758 -13388.013
329.36419 -13423.73
329.36419 -13426.789
329.3808 -13534.032
329.3808 -13537.07
329.39741 -13113.81
329.39741 -13116.864
329.41402 -13277.885
329.41402 -13280.94
329.43063 -13386.864
329.43063 -13389.912
329.44724 -13377.497
329.44724 -13380.562
329.45277 -13471.221
329.46385 -13309.472
329.46385 -13312.5
329.48045 -13514.233
329.48045 -13517.278
329.49706 -13460.704
329.49706 -13463.749
329.50814 -13440.114
329.51367 -13605.556
329.51367 -13608.607
329.53028 -13439.87
329.53028 -13442.903
329.54689 -13476.628
329.54689 -13479.681
329.5635 -13297.943
329.5635 -13300.99
329.58011 -13371.156
329.58011 -13374.201
329.59672 -13703.11
329.59672 -13706.165
329.61333 -13444.238
329.61333 -13447.293
329.61886 -13542.757
329.62993 -13637.204
329.62993 -13640.249
329.64654 -13232.383
329.64654 -13235.427
329.66315 -13426.855
329.66315 -13429.907
329.67422 -13577.482
329.67976 -13685.641
329.67976 -13688.688
329.69637 -13404.141
329.69637 -13407.18
329.71298 -13457.491
329.71298 -13460.533
329.72959 -13421.182
329.72959 -13424.224
329.7462 -13397.799
329.7462 -13400.841
329.7628 -13283.868
329.7628 -13286.921
329.77941 -13300.654
329.77941 -13303.695
329.78495 -13269.95
329.79602 -13198.333
329.79602 -13201.375
329.81263 -13434.885
329.81263 -13437.938
329.82924 -13131.394
329.82924 -13134.435
329.84031 -13568.762
329.84585 -13199.06
329.84585 -13202.117
329.86246 -13044.363
329.86246 -13047.416
329.87907 -13574.582
329.87907 -13577.63
329.89568 -13325.771
329.89568 -13328.822
329.91228 -13276.481
329.91228 -13279.53
329.92889 -13722.233
329.92889 -13492.086
329.9455 -13483.773
329.9455 -13486.822
329.96211 -13573.109
329.96211 -13576.16
329.97872 -13523.767
329.97872 -13526.816
329.98426 -13114.686
329.99533 -13551.383
329.99533 -13554.431
330.01194 -13654.204
330.01194 -13657.25
330.02855 -13184.538
330.02855 -13187.585
330.03962 -13683.248
330.04515 -13673.798
330.04515 -13676.846
330.06176 -13292.019
330.06176 -13295.068
330.07837 -13105.528
330.07837 -13108.581
330.09498 -13647.706
330.09498 -13650.755
330.11159 -13814.313
330.11159 -13817.364
330.1282 -13517.033
330.1282 -13520.094
330.14481 -13333.783
330.14481 -13336.83
330.15034 -13252.069
330.16142 -13852.769
330.16142 -13855.819
330.17803 -13416.774
330.17803 -13419.822
330.19463 -13062.733
330.19463 -13065.782
330.20571 -13422.366
330.21124 -13699.982
330.21124 -13703.034
330.22785 -13706.125
330.22785 -13274.995
330.24446 -13532.552
330.24446 -13535.602
330.26107 -13442.112
330.26107 -13445.164
330.27768 -13176.096
330.27768 -13179.142
330.28321 -13441.889
330.29429 -13590.346
330.29429 -13593.395
330.3109 -12992.184
330.3109 -12995.23
330.3275 -13295.849
330.3275 -13298.889
330.33858 -13249.794
330.34411 -13122.877
330.34411 -13125.928
330.36072 -13076.358
330.36072 -13079.4
330.37733 -13210.022
330.37733 -13213.066
330.39394 -13339.15
330.39394 -13342.205
330.41055 -13717.247
330.41055 -13720.3
330.42716 -12705.116
330.42716 -12708.161
330.44377 -13087.417
330.44377 -13090.466
330.4493 -12881.564
330.46038 -13553.977
330.46038 -13557.008
330.47698 -13166.58
330.47698 -13169.615
330.49359 -13591.528
330.49359 -13594.572
330.50467 -13495.266
330.5102 -13279.282
330.5102 -13282.32
330.52681 -13228.302
330.52681 -13231.351
330.54342 -13093.063
330.54342 -13096.104
330.56003 -13158.331
330.56003 -13161.381
330.57664 -13247.051
330.57664 -13250.095
330.59325 -12890.426
330.59325 -12893.463
330.60986 -13104.657
330.60986 -13107.703
330.61539 -13041.152
330.62646 -13483.029
330.62646 -13486.075
330.64307 -13433.803
330.64307 -13436.839
330.65968 -13162.606
330.65968 -13165.65
330.67075 -12963.221
330.67629 -13020.473
330.67629 -13023.518
330.6929 -13389.199
330.6929 -13392.234
330.70951 -13343.462
330.70951 -13346.499
330.72612 -13129.662
330.72612 -13132.708
330.74273 -13201.873
330.74273 -13204.919
330.75933 -12735.055
330.75933 -12738.093
330.77594 -13174.315
330.77594 -13177.358
330.78148 -13376.884
330.79255 -13170.702
330.79255 -13173.735
330.80916 -13162.09
330.80916 -13165.124
330.82577 -13312.243
330.82577 -13315.259
330.83684 -12798.611
330.84238 -13075.387
330.84238 -13078.417
330.85899 -13192.165
330.85899 -13195.197
330.8756 -13012.982
330.8756 -13016.006
330.89221 -13023.143
330.89221 -13026.168
330.90881 -12947.553
330.90881 -12950.589
330.92542 -13010.044
330.92542 -13013.067
330.94203 -12879.391
330.94203 -12882.415
330.94757 -13307.995
330.95864 -12779.758
330.95864 -12782.775
330.97525 -12800.71
330.97525 -12803.736
330.99186 -13218.823
330.99186 -13221.848
331.00293 -13080.261
331.00847 -13069.294
331.00847 -13072.318
331.02508 -13067.32
331.02508 -13070.355
331.04168 -13102.816
331.04168 -13105.837
331.05829 -12933.492
331.05829 -12936.514
331.0749 -12948.236
331.0749 -12951.274
331.09151 -13099.453
331.09151 -13102.484
331.10812 -13140.556
331.10812 -13143.585
331.11366 -13239.822
331.12473 -12742.76
331.12473 -12745.78
331.14134 -12970.658
331.14134 -12973.688
331.15795 -13151.55
331.15795 -13154.575
331.16902 -13189.611
331.17456 -13189.791
331.17456 -13192.825
331.19116 -13016.721
331.19116 -13019.751
331.20777 -13259.465
331.20777 -13262.491
331.22438 -12818.053
331.22438 -12821.079
331.24099 -12978.365
331.24099 -12981.387
331.2576 -13148.84
331.2576 -13151.868
331.27421 -13196.524
331.27421 -13199.552
331.27974 -13127.932
331.29082 -13458.392
331.29082 -13461.412
331.30743 -12820.331
331.30743 -12823.357
331.32403 -13126.786
331.32403 -13129.798
331.33511 -13254.98
331.34064 -13261.799
331.34064 -13264.814
331.35725 -12934.17
331.35725 -12937.19
331.37386 -13128.43
331.37386 -13131.442
331.39047 -13115.112
331.39047 -13121.453
331.40708 -13120.555
331.40708 -13123.582
331.42369 -13234.216
331.42369 -13237.229
331.4403 -12997.244
331.4403 -13000.261
331.44583 -13176.608
331.45691 -13049.539
331.45691 -13052.559
331.47351 -13048.776
331.47351 -13051.802
331.49012 -12996.917
331.49012 -12999.955
331.5012 -13229.324
331.50673 -13044.67
331.50673 -13047.691
331.52334 -12722.829
331.52334 -12725.858
331.53995 -12768.08
331.53995 -12771.108
331.55656 -13100.864
331.55656 -13103.887
331.57317 -13416.583
331.57317 -13419.603
331.58978 -13077.785
331.58978 -13080.803
331.60638 -12949.25
331.60638 -12952.272
331.61192 -13050.195
331.62299 -13057.79
331.62299 -13060.813
331.6396 -13268.928
331.6396 -13271.95
331.65621 -12756.312
331.65621 -12759.34
331.66728 -13164.976
331.67282 -12922.842
331.67282 -12925.863
331.68943 -13368.92
