331.68943 -12699.148
331.70604 -12936.385
331.70604 -12939.409
331.72265 -13198.106
331.72265 -13201.134
331.73926 -13086.152
331.73926 -13089.181
331.74479 -12925.59
331.75586 -12848.89
331.75586 -12851.913
331.77247 -12969.297
331.77247 -12972.321
331.78908 -13212.906
331.78908 -13215.929
331.80015 -12803.533
331.80569 -13222.462
331.80569 -13225.48
331.8223 -12941.966
331.8223 -12944.987
331.83891 -12958.78
331.83891 -12961.795
331.85552 -12912.464
331.85552 -12915.476
331.87213 -12726.807
331.87213 -12729.82
331.88874 -13003.038
331.88874 -13006.053
331.90534 -12999.601
331.90534 -13002.614
331.91088 -13177.654
331.92195 -12639.174
331.92195 -12642.192
331.93856 -12884.779
331.93856 -12887.794
331.95517 -12825.99
331.95517 -12828.998
331.96624 -12874.155
331.97178 -12814.382
331.97178 -12817.402
331.98839 -13139.654
331.98839 -13142.667
332.005 -13028.437
332.005 -13031.447
332.02161 -12783.21
332.02161 -12786.206
332.03821 -12766.706
332.03821 -12769.71
332.05482 -12722.67
332.05482 -12725.669
332.07143 -12570.295
332.07143 -12573.296
332.07697 -13016.495
332.08804 -12698.826
332.08804 -12701.817
332.10465 -12572.858
332.10465 -12575.854
332.12126 -12672.28
332.12126 -12675.277
332.13233 -13224.366
332.13787 -13127.487
332.13787 -13130.485
332.15448 -12783.007
332.15448 -12786.0
332.17109 -12654.164
332.17109 -12657.161
332.18769 -12743.812
332.18769 -12746.814
332.2043 -12660.766
332.2043 -12663.764
332.22091 -12469.686
332.22091 -12472.687
332.23752 -12702.452
332.23752 -12705.44
332.24306 -12805.56
332.25413 -12684.929
332.25413 -12687.918
332.27074 -12737.996
332.27074 -12740.984
332.28735 -12704.128
332.28735 -12707.121
332.29842 -12882.776
332.30396 -12788.986
332.30396 -12791.964
332.32056 -12858.455
332.32056 -12861.435
332.33717 -12530.971
332.33717 -12533.96
332.35378 -12535.898
332.35378 -12538.886
332.37039 -13039.533
332.37039 -13042.525
332.387 -12741.355
332.387 -12744.333
332.40361 -12546.292
332.40361 -12549.277
332.40915 -12945.877
332.42022 -12597.431
332.42022 -12600.417
332.43683 -13170.076
332.43683 -13173.047
332.45344 -12761.699
332.45344 -12764.683
332.46451 -12875.957
332.47004 -12698.03
332.47004 -12701.014
332.48665 -12845.099
332.48665 -12848.08
332.50326 -12696.434
332.50326 -12699.416
332.51987 -12868.508
332.51987 -12871.497
332.53648 -12406.936
332.53648 -12409.915
332.55309 -12856.237
332.55309 -12859.211
332.5697 -12960.082
332.5697 -12963.071
332.57523 -12871.706
332.58631 -12543.645
332.58631 -12546.623
332.60291 -12814.06
332.60291 -12817.065
332.61952 -12815.539
332.61952 -12818.51
332.6306 -12860.947
332.63613 -13115.277
332.63613 -13118.263
332.65274 -12805.479
332.65274 -12808.461
332.66935 -12954.417
332.66935 -12957.399
332.68596 -12979.584
332.68596 -12982.565
332.70257 -12654.332
332.70257 -12657.316
332.71918 -12407.869
332.71918 -12410.845
332.73579 -12420.322
332.73579 -12423.302
332.74132 -12473.488
332.75239 -12783.109
332.75239 -12786.083
332.769 -12564.878
332.769 -12567.858
332.78561 -12563.605
332.78561 -12566.58
332.79668 -12693.602
332.80222 -12662.822
332.80222 -12665.803
332.81883 -12788.413
332.81883 -12791.397
332.83544 -12872.818
332.83544 -12875.794
332.85205 -12460.866
332.85205 -12463.841
332.86866 -12753.337
332.86866 -12756.315
332.88526 -12603.419
332.88526 -12606.393
332.90187 -12773.938
332.90187 -12776.915
332.90741 -12684.826
332.91848 -12693.069
332.91848 -12696.042
332.93509 -12987.002
332.93509 -12989.983
332.9517 -13173.5
332.9517 -13176.479
332.96277 -12866.106
332.96831 -13028.135
332.96831 -13031.105
332.98492 -12811.322
332.98492 -12814.3
333.00153 -12519.364
333.00153 -12522.346
333.01814 -12500.913
333.01814 -12503.893
333.03474 -12823.906
333.03474 -12826.889
333.05135 -12809.586
333.05135 -12812.562
333.06796 -12790.543
333.06796 -12793.517
333.0735 -12664.49
333.08457 -12276.807
333.08457 -12279.787
333.10118 -12447.503
333.10118 -12450.469
333.11779 -12884.019
333.11779 -12887.004
333.12886 -12692.435
333.1344 -12654.705
333.1344 -12657.69
333.15101 -12907.741
333.15101 -12910.714
333.16762 -12505.339
333.16762 -12508.316
333.18422 -12881.424
333.18422 -12884.395
333.20083 -12905.633
333.20083 -12908.605
333.21744 -12791.773
333.21744 -12794.749
333.23405 -12953.743
333.23405 -12956.727
333.25066 -12694.459
333.25066 -12697.43
333.26727 -12840.885
333.26727 -12843.867
333.28388 -12836.747
333.28388 -12839.721
333.30049 -12807.741
333.30049 -12810.713
333.31709 -13151.684
333.31709 -13154.665
333.32263 -12646.248
333.3337 -12830.802
333.3337 -12833.787
333.35031 -12782.706
333.35031 -12785.691
333.36692 -12702.203
333.36692 -12705.184
333.37799 -12906.022
333.38353 -12752.231
333.38353 -12755.217
333.40014 -13010.948
333.40014 -12916.411
333.41675 -12775.344
333.41675 -12778.323
333.43336 -12561.478
333.43336 -12564.458
333.44997 -13014.689
333.44997 -13017.666
333.4555 -12707.437
333.46657 -13020.464
333.46657 -13023.446
333.48318 -12763.81
333.48318 -12766.789
333.49979 -12617.69
333.49979 -12620.681
333.51086 -12663.239
333.5164 -12781.974
333.5164 -12784.953
333.53301 -13008.776
333.53301 -13011.757
333.54962 -12899.958
333.54962 -12902.94
333.56623 -12860.077
333.56623 -12863.058
333.58284 -12719.839
333.58284 -12722.819
333.59944 -12898.418
333.59944 -12901.403
333.61605 -12863.395
333.61605 -12866.378
333.62159 -12746.948
333.63266 -13087.833
333.63266 -13090.805
333.64927 -12935.793
333.64927 -12938.76
333.66588 -12911.716
333.66588 -12914.694
333.67695 -12877.007
333.68249 -12707.145
333.68249 -12710.121
333.6991 -12494.369
333.6991 -12497.344
333.71571 -12668.334
333.71571 -12671.316
333.73232 -12749.733
333.73232 -12752.708
333.74892 -12868.917
333.74892 -12871.887
333.76553 -13058.47
333.76553 -13061.454
333.78214 -12574.745
333.78214 -12755.797
333.79875 -12467.173
333.79875 -12180.037
333.81536 -12482.086
333.81536 -12485.052
333.83197 -12545.949
333.83197 -12548.918
333.84858 -12684.003
333.84858 -12686.967
333.85411 -12826.059
333.86519 -12649.312
333.86519 -12652.281
333.88179 -12574.176
333.88179 -12577.157
333.8984 -12371.034
333.8984 -12374.005
333.90948 -12026.239
333.91501 -12107.463
333.91501 -12110.436
333.93162 -12241.887
333.93162 -12244.86
333.94823 -12359.728
333.94823 -12362.702
333.96484 -12286.703
333.96484 -12289.67
333.98145 -12259.367
333.98145 -12262.342
333.99806 -12265.516
333.99806 -12268.481
334.01467 -12270.84
334.01467 -12273.806
334.0202 -12400.336
334.03127 -12563.855
334.03127 -12566.822
334.04788 -12352.121
334.04788 -12355.084
334.06449 -12426.808
334.06449 -12429.772
334.07556 -12211.122
334.0811 -11989.264
334.0811 -11992.229
334.09771 -12189.892
334.09771 -12192.861
334.11432 -12135.109
334.11432 -12138.067
334.13093 -12370.657
334.13093 -12373.626
334.14754 -12661.818
334.14754 -12664.781
334.16414 -12136.131
334.16414 -12139.1
334.18075 -12143.498
334.18075 -12146.467
334.18629 -12220.023
334.19736 -12598.848
334.19736 -12601.807
334.21397 -12228.313
334.21397 -12231.277
334.23058 -12263.918
334.23058 -12266.89
334.24165 -12205.824
334.24719 -12508.275
334.24719 -12511.235
334.2638 -12169.072
334.2638 -12172.032
334.28041 -12287.311
334.28041 -12290.273
334.29702 -12187.862
334.29702 -12190.815
334.31362 -12456.474
334.31362 -12459.428
334.33023 -12506.673
334.33023 -12509.642
334.34684 -12370.562
334.34684 -12373.505
334.35238 -12537.045
334.36345 -12280.196
334.36345 -12283.145
334.38006 -12295.334
334.38006 -12298.282
334.39667 -12448.999
334.39667 -12451.958
334.40774 -12212.222
334.41328 -12155.079
334.41328 -12158.026
334.42989 -12295.42
334.42989 -12298.369
334.4465 -12463.434
334.4465 -12466.378
334.4631 -12134.278
334.4631 -12137.224
334.47971 -12192.326
334.47971 -12195.273
334.49632 -12614.237
334.49632 -12617.18
334.51293 -12372.325
334.51293 -12375.274
334.51847 -12275.663
334.52954 -12484.671
334.52954 -12487.619
334.54615 -12804.63
334.54615 -12807.575
334.56276 -12750.695
334.56276 -12753.634
334.57383 -12299.834
334.57937 -12167.755
334.57937 -12170.702
334.59597 -12212.307
334.59597 -12215.244
334.61258 -11889.848
334.61258 -11892.794
334.62919 -12168.033
334.62919 -12170.985
334.6458 -11962.259
334.6458 -11965.213
334.66241 -12363.756
334.66241 -12366.709
334.67902 -12278.884
334.67902 -12281.839
334.68455 -12107.182
334.69563 -12294.245
334.69563 -12297.203
334.71224 -12736.101
334.71224 -12739.051
334.72885 -12009.315
334.72885 -12012.262
334.73992 -12163.337
334.74545 -12108.794
334.74545 -12111.742
334.76206 -12288.86
334.76206 -12291.804
334.77867 -12006.665
334.77867 -12009.614
334.79528 -12238.494
334.79528 -12241.446
334.81189 -12566.69
334.81189 -12569.642
334.8285 -12531.359
334.8285 -12534.31
334.84511 -12131.083
334.84511 -12134.04
334.85064 -12476.976
334.86172 -12386.525
334.86172 -12389.469
334.87832 -12592.346
334.87832 -12595.293
334.89493 -12057.351
334.89493 -12060.301
334.90601 -12520.319
334.91154 -12586.968
334.91154 -12589.912
334.92815 -12427.961
334.92815 -12430.915
334.94476 -12396.899
334.94476 -12399.873
334.96137 -12306.592
334.96137 -12309.541
334.97798 -12185.082
334.97798 -12188.027
334.99459 -12675.597
334.99459 -12678.543
335.0112 -12451.558
335.0112 -12454.505
335.01673 -12197.209
335.0278 -12449.261
335.0278 -12452.202
335.04441 -12674.962
335.04441 -12677.9
335.06102 -12154.046
335.06102 -12156.991
335.07209 -12189.101
335.07763 -12630.789
335.07763 -12633.734
335.09424 -12318.335
335.09424 -12321.283
335.11085 -12223.567
335.11085 -12226.524
335.12746 -12334.744
335.12746 -12337.708
335.14407 -12238.929
335.14407 -12241.883
335.16067 -12535.984
335.16067 -12538.938
335.17728 -12516.537
335.17728 -12519.491
335.18282 -12503.664
335.19389 -12683.998
335.19389 -12686.948
335.2105 -12168.982
335.2105 -12171.934
335.22711 -12380.405
335.22711 -12383.348
335.23818 -12569.624
335.24372 -12616.953
335.24372 -12619.897
335.26033 -12427.641
335.26033 -12430.59
335.27694 -12503.282
335.27694 -12506.233
335.29355 -12351.779
335.29355 -12354.719
335.31015 -12779.806
335.31015 -12782.747
335.32676 -12365.187
335.32676 -12368.127
335.34337 -12468.268
335.34337 -12471.213
335.34891 -12674.668
335.35998 -12582.76
335.35998 -12585.706
335.37659 -12482.153
335.37659 -12485.098
335.3932 -12754.973
335.3932 -12757.922
335.40427 -12465.369
335.40981 -12049.271
335.40981 -12052.222
335.42642 -12270.593
335.42642 -12273.536
335.44302 -12806.757
335.44302 -12809.708
335.45963 -12420.913
335.45963 -12423.851
335.47624 -12513.899
335.47624 -12516.845
335.49285 -12342.921
335.49285 -12345.859
335.50946 -12600.992
335.50946 -12603.933
335.515 -12864.962
335.52607 -12586.367
335.52607 -12589.309
335.54268 -12339.432
335.54268 -12342.373
335.55929 -12147.804
335.55929 -12150.743
335.57036 -12123.863
335.5759 -12205.992
335.5759 -12208.938
335.5925 -12278.705
335.5925 -12281.659
335.60911 -12338.49
335.60911 -12341.436
335.62572 -12300.778
335.62572 -12303.718
335.64233 -12459.632
335.64233 -12462.582
335.65894 -12632.359
335.65894 -12635.303
335.67555 -12549.325
335.67555 -12552.263
335.68108 -12501.605
335.69216 -12379.397
335.69216 -12382.336
335.70877 -12577.004
335.70877 -12579.945
335.72538 -12649.366
335.72538 -12652.301
335.73645 -12298.638
335.74198 -12346.423
335.74198 -12349.362
335.75859 -12368.206
335.75859 -12371.147
335.7752 -12554.69
335.7752 -12557.628
335.79181 -12244.378
335.79181 -12247.326
335.80842 -12382.568
335.80842 -12385.511
335.82503 -12571.753
335.82503 -12574.695
335.84164 -12437.251
335.84164 -12440.183
335.84717 -12197.061
335.85825 -12541.822
335.85825 -12544.758
335.87485 -12426.514
335.87485 -12429.453
335.89146 -12559.737
335.89146 -12562.665
335.90254 -12513.015
335.90807 -12689.055
335.90807 -12691.99
335.92468 -12466.027
335.92468 -12468.951
335.94129 -12720.812
335.94129 -12723.745
335.9579 -12563.728
335.9579 -12566.665
335.97451 -12675.197
335.97451 -12678.133
335.99112 -12497.368
335.99112 -12500.298
336.00773 -12588.707
336.00773 -12591.645
336.01326 -12565.335
336.02433 -12549.838
336.02433 -12552.787
336.04094 -12231.895
336.04094 -12234.832
336.05755 -12507.283
336.05755 -12510.218
336.06862 -12543.258
336.07416 -12616.753
336.07416 -12619.678
336.09077 -12555.051
336.09077 -12557.985
336.10738 -12639.234
336.10738 -12642.175
336.12399 -12355.396
336.12399 -12358.327
336.1406 -12816.337
336.1406 -12819.265
336.1572 -12567.748
336.1572 -12570.676
336.17381 -12680.415
336.17381 -12683.349
336.17935 -12880.402
336.19042 -12529.781
336.19042 -12532.72
336.20703 -12368.357
336.20703 -12371.288
336.22364 -12322.252
336.22364 -12325.199
336.23471 -12415.351
336.24025 -12326.041
336.24025 -12328.987
336.25686 -12496.608
336.25686 -12499.546
336.27347 -12621.018
336.27347 -12623.959
336.29008 -12375.788
336.29008 -12378.723
336.30668 -12481.755
336.30668 -12484.689
336.32329 -12692.964
336.32329 -12695.894
336.3399 -12565.444
336.3399 -12568.378
336.34544 -12476.552
336.35651 -12696.298
336.35651 -12699.243
336.37312 -12536.131
336.37312 -12539.063
336.38973 -12764.697
336.38973 -12767.639
336.4008 -12215.653
336.40634 -12585.36
336.40634 -12588.299
336.42295 -12360.536
336.42295 -12363.484
336.43955 -12449.892
336.43955 -12452.827
336.45616 -12661.626
336.45616 -12664.56
336.47277 -12516.145
336.47277 -12519.065
336.48938 -12671.017
336.48938 -12673.939
336.50599 -12666.682
336.50599 -12669.617
336.51153 -12696.072
336.5226 -12803.97
336.5226 -12806.882
336.53921 -12518.223
336.53921 -12521.149
336.55582 -12550.578
336.55582 -12553.505
336.56689 -12804.31
336.57243 -12741.038
336.57243 -12743.965
336.58903 -12822.064
336.58903 -12824.999
336.60564 -12827.14
336.60564 -12830.067
336.62225 -12327.054
336.62225 -12329.981
336.63886 -12751.376
336.63886 -12754.312
336.65547 -12656.529
336.65547 -12659.467
336.67208 -12706.203
336.67208 -12709.13
336.67761 -12884.767
336.68869 -13039.898
336.68869 -13042.834
336.7053 -12586.134
336.7053 -12589.072
336.7219 -12564.783
336.7219 -12567.72
336.73298 -12340.447
336.73851 -12757.855
336.73851 -12760.798
336.75512 -12766.26
336.75512 -12769.206
336.77173 -12375.31
336.77173 -12378.243
336.78834 -12595.086
336.78834 -12598.026
336.80495 -12833.196
336.80495 -12836.142
336.82156 -12665.132
336.82156 -12668.069
336.83817 -12626.447
336.83817 -12629.373
336.8437 -12683.915
336.85478 -12988.962
336.85478 -12991.889
336.87138 -12802.562
336.87138 -12805.506
336.88799 -12943.289
336.88799 -12946.219
336.89907 -12663.883
336.9046 -12838.036
336.9046 -12840.954
336.92121 -13366.868
336.92121 -13369.793
336.93782 -12876.085
336.93782 -12879.005
336.95443 -13100.113
336.95443 -13103.032
336.97104 -13045.471
336.97104 -13048.391
336.98765 -12382.962
336.98765 -12385.88
337.00426 -12743.583
337.00426 -12746.499
337.00979 -12719.415
337.02086 -12664.904
337.02086 -12667.83
337.03747 -12969.619
337.03747 -12972.542
337.05408 -12634.17
337.05408 -12637.099
337.06515 -12497.092
337.07069 -12564.879
337.07069 -12567.791
337.0873 -12766.603
337.0873 -12769.531
337.10391 -12636.922
337.10391 -12639.836
337.12052 -12833.061
337.12052 -12835.983
337.13713 -12673.391
337.13713 -12676.315
337.15373 -12781.884
337.15373 -12784.811
337.17034 -12872.8
337.17034 -12875.729
337.17588 -12837.442
337.18695 -12546.169
337.18695 -12549.082
337.20356 -12636.067
337.20356 -12638.984
337.22017 -12801.086
337.22017 -12804.009
337.23124 -12997.62
337.23678 -12850.382
337.23678 -12853.312
337.25339 -12583.444
337.25339 -12586.366
337.27 -12436.393
337.27 -12439.316
337.28661 -12858.672
337.28661 -12861.577
337.30321 -12603.497
337.30321 -12606.412
337.31982 -12728.546
337.31982 -12731.46
337.33643 -12922.186
337.33643 -12925.098
337.34197 -12789.883
337.35304 -12921.406
337.35304 -12924.323
337.36965 -12641.645
337.36965 -12644.557
337.38626 -12499.642
337.38626 -12502.559
337.39733 -12970.841
337.40287 -12966.438
337.40287 -12969.357
337.41948 -12647.065
337.41948 -12649.978
337.43608 -12764.051
337.43608 -12766.97
337.45269 -13036.856
337.45269 -13039.773
337.4693 -12512.263
337.4693 -12515.179
337.48591 -12362.874
337.48591 -12365.79
337.50252 -12766.891
337.50252 -12769.805
337.50806 -12913.66
337.51913 -13037.699
337.51913 -13040.62
337.53574 -13029.386
337.53574 -13032.311
337.55235 -12781.119
337.55235 -12784.031
337.56342 -12838.796
337.56896 -12883.409
337.56896 -12886.335
337.58556 -12818.546
337.58556 -12821.475
337.60217 -12857.772
337.60217 -12860.69
337.61878 -12861.431
337.61878 -12864.347
337.63539 -12880.637
337.63539 -12883.569
337.652 -13089.624
337.652 -13092.544
337.66861 -13119.158
337.66861 -13122.09
337.67414 -13202.659
337.68522 -13096.306
337.68522 -13099.243
337.70183 -12765.559
337.70183 -12768.489
337.71843 -13125.673
337.71843 -13128.593
337.72951 -13238.087
337.73504 -13287.1
337.73504 -13290.023
337.75165 -13265.07
337.75165 -13268.013
337.76826 -12998.044
337.76826 -13000.971
337.78487 -12549.68
337.78487 -12552.589
337.80148 -13080.568
337.80148 -13083.488
337.81809 -12973.966
337.81809 -12976.887
337.8347 -12701.328
337.8347 -12704.246
337.84023 -12690.587
337.85131 -13076.206
337.85131 -13079.133
337.86791 -13228.793
337.86791 -13231.716
337.88452 -12972.338
337.88452 -12975.252
337.8956 -12825.976
337.90113 -12817.279
337.90113 -12820.199
337.91774 -13098.834
337.91774 -13101.749
337.93435 -13260.198
337.93435 -13263.126
337.95096 -12748.332
337.95096 -12751.26
337.96757 -12718.513
337.96757 -12721.423
337.98418 -13056.496
337.98418 -13059.413
338.00078 -12776.837
338.00078 -12779.746
338.00632 -13125.721
338.01739 -12967.807
338.01739 -12970.712
338.034 -12782.99
338.034 -12785.902
338.05061 -13047.982
338.05061 -13050.893
338.06168 -13036.141
338.06722 -12973.891
338.06722 -12976.8
338.08383 -12899.606
338.08383 -12902.498
338.10044 -13113.771
338.10044 -13116.676
338.11705 -12845.554
338.11705 -12848.46
338.13366 -12909.173
338.13366 -12912.07
338.15026 -13139.508
338.15026 -13142.404
338.16687 -13339.681
338.16687 -13342.58
338.17241 -13171.99
338.18348 -13181.648
338.18348 -13184.552
338.20009 -13067.781
338.20009 -13070.675
338.2167 -13383.418
338.2167 -13386.319
338.22777 -13051.009
338.23331 -12963.495
338.23331 -12966.408
338.24992 -12782.738
338.24992 -12785.646
338.26653 -13043.99
338.26653 -13046.903
338.28314 -13201.385
338.28314 -13204.291
338.29974 -13161.051
338.29974 -13163.964
338.31635 -12768.394
338.31635 -12771.297
338.33296 -13143.008
338.33296 -13145.907
338.3385 -13131.183
338.34957 -13200.328
338.34957 -13203.236
338.36618 -12850.377
338.36618 -12853.288
338.38279 -13101.708
338.38279 -13104.619
338.39386 -13321.08
338.3994 -13217.035
338.3994 -13219.955
338.41601 -13209.37
338.41601 -13212.273
338.43261 -12954.886
338.43261 -12957.792
338.44922 -13141.878
338.44922 -13144.787
338.46583 -13163.566
338.46583 -13166.482
338.48244 -12901.033
338.48244 -12903.937
338.49905 -13196.728
338.49905 -13199.639
338.50459 -13216.314
338.51566 -13219.299
338.51566 -13222.206
338.53227 -12675.537
338.53227 -12678.446
338.54888 -12736.972
338.54888 -12739.881
338.55995 -13398.48
338.56549 -13098.335
338.56549 -13101.243
338.58209 -13570.085
338.58209 -13572.993
338.5987 -13166.841
338.5987 -13169.748
338.61531 -13190.836
338.61531 -13193.737
338.63192 -13232.847
338.63192 -13235.752
338.64853 -13404.843
338.64853 -13407.738
338.66514 -13333.107
338.66514 -13336.018
338.67067 -13263.259
338.68175 -13212.302
338.68175 -13215.209
338.69836 -13320.587
338.69836 -13323.504
338.71496 -13349.488
338.71496 -13352.383
338.72604 -13650.789
338.73157 -13342.638
338.73157 -13345.548
338.74818 -13412.435
338.74818 -13415.346
338.76479 -13088.606
338.76479 -13091.52
338.7814 -13363.845
338.7814 -13366.76
338.79801 -13129.708
338.79801 -13132.625
338.81462 -13477.047
338.81462 -13479.97
338.83123 -13156.069
338.83123 -13158.985
338.83676 -13446.479
338.84784 -13113.005
338.84784 -13115.915
338.86444 -13280.263
338.86444 -13283.172
338.88105 -13225.151
338.88105 -13228.06
338.89213 -13154.567
338.89766 -13261.913
338.89766 -13264.825
338.91427 -13339.535
338.91427 -13342.445
338.93088 -13371.632
338.93088 -13374.54
338.94749 -13672.081
338.94749 -13674.993
338.9641 -13316.048
338.9641 -13318.953
338.98071 -13666.011
338.98071 -13668.914
338.99731 -13436.092
338.99731 -13438.992
339.00285 -13430.839
339.01392 -13522.152
339.01392 -13525.056
339.03053 -13391.824
339.03053 -13394.731
339.04714 -13554.155
339.04714 -13557.059
339.05821 -13515.89
339.06375 -13367.723
339.06375 -13370.631
339.08036 -13696.985
339.08036 -13699.884
339.09697 -13445.461
339.09697 -13448.358
339.11358 -13598.773
339.11358 -13601.67
339.13019 -13513.623
339.13019 -13516.527
339.14679 -13603.782
339.14679 -13606.68
339.1634 -13653.989
339.1634 -13656.879
339.16894 -13670.357
339.18001 -13161.278
339.18001 -13164.183
339.19662 -13450.872
339.19662 -13453.769
339.21323 -13611.626
339.21323 -13614.519
339.2243 -13312.598
339.22984 -13295.243
339.22984 -13298.14
339.24645 -13779.389
339.24645 -13782.288
339.26306 -13515.273
339.26306 -13518.178
339.27966 -13424.911
339.27966 -13427.814
339.29627 -13683.077
339.29627 -13685.976
339.31288 -13645.034
339.31288 -13647.94
339.32949 -13555.66
339.32949 -13558.564
339.3461 -13332.706
339.3461 -12947.483
339.36271 -13109.172
339.36271 -13112.065
339.37932 -13753.835
339.37932 -13756.731
339.39593 -13225.117
339.39593 -13228.018
339.40146 -13355.373
339.41254 -13427.106
339.41254 -13430.008
339.42914 -13328.83
339.42914 -13331.714
339.44575 -13442.298
339.44575 -13445.207
339.45683 -12997.138
339.46236 -13108.582
339.46236 -13111.488
339.47897 -13070.157
339.47897 -13073.065
339.49558 -13583.029
339.49558 -13585.93
339.51219 -13305.555
339.51219 -13308.444
339.5288 -13113.548
339.5288 -13116.444
339.54541 -13447.084
339.54541 -13449.983
339.56202 -13450.04
339.56202 -13452.935
339.56755 -13141.598
339.57862 -13170.391
339.57862 -13173.284
339.59523 -12993.648
339.59523 -12996.54
339.61184 -13352.104
339.61184 -13355.0
339.62291 -13334.397
339.62845 -13150.144
339.62845 -13153.04
339.64506 -13106.739
339.64506 -13109.629
339.66167 -13467.761
339.66167 -13470.643
339.67828 -13182.822
339.67828 -13185.714
339.69489 -13124.969
339.69489 -13127.852
339.71149 -13273.029
339.71149 -13275.931
339.7281 -13799.304
339.7281 -13802.205
339.73364 -13569.29
339.74471 -13393.333
339.74471 -13396.226
339.76132 -13243.265
339.76132 -13246.16
339.77793 -13575.218
339.77793 -13578.093
339.789 -13305.602
339.79454 -13314.274
339.79454 -13317.167
339.81115 -13197.42
339.81115 -13200.316
339.82776 -13350.226
339.82776 -13353.12
339.84437 -13617.878
339.84437 -13620.77
339.86097 -13492.335
339.86097 -13495.232
339.87758 -13346.079
339.87758 -13348.972
339.89419 -13579.31
339.89419 -13582.198
339.89973 -13185.021
339.9108 -13490.207
339.9108 -13493.093
339.92741 -13188.79
339.92741 -13191.662
339.94402 -13382.153
339.94402 -13385.042
339.95509 -13518.722
339.96063 -13552.436
339.96063 -13555.323
339.97724 -13676.316
339.97724 -13679.206
339.99384 -13272.424
339.99384 -13275.307
340.01045 -13462.916
340.01045 -13465.801
340.02706 -13335.739
340.02706 -13338.619
340.04367 -13572.687
340.04367 -13575.555
340.06028 -13326.033
340.06028 -13328.91
340.06582 -13020.651
340.07689 -13190.955
340.07689 -13193.831
340.0935 -13355.611
340.0935 -13358.482
340.11011 -13092.824
340.11011 -13095.698
340.12118 -13277.78
340.12672 -13206.299
340.12672 -13209.178
340.14332 -13329.106
340.14332 -13331.986
340.15993 -13380.979
340.15993 -13383.872
340.17654 -13563.976
340.17654 -13566.859
340.19315 -13279.823
340.19315 -13282.708
340.20976 -13665.05
340.20976 -13667.955
340.22637 -13382.673
340.22637 -13385.563
340.2319 -13419.779
340.24298 -13265.633
340.24298 -13268.504
340.25959 -13515.623
340.25959 -13518.505
340.27619 -13232.021
340.27619 -13234.905
340.28727 -13426.706
340.2928 -13251.863
340.2928 -13254.748
340.30941 -13129.463
340.30941 -13132.333
340.32602 -13374.637
340.32602 -13377.517
340.34263 -13409.587
340.34263 -13412.469
340.35924 -13403.548
340.35924 -13406.43
340.37585 -13712.667
340.37585 -13715.549
340.39246 -13224.361
340.39246 -13227.241
340.39799 -13477.313
340.40907 -13261.487
340.40907 -13264.354
340.42567 -13530.735
340.42567 -13533.622
340.44228 -13030.162
340.44228 -13033.041
340.45336 -13309.009
340.45889 -13454.128
340.45889 -13457.0
340.4755 -13554.627
340.4755 -13557.499
340.49211 -13089.805
340.49211 -13092.679
340.50872 -13326.953
340.50872 -13329.825
340.52533 -13507.639
340.52533 -13510.521
340.54194 -13358.95
340.54194 -13361.822
340.55854 -13279.562
340.55854 -13282.437
340.56408 -13274.395
340.57515 -13454.467
340.57515 -13457.344
340.59176 -13625.385
340.59176 -13628.266
340.60837 -13440.102
340.60837 -13442.993
340.61944 -13348.373
340.62498 -13324.735
340.62498 -13327.62
340.64159 -13391.546
340.64159 -13394.428
340.6582 -13637.942
340.6582 -13640.81
340.67481 -13685.607
340.67481 -13688.485
340.69142 -13447.89
340.69142 -13450.781
340.70802 -13568.237
340.70802 -13571.12
340.72463 -13327.758
340.72463 -13330.635
340.73017 -13068.322
340.74124 -13361.937
340.74124 -13364.814
340.75785 -13617.138
340.75785 -13620.021
340.77446 -13408.222
340.77446 -13411.097
340.78553 -13705.602
340.79107 -13714.205
340.79107 -13717.081
340.80768 -13596.301
340.80768 -13599.174
340.82429 -13424.044
340.82429 -13426.925
340.8409 -13582.235
340.8409 -13585.121
340.8575 -13594.166
340.8575 -13597.049
340.87411 -13283.356
340.87411 -13286.238
340.89072 -13392.443
340.89072 -13395.334
340.89626 -13460.641
340.90733 -13584.447
340.90733 -13587.334
340.92394 -13648.692
340.92394 -13651.579
340.94055 -13320.265
340.94055 -13323.153
340.95162 -13656.402
340.95716 -13655.881
340.95716 -13658.768
340.97377 -13729.472
340.97377 -13732.347
340.99037 -13498.615
340.99037 -13501.494
341.00698 -13463.743
341.00698 -13466.624
341.02359 -13576.516
341.02359 -13579.393
341.0402 -13699.196
341.0402 -13702.075
341.05681 -13132.689
341.05681 -13135.575
341.06235 -13338.557
341.07342 -13238.916
341.07342 -13241.801
341.09003 -13649.342
341.09003 -13652.219
341.10664 -13440.459
341.10664 -13443.342
341.11771 -13492.754
341.12325 -13394.724
341.12325 -13397.607
341.13985 -13645.196
341.13985 -13648.067
341.15646 -13546.925
341.15646 -13549.809
341.17307 -13762.364
341.17307 -13765.248
341.18968 -13896.546
341.18968 -13899.435
341.20629 -13838.825
341.20629 -13841.709
341.2229 -13551.02
341.2229 -13553.898
341.22843 -13685.587
341.23951 -13811.831
341.23951 -13814.706
341.25612 -13693.735
341.25612 -13696.621
341.27272 -13780.318
341.27272 -13783.193
341.2838 -13763.53
341.28933 -13932.896
341.28933 -13935.772
341.30594 -13308.823
341.30594 -13311.705
341.32255 -13667.357
341.32255 -13670.237
341.33916 -13671.353
341.33916 -13674.23
341.35577 -13624.783
341.35577 -13627.652
341.37238 -13605.014
341.37238 -13607.886
341.38899 -13676.378
341.38899 -13679.256
341.39452 -13664.494
341.4056 -13645.406
341.4056 -13648.286
341.4222 -13406.615
341.4222 -13409.493
341.43881 -13783.398
341.43881 -13786.274
341.44989 -13589.139
341.45542 -13495.526
341.45542 -13498.401
341.47203 -13830.407
341.47203 -13833.286
341.48864 -13735.538
341.48864 -13738.411
341.50525 -13438.637
341.50525 -13441.518
341.52186 -13766.309
341.52186 -13769.177
341.53847 -13959.092
341.53847 -13961.981
341.55507 -13463.793
341.55507 -13466.671
341.56061 -13761.555
341.57168 -13611.838
341.57168 -13614.716
341.58829 -13798.804
341.58829 -13801.678
341.6049 -13929.983
341.6049 -13932.859
341.61597 -13810.193
341.62151 -13865.768
341.62151 -13868.647
341.63812 -13633.129
341.63812 -13635.996
341.65473 -13473.096
341.65473 -13475.965
341.67134 -13963.996
341.67134 -13966.865
341.68795 -13703.767
341.68795 -13706.636
341.69348 -13536.931
341.70455 -13753.602
341.70455 -13756.465
341.72116 -13787.439
341.72116 -13790.313
341.73777 -13486.162
341.73777 -13489.037
341.74884 -13925.438
341.75438 -14012.765
341.75438 -14015.642
341.77099 -13925.984
341.77099 -13928.867
341.7876 -13567.708
341.7876 -13570.578
341.80421 -13569.361
341.80421 -13572.234
341.82082 -13755.349
341.82082 -13758.225
341.83742 -13821.36
341.83742 -13824.228
341.85403 -13496.893
341.85403 -13499.776
341.85957 -13643.101
341.87064 -14111.034
341.87064 -14113.905
341.88725 -13901.411
341.88725 -13904.281
341.90386 -13991.277
341.90386 -13994.155
341.91493 -14122.184
341.92047 -13989.216
341.92047 -13992.092
341.93708 -14135.862
341.93708 -14138.746
341.95369 -14230.342
341.95369 -14233.228
341.9703 -13539.704
341.9703 -13542.584
341.9869 -13658.332
341.9869 -13661.212
342.00351 -14094.708
342.00351 -14097.591
342.02012 -13965.982
342.02012 -13968.852
342.02566 -13943.608
342.03673 -13895.421
342.03673 -13898.296
342.05334 -14186.053
342.05334 -14188.938
342.06995 -14153.269
342.06995 -14156.133
342.08102 -14183.761
342.08656 -13806.307
342.08656 -13809.183
342.10317 -13645.482
342.10317 -13648.356
342.11978 -13969.286
342.11978 -13972.156
342.13638 -13771.259
342.13638 -13774.13
342.15299 -14084.088
342.15299 -14086.958
342.1696 -14153.677
342.1696 -14156.549
342.18621 -14276.634
342.18621 -14279.503
342.19175 -14281.105
342.20282 -13790.603
342.20282 -13793.477
342.21943 -13786.057
342.21943 -13788.935
342.23604 -14017.688
342.23604 -14020.566
342.24711 -13825.551
342.25265 -14001.148
342.25265 -14004.013
342.26925 -14078.006
342.26925 -14080.874
342.28586 -14044.461
342.28586 -14047.334
342.30247 -14289.336
342.30247 -14292.204
342.31908 -14072.215
342.31908 -14075.067
342.33569 -14069.668
342.33569 -14072.532
342.3523 -14518.768
342.3523 -14521.63
342.36891 -14162.393
342.36891 -14165.26
342.37444 -14024.075
342.38552 -13833.98
342.38552 -13836.845
342.40213 -14156.394
342.40213 -14159.256
342.41873 -14143.456
342.41873 -14146.324
342.43534 -13781.696
342.43534 -13829.655
342.45195 -13556.042
342.45195 -13558.905
342.46856 -14210.049
342.46856 -14212.918
342.48517 -13523.539
342.48517 -13526.407
342.49071 -13628.521
342.50178 -13542.891
342.50178 -13545.756
342.51839 -13662.156
342.51839 -13665.021
342.535 -13498.404
342.535 -13501.27
342.54607 -13741.871
342.5516 -13583.55
342.5516 -13586.419
342.56821 -13735.066
342.56821 -13737.922
342.58482 -13846.533
342.58482 -13849.396
342.60143 -13699.36
342.60143 -13702.225
342.61804 -13940.89
342.61804 -13943.745
342.63465 -13971.447
342.63465 -13974.307
342.65126 -13825.301
342.65126 -13828.16
342.65679 -14056.385
342.66787 -14178.773
342.66787 -14181.636
342.68448 -13841.316
342.68448 -13844.178
342.70108 -13822.552
342.70108 -13825.416
342.71216 -13647.957
342.71769 -13599.15
342.71769 -13602.009
342.7343 -13741.65
342.7343 -13744.499
342.75091 -14105.131
342.75091 -14107.992
342.76752 -13649.218
342.76752 -13652.075
342.78413 -13871.643
342.78413 -13874.503
342.80074 -13900.088
342.80074 -13902.952
342.81735 -13778.55
342.81735 -13781.404
342.82288 -13826.096
342.83395 -13666.554
342.83395 -13669.413
342.85056 -13683.354
342.85056 -13686.208
342.86717 -13977.982
342.86717 -13980.841
342.87824 -13791.835
342.88378 -14200.129
342.88378 -14202.986
342.90039 -14000.355
342.90039 -14003.207
342.917 -13420.903
342.917 -13423.758
342.93361 -13942.236
342.93361 -13945.083
342.95022 -14030.633
342.95022 -14033.501
342.96683 -13697.153
342.96683 -13700.011
342.98343 -13768.182
342.98343 -13771.058
342.98897 -13698.261
343.00004 -14188.521
343.00004 -14191.387
343.01665 -13797.788
343.01665 -13800.642
343.03326 -14024.956
343.03326 -14027.807
343.04433 -14179.003
343.04987 -13858.951
343.04987 -13861.81
343.06648 -14103.987
343.06648 -14106.842
343.08309 -14079.857
343.08309 -14082.697
343.0997 -13854.462
343.0997 -13857.312
343.1163 -14122.599
343.1163 -14125.452
343.13291 -13814.57
343.13291 -13817.409
343.14952 -13856.05
343.14952 -13858.888
343.15506 -13818.522
343.16613 -14195.798
343.16613 -14198.645
343.18274 -14144.853
343.18274 -13717.371
343.19935 -13820.753
343.19935 -13823.611
343.21596 -13239.24
343.21596 -13242.096
343.23257 -13748.26
343.23257 -13751.11
343.2381 -13492.447
343.24918 -13329.572
343.24918 -13332.427
343.26578 -13292.138
343.26578 -13294.991
343.28239 -13670.55
343.28239 -13673.391
343.29347 -13722.339
343.299 -13712.966
343.299 -13715.802
343.31561 -13717.762
343.31561 -13720.594
343.33222 -13760.042
343.33222 -13762.893
343.34883 -13703.197
343.34883 -13706.042
343.36544 -13666.619
343.36544 -13669.484
343.38205 -13493.728
343.38205 -13496.563
343.39866 -13722.83
343.39866 -13725.666
343.40419 -13689.977
343.41526 -13610.322
343.41526 -13613.167
343.43187 -14026.893
343.43187 -14029.734
343.44848 -13952.913
343.44848 -13955.752
343.45955 -13549.541
343.46509 -13215.43
343.46509 -13218.274
343.4817 -13808.586
343.4817 -13811.426
343.49831 -13963.672
343.49831 -13966.519
343.51492 -13944.334
343.51492 -13947.169
343.53153 -13776.179
343.53153 -13779.024
343.54813 -13730.747
343.54813 -13733.598
343.56474 -13754.028
343.56474 -13756.87
343.57028 -13453.521
343.58135 -13755.192
343.58135 -13758.035
343.59796 -14001.083
343.59796 -14003.926
343.61457 -13688.237
343.61457 -13691.077
343.62564 -13564.284
343.63118 -13724.395
343.63118 -13727.242
343.64779 -13668.87
343.64779 -13671.716
343.6644 -13625.036
343.6644 -13627.863
343.68101 -13814.302
343.68101 -13817.146
343.69761 -13672.879
343.69761 -13675.722
343.71422 -13730.467
343.71422 -13733.319
343.73083 -13328.285
343.73083 -13331.134
343.73637 -13306.672
343.74744 -13653.597
343.74744 -13656.448
343.76405 -13786.131
343.76405 -13788.969
343.78066 -13669.763
343.78066 -13672.602
343.79173 -13653.547
343.79727 -13411.891
343.79727 -13414.738
343.81388 -13659.542
343.81388 -13662.395
343.83048 -13954.905
343.83048 -13957.749
343.84709 -13687.99
343.84709 -13690.83
343.8637 -13518.657
343.8637 -13521.515
343.88031 -13553.92
343.88031 -13556.768
343.89692 -13634.414
343.89692 -13637.263
343.90246 -13504.724
343.91353 -13704.451
343.91353 -13707.287
343.93014 -13546.813
343.93014 -13549.659
343.94675 -13863.611
343.94675 -13866.466
343.95782 -13924.394
343.96336 -13976.146
343.96336 -13978.996
343.97996 -13525.115
343.97996 -13527.951
343.99657 -13743.946
343.99657 -13746.791
344.01318 -13952.79
344.01318 -13955.627
344.02979 -13886.032
344.02979 -13888.869
344.0464 -13778.813
344.0464 -13781.654
344.06301 -13739.085
344.06301 -13741.94
344.06854 -13745.882
344.07962 -13749.692
344.07962 -13752.537
344.09623 -13551.238
344.09623 -13554.08
344.11283 -13676.143
344.11283 -13678.977
344.12391 -13955.883
344.12944 -13992.195
344.12944 -13995.03
344.14605 -13803.585
344.14605 -13806.421
344.16266 -13697.164
344.16266 -13700.006
344.17927 -13955.454
344.17927 -13958.284
344.19588 -13844.637
344.19588 -13847.461
344.21249 -13650.278
344.21249 -13653.119
344.2291 -13828.962
344.2291 -13831.796
344.23463 -13769.115
344.24571 -13802.581
344.24571 -13805.409
344.26231 -13541.099
344.26231 -13543.926
344.27892 -13601.123
344.27892 -13603.963
344.29 -13794.152
344.29553 -13948.376
344.29553 -13951.218
344.31214 -13848.445
344.31214 -13851.284
344.32875 -13616.842
344.32875 -13619.667
344.34536 -13754.997
344.34536 -13757.826
344.36197 -13566.421
344.36197 -13569.259
344.37858 -13692.262
344.37858 -13695.091
344.39518 -13794.201
344.39518 -13797.033
344.40072 -13925.058
344.41179 -13776.155
344.41179 -13778.984
344.4284 -13423.143
344.4284 -13425.964
344.44501 -13645.255
344.44501 -13648.09
344.45608 -13999.198
344.46162 -13954.149
344.46162 -13956.968
344.47823 -13871.187
344.47823 -13874.014
344.49484 -13812.7
344.49484 -13815.524
344.51145 -13678.905
344.51145 -13681.729
344.52806 -13854.211
344.52806 -13857.028
344.54466 -13707.855
344.54466 -13710.683
344.56127 -13805.075
344.56127 -13807.9
344.56681 -14036.349
344.57788 -13915.552
344.57788 -13918.38
344.59449 -13838.376
344.59449 -13841.2
344.6111 -14074.469
344.6111 -14077.291
344.62217 -13605.383
344.62771 -14022.771
344.62771 -14025.59
344.64432 -13880.833
344.64432 -13883.66
344.66093 -13838.553
344.66093 -13841.384
344.67754 -13706.23
344.67754 -13709.061
344.69414 -13593.415
344.69414 -13596.258
344.71075 -13693.561
344.71075 -13696.397
344.72736 -13857.641
344.72736 -13860.468
344.7329 -13603.309
344.74397 -13700.879
344.74397 -13703.702
344.76058 -13796.569
344.76058 -13799.397
344.77719 -13754.043
344.77719 -13756.874
344.78826 -13592.664
344.7938 -13450.798
344.7938 -13453.616
344.81041 -13874.782
344.81041 -13877.598
344.82701 -13730.928
344.82701 -13733.724
344.84362 -13599.263
344.84362 -13602.079
344.86023 -13731.231
344.86023 -13734.049
344.87684 -13955.453
344.87684 -13958.266
344.89345 -13678.082
344.89345 -13680.896
344.89899 -13638.93
344.91006 -13543.883
344.91006 -13546.69
344.92667 -13687.613
344.92667 -13690.419
344.94328 -13603.374
344.94328 -13606.19
344.95435 -13717.914
344.95989 -13901.518
344.95989 -13904.324
344.97649 -13914.835
344.97649 -13917.643
344.9931 -13861.805
344.9931 -13864.612
345.00971 -13940.893
345.00971 -13943.706
345.02632 -13830.395
345.02632 -13833.204
345.04293 -13892.015
345.04293 -13894.832
345.05954 -13950.242
345.05954 -13953.057
345.06507 -14018.445
345.07615 -13943.818
345.07615 -13946.63
345.09276 -14202.108
345.09276 -14204.92
345.10936 -13778.913
345.10936 -13781.728
345.12044 -13706.087
345.12597 -13760.074
345.12597 -13762.882
345.14258 -13936.197
345.14258 -13939.007
345.15919 -13883.903
345.15919 -13886.708
345.1758 -13857.717
345.1758 -13860.528
345.19241 -13783.473
345.19241 -13786.281
345.20902 -13997.376
345.20902 -14000.187
345.22563 -14253.565
345.22563 -14256.372
345.23116 -14335.39
345.24224 -14276.906
345.24224 -14279.717
345.25884 -13829.454
345.25884 -13832.261
345.27545 -13805.095
345.27545 -13807.909
345.28653 -13995.872
345.29206 -13965.774
345.29206 -13968.589
345.30867 -13698.423
345.30867 -13701.231
345.32528 -13893.63
345.32528 -13896.456
345.34189 -13681.441
345.34189 -13684.254
345.3585 -13961.711
345.3585 -13964.527
345.37511 -14039.086
345.37511 -14041.903
345.39171 -13970.524
345.39171 -13973.342
345.39725 -13919.712
345.40832 -13917.14
345.40832 -13919.96
345.42493 -13929.999
345.42493 -13932.815
345.44154 -13799.865
345.44154 -13802.694
345.45261 -13602.882
345.45815 -13659.461
345.45815 -13662.288
345.47476 -13987.569
345.47476 -13990.393
345.49137 -14035.111
345.49137 -14037.931
345.50798 -14089.138
345.50798 -14091.963
345.52459 -14021.486
345.52459 -14024.298
345.54119 -13932.059
345.54119 -14255.966
345.5578 -13644.479
345.5578 -13725.469
345.57441 -13204.078
345.57441 -13118.416
345.59102 -13105.245
345.59102 -13108.056
345.60763 -13554.131
345.60763 -13556.939
345.62424 -13383.567
345.62424 -13386.376
345.62977 -13100.092
345.64085 -13548.31
345.64085 -13551.121
345.65746 -13402.157
345.65746 -13404.974
345.67406 -13100.969
345.67406 -13103.773
345.68514 -12845.722
345.69067 -13153.627
345.69067 -13156.44
345.70728 -12866.828
345.70728 -12869.635
345.72389 -13404.918
345.72389 -13038.121
345.7405 -12876.528
345.7405 -12879.326
345.75711 -13198.911
345.75711 -13201.707
345.77372 -12826.216
345.77372 -12829.011
345.77925 -12676.753
345.79033 -12888.59
345.79033 -12891.383
345.80694 -12792.012
345.80694 -12794.803
345.82354 -12778.783
345.82354 -12781.569
345.83462 -13107.583
345.84015 -13161.863
345.84015 -13164.654
345.85676 -13341.465
345.85676 -13344.258
345.87337 -12898.151
345.87337 -12900.94
345.88998 -12826.716
345.88998 -12829.503
345.90659 -13033.144
345.90659 -13035.936
345.9232 -12703.385
345.9232 -12706.157
345.93981 -12541.043
345.93981 -12543.827
345.94534 -12841.815
345.95641 -12928.716
345.95641 -12931.494
345.97302 -12672.06
345.97302 -12674.855
345.98963 -12718.686
345.98963 -12721.475
346.00071 -12828.901
346.00624 -12731.146
346.00624 -12733.937
346.02285 -12898.413
346.02285 -12901.199
346.03946 -12431.359
346.03946 -12434.138
346.05607 -12756.43
346.05607 -12759.216
346.07268 -12857.432
346.07268 -12860.203
346.08929 -12585.529
346.08929 -12588.309
346.10589 -12571.25
346.10589 -12574.033
346.11143 -12581.464
346.1225 -12645.807
346.1225 -12648.586
346.13911 -12723.945
346.13911 -12726.742
346.15572 -12562.136
346.15572 -12564.92
346.16679 -12875.691
346.17233 -12667.799
346.17233 -12670.594
346.18894 -12791.999
346.18894 -12794.789
346.20555 -12294.505
346.20555 -12297.299
346.22216 -12388.747
346.22216 -12391.531
346.23877 -12400.26
346.23877 -12403.045
346.25537 -12866.574
346.25537 -12869.359
346.27198 -12636.939
346.27198 -12639.729
346.27752 -12469.917
346.28859 -12587.508
346.28859 -12590.3
346.3052 -13259.776
346.3052 -13262.557
346.32181 -12630.596
346.32181 -12633.375
346.33288 -12546.812
346.33842 -12459.305
346.33842 -12462.085
346.35503 -12620.433
346.35503 -12623.208
346.37164 -13051.868
346.37164 -13054.649
346.38824 -12315.141
346.38824 -12317.919
346.40485 -12209.566
346.40485 -12524.246
346.42146 -12233.205
346.42146 -12235.973
346.43807 -11937.49
346.43807 -11940.266
346.45468 -12267.212
346.45468 -12269.97
346.46022 -12180.321
346.47129 -12134.055
346.47129 -12136.824
346.4879 -12113.811
346.4879 -12116.586
346.50451 -12283.355
346.50451 -12286.122
346.51558 -12085.274
346.52112 -11942.504
346.52112 -11945.277
346.53772 -12026.212
346.53772 -12028.974
346.55433 -12192.711
346.55433 -12195.474
346.57094 -12171.218
346.57094 -12173.989
346.58755 -12061.623
346.58755 -12064.39
346.60416 -12177.292
346.60416 -12180.05
346.62077 -12226.552
346.62077 -12229.311
346.6263 -12162.394
346.63738 -11968.181
346.63738 -11970.936
346.65399 -12259.523
346.65399 -12262.272
346.67059 -12132.944
346.67059 -12135.694
346.68167 -11838.922
346.6872 -11679.256
346.6872 -11682.012
346.70381 -12267.047
346.70381 -12269.791
346.72042 -12152.334
346.72042 -12155.085
346.73703 -11907.763
346.73703 -11910.503
346.75364 -11991.142
346.75364 -11993.886
346.77025 -11850.562
346.77025 -11453.996
346.78686 -11872.74
346.78686 -11046.084
346.80347 -11237.542
346.80347 -10905.58
346.82007 -10736.145
346.82007 -10484.895
346.83668 -10629.761
346.83668 -10632.491
346.85329 -10447.136
346.85329 -10449.859
346.8699 -10532.175
346.8699 -10544.107
346.88651 -10350.99
346.88651 -10353.713
346.90312 -10453.25
346.90312 -10455.973
346.91973 -10230.773
346.91973 -10233.497
346.92526 -10264.277
346.93634 -10208.485
346.93634 -10211.205
346.95294 -10459.395
346.95294 -10462.112
346.96955 -10220.811
346.96955 -10223.538
346.98063 -10256.991
346.98616 -10180.702
346.98616 -10183.422
347.00277 -10273.114
347.00277 -10275.841
347.01938 -10106.711
347.01938 -10109.427
347.03599 -9982.9406
347.03599 -9985.6543
347.0526 -10098.859
347.0526 -10101.577
347.06921 -10133.53
347.06921 -10136.238
347.08582 -9981.3712
347.08582 -9984.0826
347.09135 -9924.0725
347.10242 -10267.345
347.10242 -10270.057
347.11903 -10262.677
347.11903 -10265.384
347.13564 -9595.2484
347.13564 -9597.9592
347.14671 -9844.1017
347.15225 -9901.8061
347.15225 -9904.5072
347.16886 -9614.3964
347.16886 -9617.0867
347.18547 -9950.3094
347.18547 -9953.0062
347.20208 -10018.018
347.20208 -10020.709
347.21869 -9721.0189
347.21869 -9723.7147
347.23529 -9868.203
347.23529 -9870.8949
347.2519 -9936.0956
347.2519 -9938.7818
347.25744 -9987.7829
347.26851 -9973.521
347.26851 -9976.2188
347.28512 -9655.8268
347.28512 -9658.5154
347.30173 -9746.7367
347.30173 -9749.4221
347.3128 -9725.6987
347.31834 -9784.5095
347.31834 -9787.1919
347.33495 -9891.9847
347.33495 -9894.6704
347.35156 -9809.7297
347.35156 -9812.4165
347.36817 -9790.9893
347.36817 -9793.6726
347.38477 -9569.5894
347.38477 -9572.2801
347.40138 -9499.2071
347.40138 -9501.899
347.41799 -9538.134
347.41799 -9540.8235
347.42353 -9519.056
347.4346 -9661.8573
347.4346 -9664.5478
347.45121 -9644.2112
347.45121 -9646.8975
347.46782 -9479.7246
347.46782 -9482.4049
347.47889 -9436.9612
347.48443 -9524.0302
347.48443 -9526.7156
347.50104 -9681.8476
347.50104 -9684.5329
347.51765 -9591.8455
347.51765 -9182.6476
347.53425 -9352.9047
347.53425 -9355.5831
347.55086 -9287.8442
347.55086 -9290.5176
347.56747 -9239.4757
347.56747 -9242.1555
347.57301 -9295.0201
347.58408 -9057.2536
347.58408 -9059.9365
347.60069 -9451.8395
347.60069 -9454.5102
347.6173 -8947.4259
347.6173 -8950.0994
347.62837 -9505.6407
347.63391 -9324.9881
347.63391 -9327.6615
347.65052 -9300.3083
347.65052 -9302.9942
347.66712 -8990.1134
347.66712 -9017.0683
347.68373 -9050.4568
347.68373 -9053.1207
347.70034 -8609.7802
347.70034 -8612.4501
347.71695 -8839.5076
347.71695 -8842.1735
347.72249 -9054.1485
347.73356 -9339.0903
347.73356 -9341.7499
347.75017 -8961.3883
347.75017 -8964.0634
347.76678 -8476.6182
347.76678 -8479.2944
347.77785 -8652.0381
347.78339 -8742.5703
347.78339 -8745.2374
347.8 -8869.3343
347.8 -8872.0021
347.8166 -8721.5734
347.8166 -8724.241
347.83321 -8650.6918
347.83321 -8653.3501
347.84982 -8789.3482
347.84982 -8792.0134
347.86643 -8680.1984
347.86643 -8682.8536
347.88304 -8642.653
347.88304 -8272.1869
347.89965 -8345.3948
347.89965 -8348.0583
347.91626 -8066.6398
347.91626 -8069.3072
347.93287 -8179.8153
347.93287 -8182.4692
347.9384 -8163.7946
347.94947 -8254.0684
347.94947 -8256.7203
347.96608 -8254.4811
347.96608 -8257.1375
347.98269 -8134.4026
347.98269 -8137.0488
347.99376 -8315.2582
347.9993 -8201.0595
347.9993 -8203.7094
348.01591 -8341.7577
348.01591 -8344.4126
348.03252 -7962.6906
348.03252 -7965.3449
348.04913 -8051.5115
348.04913 -8054.164
348.06574 -7995.1164
348.06574 -7997.767
348.08235 -8036.3679
348.08235 -8039.0089
348.09895 -8149.9463
348.09895 -7881.4419
348.11556 -7600.9049
348.11556 -7603.5556
348.13217 -7658.6465
348.13217 -7661.2927
348.14878 -7985.698
348.14878 -7988.3375
348.16539 -7771.4113
348.16539 -7774.0383
348.182 -7634.5012
348.182 -7206.8361
348.19861 -7163.7371
348.19861 -6882.05
348.21522 -7120.5975
348.21522 -7123.2248
348.23182 -6670.9293
348.23182 -6673.5519
348.24843 -6900.4308
348.24843 -6903.0439
348.25397 -6656.0208
348.26504 -7028.7792
348.26504 -7031.3947
348.28165 -6841.6303
348.28165 -6844.2447
348.29826 -6879.1383
348.29826 -6881.7626
348.30933 -6695.4442
348.31487 -6826.7429
348.31487 -6829.3607
348.33148 -6819.863
348.33148 -6822.486
348.34809 -6681.4567
348.34809 -6684.0811
348.3647 -6670.1443
348.3647 -6672.7603
348.3813 -6600.3684
348.3813 -6602.9916
348.39791 -6355.6947
348.39791 -6358.3047
348.41452 -6632.3832
348.41452 -6634.995
348.42006 -6399.6943
348.43113 -6792.4668
348.43113 -6795.0782
348.44774 -6653.3181
348.44774 -6655.9272
348.46435 -6719.8997
348.46435 -6722.5113
348.47542 -6790.646
348.48096 -6561.7941
348.48096 -6564.4085
348.49757 -6479.3102
348.49757 -6481.9221
348.51417 -6386.4557
348.51417 -6389.0635
348.53078 -6276.7433
348.53078 -6279.3456
348.54739 -6528.2712
348.54739 -6530.8738
348.564 -6368.8504
348.564 -6371.4449
348.58061 -6338.1416
348.58061 -6340.7398
348.58615 -6365.8693
348.59722 -6297.1216
348.59722 -6299.7114
348.61383 -6300.2074
348.61383 -6302.8057
348.63044 -6095.0255
348.63044 -6550.994
348.64705 -6107.5587
348.64705 -6110.1508
348.66365 -5720.3144
348.66365 -5722.9054
348.68026 -6010.0331
348.68026 -6012.6275
348.6858 -6103.5663
348.69687 -6038.9742
348.69687 -6041.5679
348.71348 -6024.2516
348.71348 -6026.8459
348.73009 -5928.7926
348.73009 -5931.3739
348.74116 -6111.5051
348.7467 -6132.5148
348.7467 -6135.0842
348.76331 -6317.2504
348.76331 -6319.8338
348.77992 -6287.8601
348.77992 -6290.4432
348.79653 -5949.2368
348.79653 -5951.8158
348.81313 -5937.3126
348.81313 -5939.8935
348.82974 -6170.3036
348.82974 -6172.8773
348.84635 -5923.2958
348.84635 -5925.878
348.85189 -5743.4839
348.86296 -5914.7241
348.86296 -5917.2996
348.87957 -5715.3833
348.87957 -5717.9634
348.89618 -5735.3651
348.89618 -5737.9406
348.90725 -5847.4713
348.91279 -5764.4146
348.91279 -5766.995
348.9294 -5701.3551
348.9294 -5703.9318
348.946 -5684.1287
348.946 -5686.7123
348.96261 -5757.3736
348.96261 -5759.9591
348.97922 -5507.8449
348.97922 -5510.4297
348.99583 -6076.3166
348.99583 -6078.8729
349.01244 -5574.8227
349.01244 -5577.4054
349.01798 -5621.0027
349.02905 -5489.5947
349.02905 -5492.1637
349.04566 -5553.1263
349.04566 -5555.6995
349.06227 -5485.4615
349.06227 -5488.0266
349.07334 -5928.9723
349.07888 -5705.0365
349.07888 -5707.6025
349.09548 -5382.6146
349.09548 -5385.1843
349.11209 -5635.9824
349.11209 -5638.5455
349.1287 -5758.3126
349.1287 -5760.887
349.14531 -5350.5821
349.14531 -5353.147
349.16192 -5734.096
349.16192 -5736.6636
349.17853 -5707.6534
349.17853 -5710.2181
349.18406 -5731.5155
349.19514 -5467.6719
349.19514 -5470.2455
349.21175 -5381.7699
349.21175 -5384.3452
349.22835 -5844.5351
349.22835 -5847.0946
349.23943 -5571.1051
349.24496 -5496.1814
349.24496 -5498.7488
349.26157 -5528.7365
349.26157 -5531.2939
349.27818 -5660.3751
349.27818 -5662.9409
349.29479 -5720.3004
349.29479 -5722.8717
349.3114 -5597.1177
349.3114 -5599.6773
349.32801 -5544.2913
349.32801 -5546.8442
349.34462 -5720.0381
349.34462 -5722.5947
349.35015 -5836.2155
349.36123 -5542.444
349.36123 -5544.9948
349.37783 -5531.2506
349.37783 -5533.8098
349.39444 -5279.945
349.39444 -5282.5002
349.40552 -5277.4388
349.41105 -5454.5885
349.41105 -5457.1485
349.42766 -5525.6748
349.42766 -5528.2264
349.44427 -5534.4649
349.44427 -5537.0115
349.46088 -5760.792
349.46088 -5763.3501
349.47749 -5463.3339
349.47749 -5465.8789
349.4941 -5235.5998
349.4941 -5238.1305
349.5107 -5350.7914
349.5107 -5353.3448
349.51624 -5498.8967
349.52731 -5640.0624
349.52731 -5642.6119
349.54392 -5400.0971
349.54392 -5402.656
349.56053 -5343.0191
349.56053 -5345.5719
349.5716 -5591.9568
349.57714 -5791.1505
349.57714 -5793.7132
349.59375 -5398.3632
349.59375 -5400.9178
349.61036 -5309.5505
349.61036 -5312.1121
349.62697 -5427.838
349.62697 -5430.4028
349.64358 -5419.2298
349.64358 -5421.7869
349.66018 -5542.2443
349.66018 -5544.7954
349.67679 -5357.9755
349.67679 -5360.5201
349.68233 -5145.1895
349.6934 -5423.9842
349.6934 -5426.534
349.71001 -5497.9108
349.71001 -5500.4664
349.72662 -5375.2236
349.72662 -5377.7684
349.73769 -5222.7144
349.74323 -5225.4632
349.74323 -5228.003
349.75984 -5040.8859
349.75984 -5043.4318
349.77645 -5259.3247
349.77645 -5261.8662
349.79305 -5304.9626
349.79305 -5307.505
349.80966 -5000.4409
349.80966 -5002.9798
349.82627 -5299.6251
349.82627 -5302.1756
349.84288 -5368.2256
349.84288 -5370.7574
349.84842 -5457.1245
349.85949 -5538.7503
349.85949 -5541.2827
349.8761 -5046.9274
349.8761 -5049.459
349.89271 -5560.3716
349.89271 -5562.9081
349.90378 -5444.7429
349.90932 -5272.7985
349.90932 -5275.3295
349.92593 -4882.8837
349.92593 -4885.4169
349.94253 -5191.3416
349.94253 -5193.8726
349.95914 -5332.7353
349.95914 -5335.2655
349.97575 -5149.95
349.97575 -5152.4835
349.99236 -5222.6746
349.99236 -5225.2087
350.00897 -5341.0423
350.00897 -5343.5782
350.01451 -5043.97
350.02558 -5299.7338
350.02558 -5302.2602
350.04219 -5411.4891
350.04219 -5414.029
350.0588 -5473.3944
350.0588 -5475.9297
350.06987 -5474.3661
350.07541 -5345.442
350.07541 -5347.9744
350.09201 -5242.4853
350.09201 -5245.0113
350.10862 -5315.5141
350.10862 -5318.0405
350.12523 -5275.115
350.12523 -5277.6377
350.14184 -5280.2475
350.14184 -5282.7738
350.15845 -5149.9091
350.15845 -5152.4371
350.17506 -5028.7729
350.17506 -5031.2996
350.18059 -5180.7142
350.19167 -5144.5304
350.19167 -5147.066
350.20828 -4953.5194
350.20828 -4956.0525
350.22488 -5262.1412
350.22488 -5264.6703
350.23596 -5049.669
350.24149 -5061.9557
350.24149 -5064.4942
350.2581 -5323.0162
350.2581 -5325.5542
350.27471 -5295.0103
350.27471 -5297.5491
350.29132 -5264.1848
350.29132 -5266.7206
350.30793 -5703.2278
350.30793 -5705.7566
350.32454 -5211.9221
350.32454 -5214.4453
350.34115 -5110.1883
350.34115 -5112.7117
350.34668 -5404.3152
350.35776 -5539.1397
350.35776 -5541.669
350.37436 -4984.6111
350.37436 -4987.1335
350.39097 -4890.7702
350.39097 -4893.2935
350.40205 -5235.0038
350.40758 -5123.4648
350.40758 -5125.9934
350.42419 -5172.7213
350.42419 -5175.253
350.4408 -5175.0248
350.4408 -5177.5539
350.45741 -5272.8844
350.45741 -5275.4091
350.47402 -5368.1717
350.47402 -5370.6943
350.49063 -5263.0852
350.49063 -5265.6142
350.50723 -4712.2832
350.50723 -4714.812
350.51277 -5079.4152
350.52384 -5068.1289
350.52384 -5070.6523
350.54045 -5213.9916
350.54045 -5216.5167
350.55706 -5272.6551
350.55706 -5275.1752
350.56813 -5044.4423
350.57367 -5014.2194
350.57367 -5016.7439
350.59028 -5134.0948
350.59028 -5136.6174
350.60689 -5096.6515
350.60689 -5099.1657
350.6235 -5086.2495
350.6235 -5088.7683
350.64011 -4952.0674
350.64011 -4954.5962
350.65671 -4901.1811
350.65671 -4903.7078
350.67332 -5126.6776
350.67332 -5129.1965
350.67886 -5004.6507
350.68993 -5024.6056
350.68993 -5027.1228
350.70654 -5320.4604
350.70654 -5322.9904
350.72315 -5599.4972
350.72315 -5602.0219
350.73422 -4978.6927
350.73976 -5217.9921
350.73976 -5220.5239
350.75637 -5268.2391
350.75637 -5270.767
350.77298 -5171.9243
350.77298 -5174.4504
350.78958 -5407.9339
350.78958 -5410.4489
350.80619 -5233.7118
350.80619 -5236.229
350.8228 -5225.335
350.8228 -5227.8586
350.83941 -5335.2576
350.83941 -5337.775
350.84495 -5123.6167
350.85602 -4968.1573
350.85602 -4970.6701
350.87263 -5118.26
350.87263 -5120.7692
350.88924 -5022.7733
350.88924 -5025.2899
350.90031 -5084.4723
350.90585 -5215.5911
350.90585 -5218.1055
350.92246 -5612.005
350.92246 -5614.5167
350.93906 -5209.9629
350.93906 -5212.485
350.95567 -5119.2576
350.95567 -5121.7737
350.97228 -5554.447
350.97228 -5556.9593
350.98889 -5291.1187
350.98889 -5293.6289
351.0055 -5223.3934
351.0055 -5225.9002
351.01104 -5323.9454
351.02211 -5246.5208
351.02211 -5249.0377
351.03872 -5401.8956
351.03872 -5404.4061
351.05533 -5073.0834
351.05533 -5075.5848
351.0664 -5120.0995
351.07193 -4961.3255
351.07193 -4963.8301
351.08854 -5228.3828
351.08854 -5230.8878
351.10515 -5055.6439
351.10515 -5058.1426
351.12176 -4755.3639
351.12176 -4757.8656
351.13837 -5352.0564
351.13837 -5354.5626
351.15498 -5328.5602
351.15498 -5331.0624
351.17159 -5312.2045
351.17159 -5314.6948
351.17712 -5237.5627
351.1882 -4904.7226
351.1882 -4907.2218
351.20481 -4996.9808
351.20481 -4999.4916
351.22141 -5452.7177
351.22141 -5455.2187
351.23249 -5278.9115
351.23802 -5401.6947
351.23802 -5404.1999
351.25463 -5108.1762
351.25463 -5110.6733
351.27124 -5368.7247
351.27124 -5371.2375
351.28785 -5609.49
351.28785 -5611.9992
351.30446 -5397.9475
351.30446 -5400.45
351.32107 -4910.227
351.32107 -4912.7301
351.33768 -5332.7767
351.33768 -5335.2789
351.34321 -4831.7035
351.35429 -5464.8592
351.35429 -5467.3664
351.37089 -5065.7976
351.37089 -5068.3194
351.3875 -5354.9142
351.3875 -5357.4324
351.39858 -5211.1995
351.40411 -5167.4008
351.40411 -5169.9125
351.42072 -5254.5244
351.42072 -5257.0258
351.43733 -5133.9349
351.43733 -5136.4443
351.45394 -5299.828
351.45394 -5302.3468
351.47055 -5143.7357
351.47055 -5146.2359
351.48716 -4840.3856
351.48716 -4842.8981
351.50376 -5102.5491
351.50376 -5105.062
351.5093 -4829.2388
351.52037 -5236.8548
351.52037 -5239.3612
351.53698 -5303.541
351.53698 -5306.0407
351.55359 -5210.9677
351.55359 -5213.4767
351.56466 -5198.4804
351.5702 -5194.4764
351.5702 -5196.9743
351.58681 -5375.1734
351.58681 -5377.6706
351.60342 -5323.2574
351.60342 -5325.7665
351.62003 -5169.0879
351.62003 -5171.5841
351.63664 -5266.2298
351.63664 -5268.7405
351.65324 -5234.1295
351.65324 -5236.6229
351.66985 -5305.9683
351.66985 -5308.4665
351.67539 -5533.4112
351.68646 -5308.2617
351.68646 -5310.7619
351.70307 -5588.7328
351.70307 -5591.2328
351.71968 -5599.1281
351.71968 -5601.6271
351.73075 -5037.345
351.73629 -4891.1032
351.73629 -4893.6013
351.7529 -5198.3183
351.7529 -5200.8198
351.76951 -5280.9783
351.76951 -5283.4732
351.78611 -5410.1972
351.78611 -5412.692
351.80272 -5120.6019
351.80272 -5123.1065
351.81933 -5357.9337
351.81933 -5360.4346
351.83594 -5928.5525
351.83594 -5931.0443
351.84148 -5628.7963
351.85255 -5297.3632
351.85255 -5299.8558
351.86916 -5080.0663
351.86916 -5082.5616
351.88577 -5364.731
351.88577 -5367.2238
351.89684 -5341.4621
351.90238 -5174.586
351.90238 -5177.0782
351.91899 -5283.8832
351.91899 -5286.3745
351.93559 -5091.8521
351.93559 -5094.349
351.9522 -5356.0676
351.9522 -5358.566
351.96881 -5293.6489
351.96881 -5296.1564
351.98542 -5328.9727
351.98542 -5331.4734
352.00203 -5482.948
352.00203 -5485.4591
352.00757 -5414.1889
352.01864 -5094.0933
352.01864 -5096.6022
352.03525 -5293.7806
352.03525 -5296.2859
352.05186 -5336.1259
352.05186 -5338.6297
352.06293 -5217.7284
352.06846 -5200.1441
352.06846 -5202.6457
352.08507 -5290.8644
352.08507 -5293.3652
352.10168 -5176.8
352.10168 -5179.2975
352.11829 -5283.9468
352.11829 -5286.4421
352.1349 -5410.345
352.1349 -5412.8414
352.15151 -5213.7014
352.15151 -5216.1949
352.16812 -5362.4877
352.16812 -5365.0014
352.17365 -5190.6334
352.18473 -5319.6908
352.18473 -5322.1983
352.20134 -5458.0341
352.20134 -5460.5263
352.21794 -5446.5944
352.21794 -5449.0954
352.22902 -5340.5265
352.23455 -5562.0617
352.23455 -5564.5586
352.25116 -5321.9725
352.25116 -5324.4768
352.26777 -5269.0279
352.26777 -5271.5265
352.28438 -5493.3959
352.28438 -5495.8936
352.30099 -5502.1498
352.30099 -5504.6495
352.3176 -5666.7888
352.3176 -5669.2778
352.33421 -5359.1154
352.33421 -5361.5943
352.33974 -5280.0729
352.35081 -5448.2716
352.35081 -5450.7615
352.36742 -5611.1646
352.36742 -5613.6517
352.38403 -5329.4049
352.38403 -5331.9015
352.39511 -5789.9063
352.40064 -5494.8926
352.40064 -5497.3941
352.41725 -5372.0707
352.41725 -5374.5731
352.43386 -5433.131
352.43386 -5435.6196
352.45047 -5519.8631
352.45047 -5522.3725
352.46708 -5603.9477
352.46708 -5606.4399
352.48369 -5596.583
352.48369 -5599.0805
352.50029 -5254.4671
352.50029 -5256.9587
352.50583 -5271.937
352.5169 -5514.4243
352.5169 -5516.9315
352.53351 -5572.7666
352.53351 -5575.2599
352.55012 -5393.4927
352.55012 -5395.9913
352.56119 -5649.6451
352.56673 -5277.5182
352.56673 -5280.0162
352.58334 -5520.0431
352.58334 -5522.5474
352.59995 -5580.1625
352.59995 -5582.6674
352.61656 -5583.7681
352.61656 -5586.2588
352.63317 -5450.809
352.63317 -5453.3055
352.64977 -5695.3836
352.64977 -5697.8842
352.66638 -5441.373
352.66638 -5443.8735
352.67192 -5300.3184
352.68299 -5733.4344
352.68299 -5735.9388
352.6996 -5653.8361
352.6996 -5656.3289
352.71621 -5798.8412
352.71621 -5801.3474
352.72728 -5585.733
352.73282 -5591.7513
352.73282 -5594.2553
352.74943 -5368.7735
352.74943 -5371.2871
352.76604 -5749.5521
352.76604 -5752.0536
352.78264 -5417.6743
352.78264 -5420.1851
352.79925 -5534.5539
352.79925 -5537.0598
352.81586 -5486.3316
352.81586 -5488.8326
352.83247 -5659.5971
352.83247 -5662.1089
352.83801 -5608.3085
352.84908 -5657.9451
352.84908 -5660.4562
352.86569 -5556.7554
352.86569 -5559.2576
352.8823 -5603.2257
352.8823 -5605.7394
352.89337 -5923.9932
352.89891 -5617.4029
352.89891 -5619.9006
352.91552 -5587.3358
352.91552 -5589.8335
352.93212 -5503.6993
352.93212 -5506.2011
352.94873 -5642.8053
352.94873 -5645.3142
352.96534 -5806.8909
352.96534 -5809.3883
352.98195 -5474.0792
352.98195 -5476.581
352.99856 -5433.557
352.99856 -5436.0579
353.0041 -5558.1607
353.01517 -5533.4742
353.01517 -5535.9835
353.03178 -5342.6598
353.03178 -5345.1622
353.04839 -5236.1817
353.04839 -5238.6907
353.05946 -5634.3755
353.06499 -5495.8987
353.06499 -5498.4124
353.0816 -5456.6808
353.0816 -5459.1995
353.09821 -5540.1132
353.09821 -5542.6243
353.11482 -5652.7887
353.11482 -5655.3037
353.13143 -5940.5704
353.13143 -5943.0712
353.14804 -5639.0447
353.14804 -5641.5667
353.16465 -5717.6782
353.16465 -5720.1922
353.17018 -5704.2343
353.18126 -5921.9609
353.18126 -5924.4708
353.19787 -5822.2814
353.19787 -5824.7899
353.21447 -5375.6717
353.21447 -5378.1865
353.22555 -5873.1056
353.23108 -5730.2636
353.23108 -5732.775
353.24769 -5906.0867
353.24769 -5908.601
353.2643 -5491.6056
353.2643 -5494.1157
353.28091 -5601.1751
353.28091 -5603.6919
353.29752 -5791.6585
353.29752 -5794.1698
353.31413 -5732.6574
353.31413 -5735.1668
353.33074 -5715.9429
353.33074 -5718.4566
353.33627 -5567.0542
353.34734 -5850.2203
353.34734 -5852.727
353.36395 -5917.2104
353.36395 -5919.7191
353.38056 -5620.1434
353.38056 -5622.6501
353.39164 -5804.4211
353.39717 -5635.5751
353.39717 -5638.0755
353.41378 -5760.1479
353.41378 -5762.6555
353.43039 -5704.0519
353.43039 -5706.5588
353.447 -5758.0881
353.447 -5760.5889
353.46361 -5693.3426
353.46361 -5695.8482
353.48022 -5859.6219
353.48022 -5862.1268
353.49682 -5480.5989
353.49682 -5483.108
353.50236 -5707.6299
353.51343 -5735.7659
353.51343 -5738.2677
353.53004 -6265.4234
353.53004 -6267.9271
353.54665 -5911.1859
353.54665 -5913.6955
353.55772 -5925.6613
353.56326 -5835.1032
353.56326 -5837.6094
353.57987 -5806.1397
353.57987 -5808.6437
353.59648 -5796.0026
353.59648 -5798.5214
353.61309 -5486.2576
353.61309 -5488.7662
353.62969 -5663.03
353.62969 -5665.5323
353.6463 -5572.0031
353.6463 -5574.5203
353.66291 -5924.9478
353.66291 -5927.4629
353.66845 -6024.5408
353.67952 -5638.1891
353.67952 -5640.6905
353.69613 -5610.5432
353.69613 -5613.0598
353.71274 -5806.6339
353.71274 -5809.1435
353.72381 -5689.5142
353.72935 -5911.2013
353.72935 -5913.7186
353.74596 -5679.5346
353.74596 -5682.0435
353.76257 -5880.4331
353.76257 -5882.9483
353.77917 -5697.9287
353.77917 -5700.4423
353.79578 -5744.6265
353.79578 -5747.1294
353.81239 -6009.5507
353.81239 -6012.0551
353.829 -5777.5699
353.829 -5780.0795
353.83454 -5766.0284
353.84561 -6095.1577
353.84561 -6097.662
353.86222 -5678.6103
353.86222 -5681.1162
353.87883 -5978.0258
353.87883 -5980.5326
353.8899 -5750.1868
353.89544 -6051.3129
353.89544 -6053.826
353.91205 -5989.8021
353.91205 -5992.3087
353.92865 -5849.2732
353.92865 -5851.7841
353.94526 -5744.6678
353.94526 -5747.1786
353.96187 -5836.6103
353.96187 -5839.1213
353.97848 -6012.6249
353.97848 -6015.1297
353.99509 -5759.8958
353.99509 -5762.4012
354.00063 -5638.0698
354.0117 -5765.7327
354.0117 -5768.2435
354.02831 -5864.6693
354.02831 -5867.1734
354.04492 -6099.6685
354.04492 -6102.1725
354.05599 -5924.0412
354.06152 -5880.5808
354.06152 -5883.083
354.07813 -5882.3727
354.07813 -5884.8763
354.09474 -5912.1001
354.09474 -5914.6077
354.11135 -5628.7874
354.11135 -5631.2873
354.12796 -5796.9561
354.12796 -5799.4595
354.14457 -5860.2824
354.14457 -5862.7847
354.16118 -5728.1033
354.16118 -5730.6096
354.16671 -5875.1099
354.17779 -5566.9272
354.17779 -5569.4316
354.1944 -5863.929
354.1944 -5866.4345
354.211 -6041.9137
354.211 -6044.4129
354.22208 -5928.4775
354.22761 -5666.8683
354.22761 -5669.373
354.24422 -5771.8004
354.24422 -5774.2992
354.26083 -5943.79
354.26083 -5946.2947
354.27744 -6172.9732
354.27744 -6175.4736
354.29405 -6134.668
354.29405 -6137.1713
354.31066 -5837.8537
354.31066 -5840.3585
354.32727 -5705.7418
354.32727 -5708.2427
354.3328 -5864.5945
354.34387 -5967.4798
354.34387 -5969.9755
354.36048 -6168.1594
354.36048 -6170.6558
354.37709 -6047.7984
354.37709 -6050.2956
354.38816 -5721.6017
354.3937 -5864.4283
354.3937 -5866.9235
354.41031 -6041.0246
354.41031 -6043.5223
354.42692 -6029.8354
354.42692 -6032.3356
354.44353 -5996.7649
354.44353 -5999.258
354.46014 -5867.4839
354.46014 -5869.9818
354.47675 -6095.8797
354.47675 -6098.384
354.49335 -5924.7698
354.49335 -5927.2747
354.49889 -5872.1477
354.50996 -5676.2708
354.50996 -5678.7662
354.52657 -5837.6722
354.52657 -5840.1711
354.54318 -6196.4128
354.54318 -6198.9202
354.55425 -6002.6284
354.55979 -6104.9057
354.55979 -6107.4179
354.5764 -6043.078
354.5764 -6045.5846
354.59301 -5812.264
354.59301 -5814.7758
354.60962 -6416.1328
354.60962 -6418.6377
354.62622 -6032.2021
354.62622 -6034.7185
354.64283 -5988.7023
354.64283 -5991.2045
354.65944 -6111.4506
354.65944 -6113.9443
354.66498 -6219.6268
354.67605 -6203.6085
354.67605 -6206.1134
354.69266 -6107.4118
354.69266 -6109.9105
354.70927 -6052.365
354.70927 -6054.863
354.72034 -6153.5165
354.72588 -6026.6852
354.72588 -6029.1805
354.74249 -6184.7664
354.74249 -6187.2592
354.7591 -6199.5965
354.7591 -6202.106
354.7757 -6039.6514
354.7757 -6042.1501
354.79231 -5945.4995
354.79231 -5947.9988
354.80892 -5942.9727
354.80892 -5945.4694
354.82553 -6317.3816
354.82553 -6319.8874
354.83107 -6200.145
354.84214 -6205.0524
354.84214 -6207.5534
354.85875 -6201.5379
354.85875 -6204.0399
354.87536 -6343.4305
354.87536 -6345.9288
354.88643 -6128.8565
354.89197 -6011.0656
354.89197 -6013.5561
354.90857 -5988.3994
354.90857 -5990.8906
354.92518 -5943.3952
354.92518 -5945.8856
354.94179 -6101.4347
354.94179 -6103.9335
354.9584 -6170.7395
354.9584 -6173.2333
354.97501 -5866.7254
354.97501 -5869.233
354.99162 -5986.5418
354.99162 -5989.0545
354.99716 -5921.0365
355.00823 -5699.0323
355.00823 -5701.5287
355.02484 -5965.1612
355.02484 -5967.6703
355.04145 -6065.8692
355.04145 -6068.3774
355.05252 -5749.4528
355.05805 -5889.0342
355.05805 -5891.5377
355.07466 -6157.1271
355.07466 -6159.6347
355.09127 -6120.8385
355.09127 -6123.3491
355.10788 -6054.6779
355.10788 -6057.1827
355.12449 -6006.9167
355.12449 -6009.424
355.1411 -6025.724
355.1411 -6028.2391
355.15771 -6128.9616
355.15771 -6131.4837
355.16324 -5765.3858
355.17432 -6025.3427
355.17432 -6027.8393
355.19093 -6231.066
355.19093 -6233.564
355.20753 -6023.7401
355.20753 -6026.2412
355.21861 -6023.4162
355.22414 -5864.3507
355.22414 -5866.849
355.24075 -6346.3858
355.24075 -6348.8852
355.25736 -6145.4779
355.25736 -6147.9757
355.27397 -5942.2438
355.27397 -5944.7381
355.29058 -5840.5825
355.29058 -5843.0772
355.30719 -6034.5939
355.30719 -6037.0935
355.3238 -6387.6579
355.3238 -6390.1584
355.32933 -6317.2161
355.3404 -6210.9038
355.3404 -6213.4013
355.35701 -5940.1378
355.35701 -5942.6369
355.37362 -6325.4965
355.37362 -6327.9916
355.38469 -6289.5659
355.39023 -6298.8269
355.39023 -6301.3252
355.40684 -6005.615
355.40684 -6008.1092
355.42345 -6264.5835
355.42345 -6267.0801
355.44006 -6276.3624
355.44006 -6278.8617
355.45667 -6411.7165
355.45667 -6414.2203
355.47328 -6001.618
355.47328 -6004.1157
355.48988 -6150.8534
355.48988 -6153.3507
355.49542 -6060.1869
355.50649 -6197.5025
355.50649 -6200.001
355.5231 -5976.1933
355.5231 -5978.6887
355.53971 -6382.8146
355.53971 -6385.3074
355.55078 -6011.8345
355.55632 -6225.2421
355.55632 -6227.7418
355.57293 -6001.4534
355.57293 -6003.9527
355.58954 -5782.0586
355.58954 -5784.5568
355.60615 -6241.4575
355.60615 -6243.9563
355.62275 -6125.8144
355.62275 -6128.315
355.63936 -6099.2032
355.63936 -6101.7032
355.65597 -6140.9416
355.65597 -6143.4445
355.66151 -6129.7227
355.67258 -6134.6155
355.67258 -6137.1162
355.68919 -5913.2023
355.68919 -5915.7023
355.7058 -6167.7238
355.7058 -6170.2321
355.71687 -6185.8695
355.72241 -6013.3457
355.72241 -6015.8411
355.73902 -6047.2257
355.73902 -6049.7264
355.75563 -6292.9348
355.75563 -6295.4353
355.77223 -6202.9399
355.77223 -6205.4399
355.78884 -5988.5577
355.78884 -5991.0561
355.80545 -6120.0786
355.80545 -6122.5719
355.82206 -6292.0076
355.82206 -6294.4943
355.8276 -6328.5225
355.83867 -6576.8411
355.83867 -6579.3362
355.85528 -6244.0036
355.85528 -6246.4984
355.87189 -6165.0912
355.87189 -6167.5699
355.88296 -6540.7806
355.8885 -6266.6215
355.8885 -6269.1006
355.9051 -6328.0468
355.9051 -6330.5331
355.92171 -6530.782
355.92171 -6533.2558
355.93832 -6284.7384
355.93832 -6287.2237
355.95493 -6378.1729
355.95493 -6380.6506
355.97154 -6146.818
355.97154 -6149.2914
355.98815 -6131.6687
355.98815 -6134.1466
355.99369 -6410.3073
356.00476 -5750.2538
356.00476 -5752.7307
356.02137 -6147.7164
356.02137 -6150.1995
356.03798 -5945.9542
356.03798 -5948.4402
356.04905 -6003.5061
356.05458 -5867.776
356.05458 -5870.2598
356.07119 -6206.9725
356.07119 -6209.4718
356.0878 -6313.3697
356.0878 -6315.8543
356.10441 -6258.6027
356.10441 -6261.078
356.12102 -6019.7798
356.12102 -6022.2613
356.13763 -6187.3507
356.13763 -6189.8297
356.15424 -6363.4408
356.15424 -6365.92
356.15977 -6567.6
356.17085 -6030.9367
356.17085 -6033.4212
356.18745 -5948.3842
356.18745 -5950.8624
356.20406 -6276.8699
356.20406 -6279.3491
356.21514 -6183.0929
356.22067 -6473.4598
356.22067 -6475.9469
356.23728 -5934.1122
356.23728 -5936.5923
356.25389 -5886.1876
356.25389 -5888.6721
356.2705 -6529.575
356.2705 -6532.057
356.28711 -5751.9211
356.28711 -5754.3933
356.30372 -6126.8839
356.30372 -6129.364
356.32033 -6074.0154
356.32033 -6076.4941
356.32586 -5909.6025
356.33693 -6072.2181
356.33693 -6074.6917
356.35354 -6114.2262
356.35354 -6116.7074
356.37015 -6166.3569
356.37015 -6168.8456
356.38122 -6294.5097
356.38676 -6564.7465
356.38676 -6567.2225
356.40337 -5967.4598
356.40337 -5969.9444
356.41998 -6290.9597
356.41998 -6293.4441
356.43659 -6246.7604
356.43659 -6249.2451
356.4532 -6025.0896
356.4532 -6027.5716
356.46981 -5972.3163
356.46981 -5974.7992
356.48641 -5671.8619
356.48641 -5674.3442
356.49195 -6018.5233
356.50302 -6121.8105
356.50302 -6124.2882
356.51963 -5987.2581
356.51963 -5989.7432
356.53624 -5927.6979
356.53624 -5930.191
356.55285 -6229.6703
356.55285 -6232.1415
356.55839 -5839.9284
356.56946 -6042.0498
356.56946 -6044.5363
356.58607 -5867.3476
356.58607 -5869.8385
356.60268 -5876.6422
356.60268 -5879.1182
356.61375 -6352.7787
356.61928 -6201.0428
356.61928 -6203.5205
356.63589 -5839.582
356.63589 -5842.0573
356.6525 -6335.6158
356.6525 -6338.0834
356.66911 -6540.2389
356.66911 -6542.7173
356.68572 -5957.5276
356.68572 -5960.0072
356.70233 -6181.3261
356.70233 -6183.812
356.71894 -6476.719
356.71894 -6479.1958
356.72447 -6154.5144
356.73555 -6101.0433
356.73555 -6103.5032
356.75216 -6182.0441
356.75216 -6184.5219
356.76876 -6385.9426
356.76876 -6388.4112
356.77984 -6467.4035
356.78537 -6203.0836
356.78537 -6205.5516
356.80198 -5872.1235
356.80198 -5874.5969
356.81859 -6047.5384
356.81859 -6050.0034
356.8352 -5942.2903
356.8352 -5944.7638
356.85181 -6083.681
356.85181 -6086.1554
356.86842 -6204.698
356.86842 -6207.1537
356.88503 -6596.3451
356.88503 -6598.8161
356.89056 -6461.2904
356.90163 -6443.7102
356.90163 -6446.1784
356.91824 -6357.7151
356.91824 -6360.1945
356.93485 -6376.7062
356.93485 -6379.1744
356.94592 -6272.5887
356.95146 -6417.4131
356.95146 -6419.8901
356.96807 -6280.613
356.96807 -6283.0801
356.98468 -6343.7489
356.98468 -6346.2222
357.00129 -6319.0982
357.00129 -6321.5653
357.0179 -6353.1773
357.0179 -6355.6546
357.03451 -6216.8268
357.03451 -6219.2943
357.05111 -6203.2138
357.05111 -6205.6848
357.05665 -6200.7502
357.06772 -6064.8844
357.06772 -6067.3675
357.08433 -6388.912
357.08433 -6391.3827
357.10094 -6268.5036
357.10094 -6270.9793
357.11201 -6064.066
357.11755 -6482.7807
357.11755 -6485.2583
357.13416 -6344.2597
357.13416 -6346.7421
357.15077 -6443.5663
357.15077 -6446.044
357.16738 -6371.54
357.16738 -6374.0175
357.18398 -6105.4941
357.18398 -6107.9802
357.20059 -6475.038
357.20059 -6477.5147
357.2172 -6363.7563
357.2172 -6366.2392
357.22274 -6303.8991
357.23381 -6453.3453
357.23381 -6455.8174
357.25042 -6439.2346
357.25042 -6441.7166
357.26703 -6256.9475
357.26703 -6259.423
357.2781 -6340.9257
357.28364 -6411.1755
357.28364 -6413.6526
357.30025 -6377.1924
357.30025 -6379.6691
357.31686 -6161.473
357.31686 -6163.9458
357.33346 -6368.3901
357.33346 -6370.8667
357.35007 -6575.4298
357.35007 -6577.9036
357.36668 -6277.6207
357.36668 -6280.1015
357.38329 -6096.6356
357.38329 -6099.1195
357.38883 -6459.3886
357.3999 -6136.5496
357.3999 -6139.0321
357.41651 -6133.1465
357.41651 -6135.628
357.43312 -6311.9503
357.43312 -6314.4297
357.44419 -6614.2323
357.44973 -6618.1375
357.44973 -6620.6106
357.46633 -6563.4485
357.46633 -6565.9226
357.48294 -6466.4559
357.48294 -6468.9343
357.49955 -6419.4926
357.49955 -6421.9703
357.51616 -6307.9524
357.51616 -6310.4293
357.53277 -6396.2253
357.53277 -6398.7034
357.54938 -6383.1848
357.54938 -6385.6694
357.56599 -6085.7679
357.56599 -6088.2463
357.5826 -6418.4412
357.5826 -6420.9193
357.58813 -6264.2783
357.59921 -6188.107
357.59921 -6190.5902
357.61581 -6184.5157
357.61581 -6260.9486
357.63242 -6352.8528
357.63242 -6355.3261
357.64903 -6798.4684
357.64903 -6800.9424
357.66564 -6476.2455
357.66564 -6478.7306
357.67118 -6388.5022
357.68225 -6411.8972
357.68225 -6414.3574
357.69886 -6380.0239
357.69886 -6382.5101
357.71547 -6384.6359
357.71547 -6387.1201
357.72654 -6106.2502
357.73208 -6360.0734
357.73208 -6362.5523
357.74869 -6246.2444
357.74869 -6248.7166
357.76529 -6524.0397
357.76529 -6526.5153
357.7819 -6511.7261
357.7819 -6514.1872
357.79851 -6264.8485
357.79851 -6267.3235
357.81512 -6360.9815
357.81512 -6363.4505
357.83173 -6454.3177
357.83173 -6456.794
357.83727 -6053.3229
357.84834 -6010.6947
357.84834 -6013.1711
357.86495 -6132.2223
357.86495 -6134.6933
357.88156 -6451.3511
357.88156 -6453.8303
357.89263 -6307.9312
357.89816 -6660.9974
357.89816 -6663.471
357.91477 -6175.8599
357.91477 -6178.339
357.93138 -6138.43
357.93138 -6140.9112
357.94799 -6203.8753
357.94799 -6206.3522
357.9646 -6314.7512
357.9646 -6317.2329
357.98121 -5948.0707
357.98121 -5950.5429
357.99782 -6171.2379
357.99782 -6173.7213
358.00335 -6000.6988
358.01443 -6464.5581
358.01443 -6467.0377
358.03104 -6083.2636
358.03104 -6085.7321
358.04764 -6301.6811
358.04764 -6304.1605
358.05872 -6238.2274
358.06425 -6483.1525
358.06425 -6485.6267
358.08086 -6042.1332
358.08086 -6044.6056
358.09747 -5984.3754
358.09747 -5986.8443
358.11408 -6294.9772
358.11408 -6297.4499
358.13069 -6579.8106
358.13069 -6582.2775
358.1473 -6006.92
358.1473 -6009.3867
358.16391 -6361.6651
358.16391 -6364.1259
358.16944 -5980.6516
358.18051 -6665.8038
358.18051 -6668.2781
358.19712 -5979.8464
358.19712 -5982.3093
358.21373 -6333.4373
358.21373 -6335.902
358.2248 -6389.6823
358.23034 -6589.2631
358.23034 -6591.7268
358.24695 -6253.0714
358.24695 -6255.5418
358.26356 -6196.9136
358.26356 -6199.393
358.28017 -6330.1209
358.28017 -6332.5858
358.29678 -6326.6369
358.29678 -6329.105
358.31339 -6015.0395
358.31339 -6017.4998
358.32999 -6291.5117
358.32999 -6293.9819
358.33553 -6115.9686
358.3466 -6414.3763
358.3466 -6416.8463
358.36321 -6192.5131
358.36321 -6194.9756
358.37982 -6459.1322
358.37982 -6461.6093
358.39089 -6148.3876
358.39643 -6387.5864
358.39643 -6390.0659
358.41304 -6160.3787
358.41304 -6162.8524
358.42965 -6255.2357
358.42965 -6257.6903
358.44626 -6238.5493
358.44626 -6241.0206
358.46286 -6282.75
358.46286 -6285.2077
358.47947 -6196.2091
358.47947 -6198.6717
358.49608 -6349.0392
358.49608 -6351.5103
358.50162 -6037.1079
358.51269 -6517.3353
358.51269 -6519.8025
358.5293 -6317.7727
358.5293 -6320.2372
358.54591 -6372.4126
358.54591 -6374.8738
358.55698 -6300.5012
358.56252 -6269.5166
358.56252 -6271.9819
358.57913 -6262.208
358.57913 -6264.6747
358.59574 -6277.7881
358.59574 -6280.2523
358.61234 -6345.4048
358.61234 -6347.8723
358.62895 -6243.009
358.62895 -6245.4776
358.64556 -6189.6064
358.64556 -6192.0757
358.66217 -6239.81
358.66217 -6242.2779
358.66771 -6434.1955
358.67878 -6164.3311
358.67878 -6166.7916
358.69539 -6098.3996
358.69539 -6100.8568
358.712 -6271.24
358.712 -6273.6961
358.72307 -6358.0336
358.72861 -6252.1587
358.72861 -6254.6161
358.74521 -6224.647
358.74521 -6227.1065
358.76182 -6288.7355
358.76182 -6291.2007
358.77843 -6527.2533
358.77843 -6529.7136
358.79504 -6258.5358
358.79504 -6260.9971
358.81165 -6092.6137
358.81165 -6095.0755
358.82826 -6262.5496
358.82826 -6264.9997
358.8338 -6079.8011
358.84487 -6000.8421
358.84487 -6003.3082
358.86148 -5932.1141
358.86148 -5934.5673
358.87809 -5941.4772
358.87809 -5943.9302
358.88916 -5946.1019
358.89469 -5976.7109
358.89469 -5979.1693
358.9113 -6039.946
358.9113 -6042.4078
358.92791 -6078.1392
358.92791 -6080.6057
358.94452 -6104.6524
358.94452 -6107.1045
358.96113 -6131.7869
358.96113 -6134.2329
358.97774 -6585.0889
358.97774 -6587.54
358.99435 -6075.4431
358.99435 -6077.8951
358.99988 -6265.5763
359.01096 -6050.2738
359.01096 -6052.7172
359.02757 -6603.8031
359.02757 -6606.2564
359.04417 -6138.9549
359.04417 -6141.4052
359.05525 -6455.021
359.06078 -6144.0127
359.06078 -6146.4748
359.07739 -6338.1074
359.07739 -6340.5592
359.094 -6146.4769
359.094 -6148.9125
359.11061 -6365.1375
359.11061 -6367.5921
359.12722 -6444.8699
359.12722 -6447.3149
359.14383 -6323.7167
359.14383 -6326.1736
359.16044 -6247.5916
359.16044 -6250.052
359.16597 -6465.2195
359.17704 -6386.7306
359.17704 -6389.1945
359.19365 -6329.9677
359.19365 -6332.4161
359.21026 -6316.336
359.21026 -6318.7981
359.22133 -6425.0545
359.22687 -6134.1419
359.22687 -6136.597
359.24348 -6292.1784
359.24348 -6294.6325
359.26009 -6249.6552
359.26009 -6252.1145
359.2767 -6334.8061
359.2767 -6337.254
359.29331 -6550.6573
359.29331 -6553.1117
359.30992 -6575.1297
359.30992 -6577.593
359.32652 -6422.6712
359.32652 -6425.1261
359.33206 -6625.4675
359.34313 -6525.53
359.34313 -6527.9905
359.35974 -6138.0313
359.35974 -6140.4848
359.37635 -6200.9702
359.37635 -6203.4096
359.38742 -6504.7922
359.39296 -6437.7054
359.39296 -6440.1584
359.40957 -6348.6303
359.40957 -6351.0823
359.42618 -6180.0303
359.42618 -6182.4786
359.44279 -6545.7582
359.44279 -6548.2127
359.45939 -6379.5834
359.45939 -6382.0303
359.476 -6154.5166
359.476 -6156.9598
359.49261 -5995.712
359.49261 -5998.1637
359.49815 -6203.7128
359.50922 -6333.3904
359.50922 -6335.8359
359.52583 -6529.3774
359.52583 -6531.8327
359.54244 -6169.8013
359.54244 -6172.2573
359.55351 -6300.6839
359.55905 -6075.8677
359.55905 -6078.3228
359.57566 -6810.331
359.57566 -6812.7853
359.59227 -6334.3009
359.59227 -6336.7728
359.60887 -6272.9249
359.60887 -6275.3973
359.62548 -6268.9255
359.62548 -6271.3714
359.64209 -6291.4235
359.64209 -6293.8826
359.6587 -6479.6591
359.6587 -6482.1128
359.66424 -6420.3054
359.67531 -6168.4149
359.67531 -6170.8718
359.69192 -6667.5546
359.69192 -6670.0077
359.70853 -6480.2797
359.70853 -6482.718
359.7196 -6209.0913
359.72514 -6090.6771
359.72514 -6093.1239
359.74174 -6494.0409
359.74174 -6496.4878
359.75835 -6577.0803
359.75835 -6579.5266
359.77496 -6224.9383
359.77496 -6227.3858
359.79157 -6199.2172
359.79157 -6201.6693
359.80818 -6024.6897
359.80818 -6027.1463
359.82479 -6602.6814
359.82479 -6605.132
359.83033 -6378.5705
359.8414 -6218.6626
359.8414 -6221.1134
359.85801 -6637.4613
359.85801 -6639.9091
359.87462 -6518.5371
359.87462 -6520.9824
359.88569 -6582.8433
359.89122 -6454.1525
359.89122 -6456.6027
359.90783 -6497.2326
359.90783 -6499.6766
359.92444 -6367.4563
359.92444 -6369.8992
359.94105 -6172.5464
359.94105 -6174.9904
359.95766 -6235.8565
359.95766 -6238.3128
359.97427 -6433.4321
359.97427 -6435.8756
359.99088 -6546.0885
359.99088 -6548.5344
359.99641 -6408.894
360.00749 -6480.3484
360.00749 -6482.7951
360.02409 -6358.6867
360.02409 -6361.1403
360.0407 -6396.5056
360.0407 -6398.9558
360.05178 -6318.1241
360.05731 -6393.5271
360.05731 -6395.9806
360.07392 -6484.9908
360.07392 -6487.4423
360.09053 -6235.8975
360.09053 -6238.3525
360.10714 -6365.3812
360.10714 -6367.8372
360.12375 -6551.4472
360.12375 -6553.9
360.14036 -6454.6198
360.14036 -6457.0885
360.15697 -6396.5029
360.15697 -6398.9447
360.1625 -6246.4132
360.17357 -6695.0243
360.17357 -6697.4803
360.19018 -6718.1097
360.19018 -6720.5725
360.20679 -6356.7543
360.20679 -6359.2088
360.21786 -6094.4585
360.2234 -6248.4374
360.2234 -6250.8805
360.24001 -6445.9794
360.24001 -6448.4371
360.25662 -6377.5027
360.25662 -6379.9416
360.27323 -6356.2751
360.27323 -6358.724
360.28984 -6214.0231
360.28984 -6216.4807
360.30645 -6341.441
360.30645 -6343.8959
360.32305 -6539.1883
360.32305 -6541.6433
360.32859 -6150.244
360.33966 -6493.6267
360.33966 -6496.0749
360.35627 -6548.3852
360.35627 -6550.8317
360.37288 -6540.4023
360.37288 -6542.863
360.38395 -6443.8073
360.38949 -6344.6923
360.38949 -6347.1444
360.4061 -6269.3729
360.4061 -6271.8205
360.42271 -6719.4111
360.42271 -6721.8756
360.43932 -6532.309
360.43932 -6534.7642
360.45592 -6512.5222
360.45592 -6514.969
360.47253 -6495.595
360.47253 -6498.0512
360.48914 -6572.6978
360.48914 -6575.147
360.49468 -6593.8848
360.50575 -6385.0132
360.50575 -6387.4675
360.52236 -6638.8691
360.52236 -6641.3102
360.53897 -6664.4245
360.53897 -6666.8589
360.55004 -6773.2328
360.55558 -6452.8574
360.55558 -6455.2993
360.57219 -6449.0175
360.57219 -6451.4501
360.5888 -6503.203
360.5888 -6505.6433
360.6054 -6249.532
360.6054 -6251.9601
360.62201 -6649.4402
360.62201 -6651.8887
360.63862 -6571.2613
360.63862 -6573.7009
360.65523 -6193.1015
360.65523 -6195.5445
360.66077 -6385.049
360.67184 -6189.6326
360.67184 -6192.0752
360.68845 -6735.0119
360.68845 -6737.4507
360.70506 -6531.3948
360.70506 -6533.8085
360.71613 -6809.8006
360.72167 -6671.0302
360.72167 -6673.4671
360.73827 -6809.9594
360.73827 -6812.3976
360.75488 -6739.9142
360.75488 -6742.3442
360.77149 -6587.0961
360.77149 -6589.5328
360.7881 -6701.6964
360.7881 -6704.1295
360.80471 -6540.2377
360.80471 -6542.6711
360.82132 -6577.2858
360.82132 -6579.7262
360.82686 -6968.512
360.83793 -6573.1575
360.83793 -6575.5928
360.85454 -6713.8606
360.85454 -6716.2932
360.87115 -6651.2671
360.87115 -6653.6996
360.88222 -6680.6932
360.88775 -6653.7387
360.88775 -6656.1627
360.90436 -6540.6053
360.90436 -6543.0257
360.92097 -6376.8071
360.92097 -6379.2498
360.93758 -6624.1497
360.93758 -6626.5834
360.95419 -6320.9377
360.95419 -6323.3754
360.9708 -6501.315
360.9708 -6503.7506
360.98741 -6777.3703
360.98741 -6779.8046
360.99294 -6894.6961
361.00402 -6718.6188
361.00402 -6721.0609
361.02062 -6638.9912
361.02062 -6641.425
361.03723 -6784.6891
361.03723 -6787.1186
361.04831 -6919.8016
361.05384 -6765.3759
361.05384 -6767.8202
361.07045 -6495.6737
361.07045 -6498.1213
361.08706 -6729.2513
361.08706 -6731.6939
361.10367 -6560.5045
361.10367 -6562.9436
361.12028 -6472.0451
361.12028 -6474.4957
361.13689 -6832.3809
361.13689 -6834.8355
361.1535 -6653.8388
361.1535 -6656.2844
361.15903 -6488.3959
361.1701 -6724.2183
361.1701 -6726.6676
361.18671 -6490.607
361.18671 -6493.0503
361.20332 -6801.9316
361.20332 -6804.388
361.21439 -6613.5727
361.21993 -6923.925
361.21993 -6926.3733
361.23654 -6680.3046
361.23654 -6682.7571
361.25315 -6350.9404
361.25315 -6353.3734
361.26976 -6420.4894
361.26976 -6422.9424
361.28637 -6665.6517
361.28637 -6668.1029
361.30297 -6669.5002
361.30297 -6671.9533
361.31958 -6877.0609
361.31958 -6879.5107
361.32512 -6730.63
361.33619 -6718.3089
361.33619 -6720.7585
361.3528 -6690.6913
361.3528 -6693.1341
361.36941 -6815.059
361.36941 -6817.4996
361.38048 -6795.0555
361.38602 -6686.9119
361.38602 -6689.3583
361.40263 -6546.9137
361.40263 -6549.3526
361.41924 -6888.7543
361.41924 -6891.2001
361.43585 -6590.1972
361.43585 -6594.4141
361.45245 -6667.1974
361.45245 -6669.6403
361.46906 -6893.3794
361.46906 -6895.8182
361.48567 -6677.0693
361.48567 -6679.5102
361.49121 -6635.2732
361.50228 -6835.6834
361.50228 -6838.1206
361.51889 -6730.8967
361.51889 -6733.3371
361.5355 -6610.1425
361.5355 -6612.5871
361.54657 -6581.8618
361.55211 -6794.5573
361.55211 -6796.9894
361.56872 -6778.7748
361.56872 -6781.2108
361.58533 -6826.7179
361.58533 -6829.1491
361.60193 -6820.712
361.60193 -6823.1583
361.61854 -6673.8838
361.61854 -6676.3103
361.63515 -6892.3604
361.63515 -6894.7903
361.65176 -6752.7275
361.65176 -6755.1604
361.6573 -6702.2798
361.66837 -6913.0058
361.66837 -6915.4369
361.68498 -6763.6313
361.68498 -6766.0679
361.70159 -6772.6833
361.70159 -6775.1351
361.71266 -7129.0702
361.7182 -7206.3127
361.7182 -7208.7455
361.7348 -7151.5691
361.7348 -7154.0118
361.75141 -6926.2456
361.75141 -6928.6827
361.76802 -6588.0757
361.76802 -6590.5101
361.78463 -6706.8948
361.78463 -6709.3429
361.80124 -6863.2904
361.80124 -6865.7256
361.81785 -6666.4718
361.81785 -6668.9153
361.82338 -6824.7633
361.83446 -6582.549
361.83446 -6584.9908
361.85107 -6666.5184
361.85107 -6668.9579
361.86768 -6967.315
361.86768 -6969.7437
361.87875 -6596.9987
361.88428 -6743.2839
361.88428 -6745.717
361.90089 -6718.2041
361.90089 -6720.6323
361.9175 -6388.4078
361.9175 -6390.8439
361.93411 -6742.9485
361.93411 -6745.3891
361.95072 -7007.1776
361.95072 -7009.6078
361.96733 -6858.4642
361.96733 -6860.9025
361.98394 -6955.8731
361.98394 -6958.3142
361.98947 -7004.4106
362.00055 -6919.3883
362.00055 -6921.8305
362.01715 -7197.2688
362.01715 -7199.7051
362.03376 -6911.5494
362.03376 -6913.9865
362.04484 -6747.2617
362.05037 -6645.4989
362.05037 -6647.9413
362.06698 -6668.0356
362.06698 -6670.4828
362.08359 -6637.3172
362.08359 -6639.76
362.1002 -6461.0137
362.1002 -6463.4542
362.11681 -6598.6247
362.11681 -6601.074
362.13342 -6978.1733
362.13342 -6980.6147
362.15003 -6743.6892
362.15003 -6746.1262
362.15556 -6962.7332
362.16663 -6940.5111
362.16663 -6942.9595
362.18324 -6767.7763
362.18324 -6770.2159
362.19985 -6862.3094
362.19985 -6864.745
362.21092 -7057.3144
362.21646 -6951.3174
362.21646 -6953.7487
362.23307 -6443.4912
362.23307 -6445.9337
362.24968 -7016.9928
362.24968 -7019.4302
362.26629 -7117.993
362.26629 -7120.4409
362.2829 -6783.2353
362.2829 -6785.6809
362.2995 -6978.4278
362.2995 -6980.8693
362.31611 -6808.5568
362.31611 -6810.9923
362.32165 -6641.7762
362.33272 -6810.4802
362.33272 -6812.9136
362.34933 -6803.7232
362.34933 -6806.1592
362.36594 -6916.6437
362.36594 -6919.0881
362.37701 -6919.1283
362.38255 -7174.5724
362.38255 -7177.0051
362.39916 -6858.4072
362.39916 -6860.8265
362.41577 -6911.2578
362.41577 -6913.6902
362.43238 -6897.2834
362.43238 -6899.7116
362.44898 -6697.2132
362.44898 -6699.6442
362.46559 -6755.4441
362.46559 -6757.884
362.4822 -6527.3733
362.4822 -6529.8113
362.48774 -7034.006
362.49881 -6785.591
362.49881 -6788.0273
362.51542 -6674.0203
362.51542 -6676.4476
362.53203 -7093.4445
362.53203 -7095.8841
362.5431 -6949.5609
362.54864 -7009.6034
362.54864 -7012.0421
362.56525 -6843.2254
362.56525 -6845.663
362.58185 -7345.9145
362.58185 -7348.3591
362.59846 -6840.0245
362.59846 -6842.4591
362.61507 -6536.5005
362.61507 -6538.9195
362.63168 -7014.0293
362.63168 -7016.4643
362.64829 -7239.6283
362.64829 -7242.0627
362.65383 -7252.5196
362.6649 -6836.8205
362.6649 -6839.2483
362.68151 -6659.1348
362.68151 -6661.5706
362.69812 -7036.5749
362.69812 -7039.0068
362.70919 -6859.5478
362.71473 -7160.0006
362.71473 -7162.4344
362.73133 -6925.3621
362.73133 -6927.8055
362.74794 -7146.7599
362.74794 -7149.1908
362.76455 -6868.3383
362.76455 -6870.7777
362.78116 -6948.3588
362.78116 -6950.7881
362.79777 -7106.5736
362.79777 -6850.5971
362.81438 -6830.1593
362.81438 -6832.5803
362.83099 -6878.9322
362.83099 -6881.3558
362.8476 -6874.5841
362.8476 -6877.0185
362.85313 -6972.6943
362.86421 -6935.5153
362.86421 -6937.9446
362.88081 -6724.5872
362.88081 -6727.0146
362.89742 -6877.5683
362.89742 -6879.9913
362.9085 -7034.9571
362.91403 -6891.7809
362.91403 -6894.2119
362.93064 -7076.8197
362.93064 -7079.2359
362.94725 -6859.1647
362.94725 -6861.5843
362.96386 -6765.0176
362.96386 -6767.4407
362.98047 -6691.7192
362.98047 -6694.1453
362.99708 -6764.3472
362.99708 -6766.7885
363.01368 -6888.1379
363.01368 -6890.5629
363.01922 -7079.1462
363.03029 -6521.0391
363.03029 -6523.4725
363.0469 -6794.3245
363.0469 -6796.7569
363.06351 -6617.2308
363.06351 -6619.6586
363.07458 -6778.5299
363.08012 -6581.2722
363.08012 -6583.7019
363.09673 -6474.6589
363.09673 -6477.0889
363.11334 -6461.8049
363.11334 -6464.2428
363.12995 -6882.1788
363.12995 -6884.6135
363.14656 -6678.5124
363.14656 -6680.9509
363.16316 -6666.4958
363.16316 -6668.9198
363.17977 -7005.8163
363.17977 -7008.2609
363.18531 -7201.4362
363.19638 -6811.894
363.19638 -6814.3242
363.21299 -6975.424
363.21299 -6977.8449
363.2296 -6500.0149
363.2296 -6502.4428
363.24067 -6615.2244
363.24621 -6761.2914
363.24621 -6763.721
363.26282 -6932.4722
363.26282 -6934.8984
363.27943 -6625.308
363.27943 -6627.7388
363.29603 -6906.6734
363.29603 -6909.1006
363.31264 -6862.0447
363.31264 -6864.4742
363.32925 -6793.8656
363.32925 -6796.2956
363.34586 -6948.5848
363.34586 -6951.0158
363.3514 -6913.8082
363.36247 -6865.2999
363.36247 -6867.7285
363.37908 -6745.1873
363.37908 -6747.611
363.39569 -6539.3118
363.39569 -6541.7346
363.40676 -6671.8639
363.4123 -7082.0448
363.4123 -7084.4606
363.42891 -7115.5177
363.42891 -7117.9395
363.44551 -6578.0838
363.44551 -6580.51
363.46212 -6858.6711
363.46212 -6861.0984
363.47873 -6705.0776
363.47873 -6707.5013
363.49534 -6694.7658
363.49534 -6697.1941
363.51195 -6688.0513
363.51195 -6690.4847
363.51749 -6599.3999
363.52856 -7059.2109
363.52856 -7061.6325
363.54517 -7059.3457
363.54517 -7061.7715
363.56178 -6732.0875
363.56178 -6734.5131
363.57285 -7168.6699
363.57838 -6979.1155
363.57838 -6981.5426
363.59499 -7252.5201
363.59499 -7254.9387
363.6116 -6776.924
363.6116 -6779.3507
363.62821 -6765.4973
363.62821 -6767.9308
363.64482 -6647.1461
363.64482 -6649.5735
363.66143 -6950.6572
363.66143 -6953.0833
363.67804 -6813.4259
363.67804 -6815.8437
363.68357 -6842.3007
363.69465 -6666.8573
363.69465 -6669.2787
363.71126 -7111.3811
363.71126 -7113.7914
363.72786 -6911.7131
363.72786 -6914.126
363.73894 -6948.2742
363.74447 -6695.4912
363.74447 -6697.9086
363.76108 -7047.3756
363.76108 -7049.7864
363.77769 -7123.4865
363.77769 -7125.9026
363.7943 -6811.3191
363.7943 -6813.7345
363.81091 -6722.8659
363.81091 -6725.2728
363.82752 -7029.4376
363.82752 -7031.8639
363.84413 -7095.8371
363.84413 -7098.2691
363.84966 -7021.2473
363.86073 -6763.205
363.86073 -6765.6229
363.87734 -7222.7749
363.87734 -7225.1919
363.89395 -6921.968
363.89395 -6924.3838
363.90503 -7034.752
363.91056 -6921.8882
363.91056 -6924.3093
363.92717 -7038.1674
363.92717 -7040.5933
363.94378 -7005.4319
363.94378 -7007.8518
363.96039 -7143.9592
363.96039 -7146.3673
363.977 -6750.3149
363.977 -6752.7315
363.99361 -6823.1214
363.99361 -6825.5377
364.01021 -7144.8267
364.01021 -7147.2445
364.01575 -7182.6547
364.02682 -6667.5992
364.02682 -6670.0216
364.04343 -7038.0754
364.04343 -7040.4931
364.06004 -6931.8778
364.06004 -6934.3059
364.07111 -7047.0102
364.07665 -6843.9249
364.07665 -6846.3436
364.09326 -6860.708
364.09326 -6863.1281
364.10987 -6674.4122
364.10987 -6676.8209
364.12648 -6820.7078
364.12648 -6823.1257
364.14309 -7013.2767
364.14309 -7015.7024
364.15969 -6841.2491
364.15969 -6843.6709
364.1763 -7151.8546
364.1763 -7154.2789
364.18184 -7087.6669
364.19291 -7179.4014
364.19291 -7181.8214
364.20952 -7217.1567
364.20952 -7219.5648
364.22613 -6748.8544
364.22613 -6751.2737
364.2372 -7006.8983
364.24274 -6885.8608
364.24274 -6888.2826
364.25935 -7154.6418
364.25935 -7157.0688
364.27596 -6739.3707
364.27596 -6741.791
364.29256 -6942.2084
364.29256 -6944.6248
364.30917 -6771.9443
364.30917 -6774.3572
364.32578 -6860.0017
364.32578 -6862.4093
364.34239 -7060.0098
364.34239 -7062.429
364.34793 -7154.8147
364.359 -7012.323
364.359 -7014.741
364.37561 -7062.5137
364.37561 -7064.9257
364.39222 -6939.4273
364.39222 -6941.8562
364.40329 -6972.1312
364.40883 -6950.116
364.40883 -6952.5354
364.42544 -6932.5155
364.42544 -6934.9344
364.44204 -7189.4825
364.44204 -7191.9044
364.45865 -6758.927
364.45865 -6761.3318
364.47526 -6735.2538
364.47526 -6737.6649
364.49187 -7278.0153
364.49187 -7280.4279
364.50848 -7171.8413
364.50848 -7174.2527
364.51402 -7207.2791
364.52509 -6773.3516
364.52509 -6775.7608
364.5417 -6744.9188
364.5417 -6747.3329
364.55831 -7180.3101
364.55831 -7182.7259
364.56938 -6619.5237
364.57491 -6730.0926
364.57491 -6732.5072
364.59152 -7062.0458
364.59152 -7064.4642
364.60813 -6843.4269
364.60813 -6845.8313
364.62474 -7196.8237
364.62474 -7199.2418
364.64135 -7193.3907
364.64135 -7195.8035
364.65796 -7067.6868
364.65796 -7070.0944
364.67457 -7307.3999
364.67457 -7309.8144
364.6801 -7435.1798
364.69118 -6876.4682
364.69118 -6878.8699
364.70779 -7251.4592
364.70779 -7253.8698
364.72439 -7054.0721
364.72439 -7056.4877
364.73547 -6847.4437
364.741 -6961.0637
364.741 -6963.4782
364.75761 -7035.8462
364.75761 -7038.2671
364.77422 -7290.7122
364.77422 -7293.127
364.79083 -7214.791
364.79083 -7217.2142
364.80744 -7068.2675
364.80744 -7070.6808
364.82405 -7268.3138
364.82405 -7270.7184
364.84066 -7223.0604
364.84066 -7225.4763
364.84619 -7060.3493
364.85726 -7039.2209
364.85726 -7041.6313
364.87387 -7213.7482
364.87387 -7216.1769
364.89048 -6997.6981
364.89048 -7000.1121
364.90155 -7194.4379
364.90709 -7331.7243
364.90709 -7334.1334
364.9237 -7140.8724
364.9237 -7143.286
364.94031 -7111.1987
364.94031 -7113.6166
364.95692 -7114.2366
364.95692 -7116.642
364.97353 -7037.3455
364.97353 -7039.7496
364.99014 -7375.4878
364.99014 -7377.8975
365.00674 -7005.5001
365.00674 -7007.9086
365.01228 -6876.0682
365.02335 -7051.5731
365.02335 -7053.9867
365.03996 -6922.1295
365.03996 -6924.5544
365.05657 -7378.0607
365.05657 -7380.4692
365.06764 -6958.7581
365.07318 -7232.2489
365.07318 -7234.6727
365.08979 -7218.0952
365.08979 -7220.5132
365.1064 -7100.3238
365.1064 -7102.7361
365.12301 -7112.3261
365.12301 -7114.7484
365.13961 -7147.5496
365.13961 -7149.9659
365.15622 -6889.1799
365.15622 -6891.5924
365.17283 -7124.4555
365.17283 -7126.8585
365.17837 -7091.975
365.18944 -7213.6245
365.18944 -7216.0313
365.20605 -7018.9273
365.20605 -7021.3318
365.22266 -6931.2039
365.22266 -6933.6092
365.23373 -7313.4712
365.23927 -7319.0936
365.23927 -7321.5051
365.25588 -6983.2597
365.25588 -6985.672
365.27249 -7140.0785
365.27249 -7142.4855
365.28909 -7013.6214
365.28909 -7016.025
365.3057 -6953.9041
365.3057 -6956.3135
365.32231 -7145.6917
365.32231 -7148.0904
365.33892 -6968.5382
365.33892 -6970.9398
365.34446 -6803.9809
365.35553 -7210.1378
365.35553 -7212.5528
365.37214 -7168.9993
365.37214 -7171.41
365.38875 -7024.8366
365.38875 -7027.2488
365.39982 -7012.8119
365.40536 -7180.2588
365.40536 -7182.6792
365.42197 -7315.9538
365.42197 -7318.3622
365.43857 -7473.6761
365.43857 -7476.0827
365.45518 -7266.494
365.45518 -7268.8984
365.47179 -7198.6074
365.47179 -7201.0177
365.4884 -7358.0119
365.4884 -7360.4193
365.50501 -7260.3909
365.50501 -7262.7989
365.51055 -6910.0576
365.52162 -7094.6463
365.52162 -7097.0535
365.53823 -7306.3306
365.53823 -7308.7356
365.55484 -7124.7523
365.55484 -7127.1515
365.56591 -7013.0734
365.57144 -6978.1671
365.57144 -6980.5733
365.58805 -7190.9547
365.58805 -7193.3542
365.60466 -7420.8168
365.60466 -7423.2255
365.62127 -6827.6038
365.62127 -6989.442
365.63788 -6940.7559
365.63788 -6943.169
365.65449 -7013.2677
365.65449 -7015.671
365.6711 -7010.0971
365.6711 -7012.4927
365.67663 -7344.5914
365.68771 -6973.7121
365.68771 -6976.1032
365.70432 -7182.6384
365.70432 -7185.0393
365.72092 -6904.2392
365.72092 -6906.6352
365.732 -7227.2499
365.73753 -7080.2575
365.73753 -7082.6562
365.75414 -6990.728
365.75414 -6993.1226
365.77075 -6947.5991
365.77075 -6949.9999
365.78736 -6984.6847
365.78736 -6987.0891
365.80397 -6993.3777
365.80397 -6995.782
365.82058 -6918.5045
365.82058 -6920.9055
365.83719 -6718.4406
365.83719 -6720.8529
365.84272 -7137.131
365.85379 -6807.0585
365.85379 -6809.457
365.8704 -7076.4033
365.8704 -7078.803
365.88701 -7064.6198
365.88701 -7067.0225
365.89808 -7294.4263
365.90362 -6934.3745
365.90362 -6936.7835
365.92023 -7048.3413
365.92023 -7050.7503
365.93684 -7123.7404
365.93684 -7126.1317
365.95345 -6653.7109
365.95345 -6656.1092
365.97006 -7024.805
365.97006 -7027.2164
365.98667 -7097.9005
365.98667 -7100.2989
366.00327 -6829.4369
366.00327 -6831.8412
366.00881 -6936.1364
366.01988 -6868.7885
366.01988 -6871.1902
366.03649 -6980.0883
366.03649 -6982.491
366.0531 -6612.8356
366.0531 -6615.2381
366.06417 -6717.3657
366.06971 -6763.9518
366.06971 -6766.3567
366.08632 -7281.6124
366.08632 -7284.0185
366.10293 -7075.5652
366.10293 -7077.9686
366.11954 -7506.0647
366.11954 -7508.4649
366.13614 -7017.9602
366.13614 -7020.3593
366.15275 -6940.9668
366.15275 -6943.3592
366.16936 -7035.6609
366.16936 -7038.0612
366.1749 -6823.6138
366.18597 -6777.6036
366.18597 -6780.0068
366.20258 -7199.81
366.20258 -7202.2138
366.21919 -6748.0359
366.21919 -6750.434
366.23026 -6770.1635
366.2358 -6707.9212
366.2358 -6710.3176
366.25241 -7179.29
366.25241 -7181.692
366.26902 -7237.439
366.26902 -7239.8287
366.28562 -6789.5427
366.28562 -6791.9375
366.30223 -6663.5551
366.30223 -6665.9504
366.31884 -7324.7901
366.31884 -7327.1875
366.33545 -7139.7537
366.33545 -7142.1485
366.34099 -7046.8406
366.35206 -6769.0725
366.35206 -6771.4686
366.36867 -6830.5967
366.36867 -6832.9973
366.38528 -7219.4606
366.38528 -7221.8547
366.39635 -7128.1079
366.40189 -6987.5606
366.40189 -6989.9561
366.41849 -6796.7266
366.41849 -6799.1214
366.4351 -7163.9414
366.4351 -7166.337
366.45171 -6961.4809
366.45171 -6963.8753
366.46832 -6908.0793
366.46832 -6910.4635
366.48493 -6924.573
366.48493 -6926.9706
366.50154 -6939.7994
366.50154 -6942.2052
366.50708 -7128.9327
366.51815 -6860.639
366.51815 -6863.0334
366.53476 -6770.861
366.53476 -6773.2554
366.55137 -7113.4712
366.55137 -7115.8463
366.56244 -7128.3955
366.56797 -6898.6161
366.56797 -6901.0025
366.58458 -7043.4893
366.58458 -7045.8715
366.60119 -6880.8159
366.60119 -6883.2063
366.6178 -7071.0891
366.6178 -7073.4771
366.63441 -6990.0709
366.63441 -6992.4629
366.65102 -6983.9561
366.65102 -6986.3426
366.66763 -7198.1618
366.66763 -7200.5388
366.67316 -7234.5327
366.68424 -6956.2246
366.68424 -6958.6139
366.70085 -6746.4377
366.70085 -6748.8248
366.71745 -6912.1508
366.71745 -6914.5376
366.72853 -6932.5622
366.73406 -7149.6017
366.73406 -7151.9865
366.75067 -7134.931
366.75067 -7137.3145
366.76728 -7099.1277
366.76728 -7101.5181
366.78389 -6783.2193
366.78389 -6785.6039
366.8005 -6823.4199
366.8005 -6825.8075
366.81711 -6996.2722
366.81711 -6998.6607
366.83372 -6911.8379
366.83372 -6914.2241
366.83925 -6576.1257
366.85032 -6935.3363
366.85032 -6937.7284
366.86693 -6741.5021
366.86693 -6743.89
366.88354 -7158.0525
366.88354 -7160.4408
366.89461 -6782.6596
366.90015 -6954.7806
366.90015 -6957.1652
366.91676 -7011.536
366.91676 -7013.9282
366.93337 -6926.2364
366.93337 -6928.6178
366.94998 -6866.1809
366.94998 -6868.5721
366.96659 -7087.7638
366.96659 -7090.142
366.9832 -7108.9642
366.9832 -7111.3289
366.9998 -6673.037
366.9998 -6675.4126
367.00534 -6680.9148
367.01641 -6911.2646
367.01641 -6913.6474
367.03302 -7032.483
367.03302 -7034.8711
367.04963 -6671.2394
367.04963 -6673.6234
367.0607 -6779.7377
367.06624 -7029.2284
367.06624 -7031.6038
367.08285 -7077.9535
367.08285 -7080.3435
367.09946 -6781.3201
367.09946 -6783.7035
367.11607 -6940.2293
367.11607 -6942.6101
367.13267 -6860.9081
367.13267 -6863.2971
367.14928 -6761.0438
367.14928 -6763.4298
367.16589 -7228.1692
367.16589 -7230.5531
367.17143 -7196.7212
367.1825 -6995.1705
367.1825 -6997.5504
367.19911 -6978.3165
367.19911 -6980.6943
367.21572 -7302.5411
367.21572 -7304.9122
367.22679 -6793.2543
367.23233 -7144.3843
367.23233 -7146.758
367.24894 -6725.5848
367.24894 -6727.9555
367.26555 -7005.7477
367.26555 -7008.1202
367.28215 -7170.9318
367.28215 -7173.2968
367.29876 -6867.6578
367.29876 -6870.0257
367.31537 -7146.0122
367.31537 -7148.3814
367.33198 -7237.1987
367.33198 -6698.6669
367.34859 -6732.7751
367.34859 -6735.1416
367.3652 -6888.1071
367.3652 -6890.4877
367.38181 -7081.2175
367.38181 -7083.599
367.38734 -6948.6046
367.39842 -7095.3764
367.39842 -7097.7401
367.41502 -6879.4928
367.41502 -6881.8648
367.43163 -6715.2817
367.43163 -6717.6368
367.44271 -6819.7784
367.44824 -6860.6889
367.44824 -6863.0627
367.46485 -6871.4238
367.46485 -6873.7818
367.48146 -6523.4543
367.48146 -6525.8033
367.49807 -6732.3839
367.49807 -6734.7512
367.51468 -6793.6118
367.51468 -6795.9821
367.53129 -6386.7941
367.53129 -6389.1562
367.5479 -6447.8108
367.5479 -6450.1667
367.55343 -6831.3726
367.5645 -6682.7578
367.5645 -6685.118
367.58111 -6730.1054
367.58111 -6732.4738
367.59772 -6869.2989
367.59772 -6871.6546
367.61433 -6664.1609
367.61433 -6427.6061
367.63094 -6551.7558
367.63094 -6554.1146
367.64755 -6746.6313
367.64755 -6748.9965
367.66416 -6586.0246
367.66416 -6588.3769
367.66969 -6342.2219
367.68077 -6341.2104
367.68077 -6343.5758
367.69737 -6611.4737
367.69737 -6613.8384
367.71398 -6464.2058
367.71398 -6466.5577
367.72506 -6490.9088
367.73059 -6660.1089
367.73059 -6662.4692
367.7472 -6469.6973
367.7472 -6472.0541
367.76381 -6228.8024
367.76381 -6231.1659
367.78042 -6578.4269
367.78042 -6580.7867
367.79703 -6418.3929
367.79703 -6420.7535
367.81364 -6446.9192
367.81364 -6449.2776
367.83025 -6775.5242
367.83025 -6777.8821
367.83578 -6592.4583
367.84685 -6538.3054
367.84685 -6540.6615
367.86346 -6435.8441
367.86346 -6438.207
367.88007 -6570.9544
367.88007 -6573.3114
367.89114 -6342.8115
367.89668 -6276.9483
367.89668 -6279.3108
367.91329 -6709.4296
367.91329 -6711.7936
367.9299 -6463.1701
367.9299 -6465.5314
367.94651 -6491.2265
367.94651 -6493.5826
367.96312 -6388.4066
367.96312 -6390.7633
367.97972 -6308.4695
367.97972 -6310.823
367.99633 -6353.8913
367.99633 -6356.2361
368.00187 -6501.7786
368.01294 -6292.088
368.01294 -6294.4332
368.02955 -6565.9442
368.02955 -6568.2947
368.04616 -6486.5475
368.04616 -6488.887
368.05723 -6343.2275
368.06277 -6424.1946
368.06277 -6426.5386
368.07938 -6490.5793
368.07938 -6492.922
368.09599 -6097.692
368.09599 -6100.0376
368.1126 -6125.247
368.1126 -6127.5866
368.1292 -6500.1386
368.1292 -6502.4828
368.14581 -6292.1013
368.14581 -6294.4505
368.16242 -6322.2915
368.16242 -6324.6388
368.16796 -6504.0448
368.17903 -6282.6128
368.17903 -6284.9599
368.19564 -6393.1273
368.19564 -6395.4756
368.21225 -6476.2526
368.21225 -6478.5999
368.22332 -6529.2727
368.22886 -6324.8533
368.22886 -6327.2125
368.24547 -6503.4537
368.24547 -6505.8132
368.26208 -6497.9986
368.26208 -6500.352
368.27868 -6541.8919
368.27868 -6544.2494
368.29529 -6319.5396
368.29529 -6321.8973
368.3119 -6169.3494
368.3119 -6171.7005
368.32851 -6428.6129
368.32851 -6430.9674
368.33405 -6451.4342
368.34512 -6280.9319
368.34512 -6283.2808
368.36173 -6243.2999
368.36173 -6245.6423
368.37834 -6311.0862
368.37834 -6313.4449
368.38941 -6262.588
368.39495 -6342.5288
368.39495 -6344.8726
368.41155 -6456.7568
368.41155 -6459.1052
368.42816 -6342.1599
368.42816 -6344.4902
368.44477 -6198.6273
368.44477 -6200.9667
368.46138 -6214.4266
368.46138 -6216.7828
368.47799 -6057.3707
368.47799 -6059.7138
368.4946 -6200.4706
368.4946 -6202.8138
368.50014 -6066.5189
368.51121 -6029.8953
368.51121 -6032.2369
368.52782 -6180.6571
368.52782 -6183.0041
368.54443 -6313.1026
368.54443 -6315.4463
368.5555 -6239.3419
368.56103 -6066.5221
368.56103 -6068.8713
368.57764 -6284.2051
368.57764 -6286.5528
368.59425 -6121.2128
368.59425 -6123.5676
368.61086 -6046.0986
368.61086 -6048.4476
368.62747 -6431.5851
368.62747 -6433.9399
368.64408 -6297.42
368.64408 -6299.7624
368.66069 -6323.6653
368.66069 -6326.01
368.66622 -6278.5846
368.6773 -6188.8064
368.6773 -6191.1461
368.6939 -5834.4739
368.6939 -5836.8229
368.71051 -6346.8027
368.71051 -6349.1426
368.72159 -6090.8563
368.72712 -6174.7994
368.72712 -6177.1483
368.74373 -6302.9547
368.74373 -6305.2961
368.76034 -6509.7607
368.76034 -6512.0965
368.77695 -6099.1486
368.77695 -6101.4994
368.79356 -6168.3766
368.79356 -6170.7306
368.81017 -5926.7058
368.81017 -5929.0561
368.82678 -6189.7124
368.82678 -6192.0521
368.83231 -6045.3753
368.84338 -6160.2604
368.84338 -6162.6111
368.85999 -6137.0337
368.85999 -6139.3807
368.8766 -6128.7947
368.8766 -6131.1395
368.88767 -6298.3662
368.89321 -6299.6104
368.89321 -6301.9571
368.90982 -6114.3746
368.90982 -6116.7189
368.92643 -5944.4337
368.92643 -5946.7725
368.94304 -6530.0092
368.94304 -6532.3537
368.95965 -6250.5684
368.95965 -6252.9026
368.97625 -6218.6329
368.97625 -6220.9634
368.99286 -6010.2577
368.99286 -6012.6057
368.9984 -6211.7759
369.00947 -5990.6733
369.00947 -5993.0117
369.02608 -6191.7029
369.02608 -6194.036
369.04269 -5823.6433
369.04269 -5825.9787
369.05376 -5998.2452
369.0593 -5991.216
369.0593 -5993.5381
369.07591 -6269.3509
369.07591 -6271.6882
369.09252 -5944.864
369.09252 -5947.2021
369.10913 -6126.1471
369.10913 -6128.4817
369.12573 -6573.86
369.12573 -6576.2011
369.14234 -6318.5164
369.14234 -6320.8399
369.15895 -6056.1827
369.15895 -6058.5172
369.16449 -6185.2439
369.17556 -6259.8194
369.17556 -6262.1515
369.19217 -6244.0134
369.19217 -6246.3391
369.20878 -6254.7449
369.20878 -6257.072
369.21985 -6157.1255
369.22539 -6128.308
369.22539 -6130.6366
369.242 -6380.3688
369.242 -6382.6983
369.2586 -6229.9919
369.2586 -6232.3255
369.27521 -6292.4653
369.27521 -6294.8005
369.29182 -5973.4335
369.29182 -5975.7657
369.30843 -5998.2331
369.30843 -6000.562
369.32504 -6395.0183
369.32504 -6397.3384
369.33058 -6218.8069
369.34165 -6245.0617
369.34165 -6247.3934
369.35826 -6181.6968
369.35826 -6184.024
369.37487 -6249.444
369.37487 -6251.7748
369.38594 -6434.2385
369.39148 -6638.5965
369.39148 -6640.9279
369.40808 -6453.5165
369.40808 -6455.8371
369.42469 -6218.0896
369.42469 -6220.4107
369.4413 -6441.7094
369.4413 -6444.03
369.45791 -6280.5587
369.45791 -6282.8832
369.47452 -6015.2241
369.47452 -6017.5533
369.49113 -6225.0495
369.49113 -6227.3736
369.49666 -6479.5419
369.50774 -6776.3971
369.50774 -6778.7252
369.52435 -6343.8832
369.52435 -6346.2124
369.54096 -5839.7659
369.54096 -5842.0914
369.55203 -6072.0998
369.55756 -6226.6597
369.55756 -6228.9812
369.57417 -6428.8936
369.57417 -6431.217
369.59078 -6090.655
369.59078 -6092.9839
369.60739 -6057.3139
369.60739 -6059.6417
369.624 -6139.862
369.624 -6142.19
369.64061 -6032.0473
369.64061 -6034.3742
369.65722 -6553.8493
369.65722 -6556.1769
369.66275 -6259.6904
369.67383 -6048.5379
369.67383 -6050.863
369.69043 -6003.5675
369.69043 -6005.8958
369.70704 -6385.4794
369.70704 -6387.8082
369.71812 -6338.6597
369.72365 -6113.2427
369.72365 -6115.5735
369.74026 -6067.5852
369.74026 -6069.9071
369.75687 -6096.0743
369.75687 -6098.3989
369.77348 -6297.1101
369.77348 -6299.424
369.79009 -6289.0752
369.79009 -6291.3946
369.8067 -6123.9156
369.8067 -6126.2401
369.82331 -6213.5131
369.82331 -6215.8306
369.82884 -6336.6573
369.83991 -6005.6275
369.83991 -6007.9526
369.85652 -6034.1085
369.85652 -6036.4335
369.87313 -6440.7624
369.87313 -6443.0949
369.8842 -6520.3612
369.88974 -6306.3346
369.88974 -6308.6519
369.90635 -6311.3717
369.90635 -6313.6951
369.92296 -6102.4702
369.92296 -6104.7731
369.93957 -6224.7447
369.93957 -6227.0676
369.95618 -6315.403
369.95618 -6317.7209
369.97278 -6497.097
369.97278 -6499.4121
369.98939 -6205.4209
369.98939 -6207.7381
369.99493 -6191.8257
370.006 -6034.0969
370.006 -6036.4192
370.02261 -6482.3435
370.02261 -6484.6615
370.03922 -6100.1815
370.03922 -6102.4927
370.05029 -6054.8496
370.05583 -6182.3258
370.05583 -6184.6437
370.07244 -6354.7927
370.07244 -6357.1026
370.08905 -6376.4907
370.08905 -6378.8038
370.10566 -6308.4483
370.10566 -6310.7683
370.12226 -6321.2248
370.12226 -6323.5403
370.13887 -6277.5673
370.13887 -6279.8858
370.15548 -6114.2126
370.15548 -6116.5312
370.16102 -6039.6854
370.17209 -6281.0454
370.17209 -6283.3666
370.1887 -6356.3745
370.1887 -6358.6975
370.20531 -6426.4696
370.20531 -6428.787
370.21638 -6453.7872
370.22192 -6372.5558
370.22192 -6374.872
370.23853 -6448.618
370.23853 -6450.9397
370.25513 -6565.3042
370.25513 -6567.6105
370.27174 -5997.6311
370.27174 -5999.9455
370.28835 -6298.2399
370.28835 -6300.5592
370.30496 -6366.4177
370.30496 -6368.7377
370.32157 -6274.2129
370.32157 -6276.5343
370.32711 -6549.0998
370.33818 -6130.7241
370.33818 -6133.0425
370.35479 -6448.0707
370.35479 -6450.3891
370.3714 -6351.5054
370.3714 -6353.8093
370.38247 -6124.107
370.38801 -6190.6901
370.38801 -6193.0132
370.40461 -6571.888
370.40461 -6574.1955
370.42122 -6765.5187
370.42122 -6767.8396
370.43783 -6737.3312
370.43783 -6739.6461
370.45444 -6280.8535
370.45444 -6283.1686
370.47105 -6436.711
370.47105 -6439.0236
370.48766 -6576.3989
370.48766 -6578.7082
370.49319 -6774.688
370.50427 -6385.9584
370.50427 -6388.2679
370.52088 -6592.9
370.52088 -6595.2088
370.53748 -6382.4152
370.53748 -6384.7278
370.54856 -6217.4927
370.55409 -6216.649
370.55409 -6218.9606
370.5707 -6546.2386
370.5707 -6548.5525
370.58731 -6399.6382
370.58731 -6401.9531
370.60392 -6292.7925
370.60392 -6295.1031
370.62053 -6419.9164
370.62053 -6422.2329
370.63714 -6562.9303
370.63714 -6565.2499
370.65375 -6420.5396
370.65375 -6422.8641
370.65928 -6610.196
370.67036 -6380.4658
370.67036 -6382.7828
370.68696 -6468.7289
370.68696 -6471.0397
370.70357 -6467.4192
370.70357 -6469.7512
370.72018 -6472.7578
370.72018 -6565.45
370.73679 -6353.6112
370.73679 -6355.9289
370.7534 -6212.6274
370.7534 -6214.938
370.77001 -6519.9151
370.77001 -6522.2195
370.77554 -6401.1108
370.78662 -6339.9535
370.78662 -6342.2622
370.80323 -6203.8927
370.80323 -6206.1964
370.81984 -6569.6881
370.81984 -6571.9959
370.83091 -6209.1604
370.83644 -6346.4137
370.83644 -6348.7252
370.85305 -6213.1927
370.85305 -6215.5055
370.86966 -6215.5858
370.86966 -6217.8944
370.88627 -6476.6486
370.88627 -6478.9608
370.90288 -6601.2472
370.90288 -6603.5607
370.91949 -6366.4235
370.91949 -6368.7347
370.9361 -6181.1596
370.9361 -6183.4651
370.94163 -6297.9623
370.95271 -6689.29
370.95271 -6691.6002
370.96931 -6525.3301
370.96931 -6527.6387
370.98592 -6003.96
370.98592 -6006.2702
370.997 -6416.4614
371.00253 -6204.2072
371.00253 -6206.5096
371.01914 -6667.9726
371.01914 -6670.2909
371.03575 -6373.0084
371.03575 -6375.33
371.05236 -6336.781
371.05236 -6339.0866
371.06897 -6587.4423
371.06897 -6589.7435
371.08558 -6403.9038
371.08558 -6406.2141
371.10219 -6241.7772
371.10219 -6244.0848
371.10772 -6207.6705
371.11879 -6077.8967
371.11879 -6080.2063
371.1354 -6324.5766
371.1354 -6326.8982
371.15201 -6503.3161
371.15201 -6505.626
371.16308 -6390.5957
371.16862 -6490.6049
371.16862 -6492.9145
371.18523 -6543.1394
371.18523 -6545.4532
371.20184 -6561.586
371.20184 -6563.894
371.21845 -6675.7348
371.21845 -6678.0398
371.23506 -6116.6694
371.23506 -6118.9787
371.25166 -6438.7274
371.25166 -6441.039
371.26827 -6351.4681
371.26827 -6353.7814
371.27381 -6166.2062
371.28488 -6258.5901
371.28488 -6260.905
371.30149 -6558.8211
371.30149 -6561.1398
371.3181 -6498.5254
371.3181 -6500.8484
371.32917 -6647.2032
371.33471 -6435.1763
371.33471 -6437.4841
371.35132 -6235.7989
371.35132 -6238.1274
371.36793 -6493.4877
371.36793 -6495.8078
371.38454 -6384.7185
371.38454 -6387.0306
371.40114 -6192.3801
371.40114 -6194.6973
371.41775 -6637.3064
371.41775 -6639.6271
371.43436 -6487.2341
371.43436 -6489.5581
371.4399 -6418.6527
371.45097 -6396.603
371.45097 -6398.9225
371.46758 -6484.5718
371.46758 -6486.8989
371.48419 -6432.5867
371.48419 -6434.8988
371.49526 -6316.461
371.5008 -6392.7469
371.5008 -6395.0691
371.51741 -6276.1105
371.51741 -6278.4274
371.53401 -6212.4983
371.53401 -6214.8157
371.55062 -6550.9683
371.55062 -6553.2976
371.56723 -6370.9523
371.56723 -6373.269
371.58384 -6450.2448
371.58384 -6452.5548
371.60045 -6286.686
371.60045 -6288.999
371.60599 -6441.3979
371.61706 -6593.8861
371.61706 -6596.1982
371.63367 -6402.6366
371.63367 -6404.9511
371.65028 -6410.1669
371.65028 -6412.4799
371.66135 -6510.3893
371.66689 -6598.0864
371.66689 -6600.3924
371.68349 -6455.4729
371.68349 -6457.7942
371.7001 -6468.94
371.7001 -6471.2609
371.71671 -6329.3144
371.71671 -6331.6283
371.73332 -6502.1243
371.73332 -6504.439
371.74993 -6399.8144
371.74993 -6402.1248
371.76654 -6377.4108
371.76654 -6379.7181
371.77207 -6486.7595
371.78315 -6367.9503
371.78315 -6370.2649
371.79976 -6562.022
371.79976 -6564.3308
371.81636 -6339.4107
371.81636 -6341.7164
371.82744 -6393.1062
371.83297 -6378.0592
371.83297 -6380.367
371.84958 -6546.8545
371.84958 -6549.1647
371.86619 -6299.1967
371.86619 -6301.5073
371.8828 -6314.9049
371.8828 -6317.2125
371.89941 -6241.6771
371.89941 -6243.98
371.91602 -6469.2328
371.91602 -6471.5426
371.93263 -6550.5103
371.93263 -6552.8162
371.93816 -6505.2381
371.94924 -6259.3251
371.94924 -6261.6342
371.96584 -6396.224
371.96584 -6398.5297
371.98245 -6633.399
371.98245 -6635.7097
371.99353 -6669.6202
371.99906 -6694.3598
371.99906 -6696.6605
372.01567 -6588.4607
372.01567 -6590.7662
372.03228 -6504.8601
372.03228 -6507.175
372.04889 -6646.5046
372.04889 -6648.8037
372.0655 -6469.1236
372.0655 -6471.4226
372.08211 -6285.6621
372.08211 -6287.9655
372.09872 -6469.035
372.09872 -6471.3462
372.10425 -6504.7753
372.11532 -6516.4015
372.11532 -6518.7017
372.13193 -6366.533
372.13193 -6368.8462
372.14854 -6339.9817
372.14854 -6342.2946
372.15961 -6577.4213
372.16515 -6556.5929
372.16515 -6558.9029
372.18176 -6604.1357
372.18176 -6606.4468
372.19837 -6286.6104
372.19837 -6288.9167
372.21498 -6311.3835
372.21498 -6313.7012
372.23159 -6433.7592
372.23159 -6436.0688
372.24819 -6584.1617
372.24819 -6586.4532
372.2648 -6453.9044
372.2648 -6456.2046
372.27034 -6595.3427
372.28141 -6581.2623
372.28141 -6583.5602
372.29802 -6525.7478
372.29802 -6528.0458
372.31463 -6626.4382
372.31463 -6628.7487
372.3257 -6693.8558
372.33124 -6633.7221
372.33124 -6636.0408
372.34785 -6465.6563
372.34785 -6467.9624
372.36446 -6540.2734
372.36446 -6542.5724
372.38107 -6191.0698
372.38107 -6193.3744
372.39767 -6505.5073
372.39767 -6507.8182
372.41428 -6792.1628
372.41428 -6794.4577
372.43089 -6452.6912
372.43089 -6454.981
372.43643 -6557.9889
372.4475 -6531.9194
372.4475 -6534.2129
372.46411 -6391.6494
372.46411 -6393.9436
372.48072 -6718.44
372.48072 -6720.7398
372.49179 -6467.9049
372.49733 -6326.7917
372.49733 -6329.098
372.51394 -6392.4063
372.51394 -6394.7043
372.53054 -6635.582
372.53054 -6637.8981
372.54715 -6126.5374
372.54715 -6128.8448
372.56376 -6366.7447
372.56376 -6369.046
372.58037 -6452.2411
372.58037 -6454.5497
372.59698 -6616.1147
372.59698 -6618.418
372.60252 -6568.4885
372.61359 -6686.5448
372.61359 -6688.8481
372.6302 -6326.1499
372.6302 -6328.4514
372.64681 -6666.2461
372.64681 -6668.5444
372.65788 -6346.3052
372.66342 -6327.9073
372.66342 -6330.2028
372.68002 -6289.5237
372.68002 -6291.8154
372.69663 -6415.5333
372.69663 -6417.8258
372.71324 -6504.5332
372.71324 -6506.8284
372.72985 -6724.7792
372.72985 -6727.0647
372.74646 -6577.242
372.74646 -6579.5525
372.76307 -6567.344
372.76307 -6569.642
372.7686 -6262.19
372.77968 -6545.9775
372.77968 -6548.2638
372.79629 -6461.2043
372.79629 -6463.4931
372.81289 -6677.3353
372.81289 -6679.6317
372.82397 -6624.1498
372.8295 -6429.0292
372.8295 -6431.3181
372.84611 -6462.0616
372.84611 -6464.3656
372.86272 -6427.6502
372.86272 -6429.9473
372.87933 -6520.8712
372.87933 -6523.1607
372.89594 -6668.5572
372.89594 -6670.8444
372.91255 -6550.1588
372.91255 -6552.4503
372.92916 -6627.9394
372.92916 -6630.226
372.93469 -6624.1612
372.94577 -6722.8655
372.94577 -6725.1555
372.96237 -6705.3614
372.96237 -6707.642
372.97898 -6662.108
372.97898 -6664.4007
372.99006 -6504.8501
372.99559 -6447.0228
372.99559 -6449.3061
373.0122 -6637.2163
373.0122 -6639.5088
373.02881 -6799.2493
373.02881 -6801.5346
373.04542 -6718.8911
373.04542 -6721.1811
373.06203 -6558.1878
373.06203 -6560.479
373.07864 -6386.624
373.07864 -6388.9088
373.09524 -6747.9045
373.09524 -6750.1921
373.10078 -6795.9717
373.11185 -6606.1188
373.11185 -6608.4098
373.12846 -6460.9918
373.12846 -6463.2717
373.14507 -6622.2853
373.14507 -6624.5641
373.15614 -6678.0659
373.16168 -6656.9824
373.16168 -6659.2684
373.17829 -6278.6368
373.17829 -6280.9356
373.1949 -6447.819
373.1949 -6450.1175
373.21151 -6718.317
373.21151 -6720.6227
373.22812 -6845.5954
373.22812 -6847.8911
373.24472 -6445.4804
373.24472 -6447.7778
373.26133 -6490.4783
373.26133 -6492.7655
373.26687 -6720.8331
373.27794 -6647.6335
373.27794 -6649.921
373.29455 -6817.3399
373.29455 -6819.6235
373.31116 -6394.8981
373.31116 -6397.1788
373.32777 -6339.4405
373.32777 -6341.7304
373.34438 -6383.183
373.34438 -6385.4704
373.34991 -6674.9829
373.36099 -6654.8526
373.36099 -6657.1498
373.3776 -6353.4744
373.3776 -6355.7637
373.3942 -6730.8451
373.3942 -6733.133
373.40528 -6625.8785
373.41081 -6753.6709
373.41081 -6755.9581
373.42742 -6421.1856
373.42742 -6423.4706
373.44403 -6608.3135
373.44403 -6610.6023
373.46064 -6662.1179
373.46064 -6664.3984
373.47725 -6483.8269
373.47725 -6486.1153
373.49386 -6599.1728
373.49386 -6601.4681
373.51047 -6374.6356
373.51047 -6376.9214
373.516 -6476.4148
373.52707 -6556.0558
373.52707 -6558.3488
373.54368 -6759.7415
373.54368 -6762.0293
373.56029 -6519.1515
373.56029 -6521.4414
373.57136 -6541.2002
373.5769 -6666.0691
373.5769 -6668.3541
373.59351 -6847.8796
373.59351 -6850.1649
373.61012 -6525.1131
373.61012 -6527.3988
373.62673 -6161.1807
373.62673 -6163.4686
373.64334 -6684.7247
373.64334 -6687.0153
373.65995 -6513.67
373.65995 -6515.9635
373.67655 -6695.7292
373.67655 -6698.016
373.68209 -6571.1639
373.69316 -6594.7241
373.69316 -6597.0146
373.70977 -6520.8373
373.70977 -6523.1255
373.72638 -6788.7768
373.72638 -6791.0621
373.73745 -6414.4691
373.74299 -6669.7771
373.74299 -6672.065
373.7596 -6379.1397
373.7596 -6381.4252
373.77621 -6520.5046
373.77621 -6522.7915
373.79282 -6376.2375
373.79282 -6378.5311
373.80942 -6782.5859
373.80942 -6784.8743
373.82603 -6900.2361
373.82603 -6902.5244
373.84264 -6702.5878
373.84264 -6704.8742
373.84818 -6504.5577
373.85925 -6776.9018
373.85925 -6779.1766
373.87586 -6752.1416
373.87586 -6754.4229
373.89247 -6736.5967
373.89247 -6738.8849
373.90354 -6440.342
373.90908 -6769.7091
373.90908 -6771.9925
373.92569 -6362.269
373.92569 -6364.5465
373.9423 -6565.9982
373.9423 -6568.2808
373.9589 -6969.3848
373.9589 -6971.6655
373.97551 -6835.1334
373.97551 -6837.4168
373.99212 -6774.6456
373.99212 -6776.9244
374.00873 -6822.6622
374.00873 -6824.9458
374.01427 -6848.6756
374.02534 -6843.0292
374.02534 -6845.3101
374.04195 -6253.7681
374.04195 -6256.0464
374.05856 -6684.1242
374.05856 -6686.4103
374.06963 -6655.4174
374.07517 -6658.3382
374.07517 -6660.6216
374.09177 -6371.4705
374.09177 -6373.7557
374.10838 -6780.8464
374.10838 -6783.1306
374.12499 -6907.0227
374.12499 -6909.3043
374.1416 -6681.8259
374.1416 -6684.1066
374.15821 -6889.1845
374.15821 -6891.4587
374.17482 -6567.1748
374.17482 -6569.4644
374.18036 -6705.8327
374.19143 -6816.6296
374.19143 -6818.9091
374.20804 -6682.174
374.20804 -6684.4606
374.22465 -6782.3603
374.22465 -6784.6579
374.23572 -6844.7148
374.24125 -7060.0573
374.24125 -7062.3461
374.25786 -6534.4699
374.25786 -6536.7533
374.27447 -6534.1743
374.27447 -6536.466
374.29108 -6456.6995
374.29108 -6459.0035
374.30769 -6524.1367
374.30769 -6526.4406
374.3243 -6656.3722
374.3243 -6658.6602
374.34091 -6487.6703
374.34091 -6489.9593
374.34644 -6796.3624
374.35752 -6861.4113
374.35752 -6863.7084
374.37412 -6704.7603
374.37412 -6707.0472
374.39073 -6802.745
374.39073 -6805.0364
374.40181 -6712.504
374.40734 -6765.6982
374.40734 -6767.9802
374.42395 -6706.5091
374.42395 -6708.8052
374.44056 -6741.3155
374.44056 -6743.6027
374.45717 -6786.0079
374.45717 -6788.2918
374.47378 -6932.8707
374.47378 -6935.1472
374.49039 -6804.1797
374.49039 -6806.4624
374.507 -6497.3744
374.507 -6499.6529
374.51253 -6455.2851
374.5236 -6491.325
374.5236 -6493.6124
374.54021 -6797.3528
374.54021 -6799.624
374.55682 -6773.6084
374.55682 -6775.8892
374.56789 -6418.435
374.57343 -6713.9767
374.57343 -6716.2515
374.59004 -6704.5815
374.59004 -6706.8595
374.60665 -6840.2819
374.60665 -6842.5594
374.62326 -6718.0082
374.62326 -6720.2911
374.63987 -6935.5751
374.63987 -6937.8488
374.65648 -6658.0723
374.65648 -6660.3466
374.67308 -6631.0229
374.67308 -6633.3019
374.67862 -6532.7095
374.68969 -6752.7216
374.68969 -6754.9944
374.7063 -6820.1178
374.7063 -6822.393
374.72291 -6692.1959
374.72291 -6694.4798
374.73398 -6699.3938
374.73952 -6966.5692
374.73952 -6968.8431
374.75613 -6462.8583
374.75613 -6465.1318
374.77274 -6549.6183
374.77274 -6551.8869
374.78935 -6930.9065
374.78935 -6933.187
374.80595 -6639.4789
374.80595 -6641.7375
374.82256 -6695.3586
374.82256 -6697.6356
374.83917 -6761.9386
374.83917 -6764.2141
374.84471 -6589.5959
374.85578 -6971.9761
374.85578 -6974.2565
374.87239 -6713.2243
374.87239 -6715.4968
374.889 -6754.3944
374.889 -6756.6756
374.90007 -6875.039
374.90561 -7011.1779
374.90561 -7013.4524
374.92222 -6951.3957
374.92222 -6953.672
374.93883 -6644.1351
374.93883 -6646.4118
374.95543 -6816.7432
374.95543 -6819.0194
374.97204 -7209.3049
374.97204 -7211.5713
374.98865 -6775.8947
374.98865 -6778.1635
375.00526 -6836.5576
375.00526 -6838.8308
375.0108 -6694.3774
375.02187 -6809.4184
375.02187 -6811.6959
375.03848 -6562.7443
375.03848 -6565.0077
375.05509 -6639.5962
375.05509 -6641.8731
375.06616 -6720.6133
375.0717 -6734.2123
375.0717 -6736.4891
375.0883 -6876.7318
375.0883 -6879.007
375.10491 -6937.6109
375.10491 -6939.8848
375.12152 -6678.5747
375.12152 -6680.8377
375.13813 -6775.2836
375.13813 -6777.5529
375.15474 -6580.2534
375.15474 -6582.5143
375.17135 -6706.0937
375.17135 -6708.3632
375.17689 -6954.9619
375.18796 -6721.8215
375.18796 -6724.1003
375.20457 -6813.1392
375.20457 -6815.4153
375.22118 -6934.4679
375.22118 -6936.7363
375.23225 -6853.5704
375.23778 -6852.5424
375.23778 -6854.812
375.25439 -7090.8259
375.25439 -7093.1051
375.271 -6607.637
375.271 -6609.9053
375.28761 -6857.1937
375.28761 -6859.4607
375.30422 -7074.0086
375.30422 -7076.2609
375.32083 -7062.629
375.32083 -7064.8915
375.33744 -7020.996
375.33744 -7023.2597
375.34297 -6759.4517
375.35405 -6541.8322
375.35405 -6544.0941
375.37065 -7114.5842
375.37065 -7116.8511
375.38726 -6596.2005
375.38726 -6598.4659
375.39834 -6930.6658
375.40387 -6862.9951
375.40387 -6865.2633
375.42048 -6944.3885
375.42048 -6946.6618
375.43709 -6679.025
375.43709 -6920.2285
375.4537 -6949.1553
375.4537 -6951.4344
375.47031 -6918.1715
375.47031 -6920.4453
375.48692 -6926.8415
375.48692 -6929.1105
375.49245 -7023.0864
375.50353 -7032.5156
375.50353 -7034.784
375.52013 -6854.3368
375.52013 -6856.6037
375.53674 -6786.1278
375.53674 -6788.3949
375.54782 -6749.4429
375.55335 -6802.7114
375.55335 -6804.9749
375.56996 -6591.1752
375.56996 -6593.4414
375.58657 -6814.1587
375.58657 -6816.4305
375.60318 -6711.7398
375.60318 -6714.0126
375.61979 -6606.954
375.61979 -6609.2343
375.6364 -6508.7897
375.6364 -6511.0563
375.653 -6933.4387
375.653 -6935.709
375.65854 -6907.5061
375.66961 -6663.4672
375.66961 -6665.7389
375.68622 -6638.9161
375.68622 -6641.183
375.70283 -6702.2518
375.70283 -6704.5329
375.7139 -6688.299
375.71944 -6633.6792
375.71944 -6635.9503
375.73605 -6562.5235
375.73605 -6564.8062
375.75266 -6788.3932
375.75266 -6790.6689
375.76927 -6512.8901
375.76927 -6515.1638
375.78588 -6596.2481
375.78588 -6598.5102
375.80248 -6660.1373
375.80248 -6662.4026
375.81909 -6983.7387
375.81909 -6986.0092
375.82463 -6765.856
375.8357 -6924.9563
375.8357 -6927.2265
375.85231 -6880.6112
375.85231 -6882.8861
375.86892 -6988.0172
375.86892 -6990.2914
375.87999 -6785.4211
375.88553 -6909.7533
375.88553 -6912.0302
375.90214 -6941.9134
375.90214 -6944.1738
375.91875 -6622.6053
375.91875 -6624.8669
375.93536 -6593.5819
375.93536 -6595.8443
375.95196 -6701.5396
375.95196 -6703.8048
375.96857 -6813.9904
375.96857 -6816.2645
375.98518 -6815.1758
375.98518 -6817.4508
375.99072 -6441.8827
376.00179 -6735.6074
376.00179 -6737.8726
376.0184 -6880.9608
376.0184 -6883.2274
376.03501 -6909.3279
376.03501 -6911.5954
376.04608 -6753.6609
376.05162 -6739.8535
376.05162 -6742.1227
376.06823 -6645.9801
376.06823 -6648.2545
376.08483 -6849.8051
376.08483 -6852.0676
376.10144 -6873.5379
376.10144 -6875.8082
376.11805 -6616.8083
376.11805 -6619.074
376.13466 -6827.5158
376.13466 -6829.7868
376.15127 -6879.6836
376.15127 -6881.9594
376.15681 -6809.8279
376.16788 -6734.5566
376.16788 -6736.8229
376.18449 -6733.7654
376.18449 -6736.0239
376.2011 -6749.467
376.2011 -6751.7222
376.21217 -6876.0654
376.21771 -6766.0619
376.21771 -6768.3192
376.23431 -6852.1145
376.23431 -6854.3671
376.25092 -6822.3122
376.25092 -6824.5773
376.26753 -6831.792
376.26753 -6834.0352
376.28414 -6848.1348
376.28414 -6850.3923
376.30075 -6664.9958
376.30075 -6667.2435
376.31736 -6711.5576
376.31736 -6713.8156
376.32289 -6772.6918
376.33397 -6785.9198
376.33397 -6788.1761
376.35058 -6482.8124
376.35058 -6485.0548
376.36718 -6687.5406
376.36718 -6689.7949
376.37826 -6786.0505
376.38379 -6759.4074
376.38379 -6761.6542
376.4004 -6701.5968
376.4004 -6703.8522
376.41701 -6703.9769
376.41701 -6706.2284
376.43362 -6836.6078
376.43362 -6838.8597
376.45023 -6724.9613
376.45023 -6727.213
376.46684 -6755.8967
376.46684 -6758.1486
376.48345 -6856.3897
376.48345 -6858.6477
376.48898 -6943.5208
376.50006 -6738.9379
376.50006 -6741.1834
376.51666 -6785.1152
376.51666 -6787.3695
376.53327 -6771.27
376.53327 -6773.5323
376.54435 -6725.5352
376.54988 -7064.1079
376.54988 -7066.3619
376.56649 -6823.8649
376.56649 -6826.1252
376.5831 -6997.3746
376.5831 -6999.6299
376.59971 -6942.9107
376.59971 -6945.1592
376.61632 -6609.8442
376.61632 -6612.0979
376.63293 -6591.1038
376.63293 -6593.355
376.64953 -6891.3612
376.64953 -6893.6204
376.65507 -7057.813
376.66614 -6702.1543
376.66614 -6704.4167
376.68275 -6594.0982
376.68275 -6596.3598
376.69936 -6513.0239
376.69936 -6515.2799
376.71043 -6740.3275
376.71597 -6763.7341
376.71597 -6765.9987
376.73258 -6732.6486
376.73258 -6734.9064
376.74919 -7102.4513
376.74919 -7104.7069
376.7658 -6760.6836
376.7658 -6762.9423
376.78241 -6672.4765
376.78241 -6438.2187
376.79901 -6314.458
376.79901 -6336.9972
376.81562 -6402.9943
376.81562 -6405.2438
376.83223 -6707.8749
376.83223 -6710.122
376.84884 -6270.8842
376.84884 -6273.1284
376.85438 -6545.6134
376.86545 -6649.13
376.86545 -6651.3831
376.88206 -6591.4739
376.88206 -6593.7283
376.89867 -6482.0121
376.89867 -6484.2752
376.90974 -6739.8093
376.91528 -6448.433
376.91528 -6450.6889
376.93188 -6193.1747
376.93188 -6195.4272
376.94849 -6253.4411
376.94849 -6255.6911
376.9651 -6189.2159
376.9651 -6191.4667
376.98171 -6377.1087
376.98171 -6379.3734
376.99832 -6251.1163
376.99832 -6253.3737
377.01493 -6108.9995
377.01493 -6111.2626
377.02047 -6139.7112
377.03154 -6217.2647
377.03154 -6219.5198
377.04815 -6516.7532
377.04815 -6519.0102
377.06476 -6100.8928
377.06476 -6103.1458
377.07583 -6143.5329
377.08136 -6159.9084
377.08136 -6162.1646
377.09797 -6776.6461
377.09797 -6778.9105
377.11458 -6233.1097
377.11458 -6235.3619
377.13119 -6488.2992
377.13119 -6490.5551
377.1478 -6457.5639
377.1478 -6459.8255
377.16441 -6268.7914
377.16441 -6271.0354
377.18102 -6167.8432
377.18102 -6170.0986
377.18655 -6268.857
377.19763 -6322.4324
377.19763 -6324.6793
377.21424 -6635.4013
377.21424 -6637.6523
377.23084 -6438.9489
377.23084 -6441.2036
377.24192 -6284.0497
377.24745 -6130.2476
377.24745 -6132.4984
377.26406 -6247.7742
377.26406 -6250.025
377.28067 -6529.5573
377.28067 -6531.8111
377.29728 -6288.3043
377.29728 -6290.5651
377.31389 -5736.4509
377.31389 -5738.7007
377.3305 -6395.3502
377.3305 -6397.6042
377.34711 -6469.9976
377.34711 -6472.2557
377.35264 -6419.133
377.36371 -5764.394
377.36371 -5766.6407
377.38032 -6520.5701
377.38032 -6522.8218
377.39693 -6696.7946
377.39693 -6699.0477
377.408 -6333.2007
377.41354 -6597.6479
377.41354 -6599.8902
377.43015 -6190.2106
377.43015 -6192.4584
377.44676 -5923.3789
377.44676 -5925.6242
377.46337 -6380.0444
377.46337 -6382.2944
377.47998 -5989.4521
377.47998 -5991.7028
377.49659 -5978.4321
377.49659 -5980.6796
377.51319 -6456.9915
377.51319 -6459.2373
377.51873 -6342.464
377.5298 -6544.6885
377.5298 -6546.9335
377.54641 -5996.2772
377.54641 -5998.5243
377.56302 -5937.042
377.56302 -5939.2968
377.57409 -6397.5615
377.57963 -6180.7554
377.57963 -6183.0022
377.59624 -5943.2162
377.59624 -5945.4596
377.61285 -5837.5327
377.61285 -5839.7811
377.62946 -5897.2212
377.62946 -5899.4654
377.64606 -6006.489
377.64606 -6008.7273
377.66267 -6341.0175
377.66267 -6343.2639
377.67928 -5897.9807
377.67928 -5900.2186
377.68482 -6225.8272
377.69589 -5903.1505
377.69589 -5905.3925
377.7125 -6065.0249
377.7125 -6067.2599
377.72911 -6004.4583
377.72911 -6006.6928
377.74018 -6038.0661
377.74572 -5946.9489
377.74572 -5949.1864
377.76233 -6069.1414
377.76233 -6071.3728
377.77894 -6113.1213
377.77894 -6115.352
377.79554 -6187.6289
377.79554 -6189.8604
377.81215 -6124.2737
377.81215 -6126.5013
377.82876 -6270.2795
377.82876 -6272.5044
377.84537 -5914.2941
377.84537 -5916.5248
377.85091 -6188.7701
377.86198 -5885.0179
377.86198 -5887.2411
377.87859 -6340.4839
377.87859 -6342.714
377.8952 -6208.7445
377.8952 -6210.9735
377.90627 -6146.4801
377.91181 -6150.0946
377.91181 -6152.3177
377.92841 -6225.2825
377.92841 -6227.5116
377.94502 -6523.6705
377.94502 -6525.8975
377.96163 -5967.9115
377.96163 -5970.1404
377.97824 -6035.4991
377.97824 -6037.72
377.99485 -6331.4417
377.99485 -6333.6706
378.01146 -6200.6369
378.01146 -6202.8661
378.017 -6143.8998
378.02807 -5992.2483
378.02807 -5994.4714
378.04468 -5949.0264
378.04468 -5951.2441
378.06129 -5991.3613
378.06129 -5993.5791
378.07236 -6016.754
378.07789 -6187.1746
378.07789 -6189.3974
378.0945 -6136.3059
378.0945 -6138.5348
378.11111 -6064.1587
378.11111 -6066.3817
378.12772 -5839.617
378.12772 -5841.8383
378.14433 -5841.1748
378.14433 -5843.3975
378.16094 -6039.4941
378.16094 -6041.7196
378.17755 -6132.8831
378.17755 -6135.1133
378.18308 -6058.2169
378.19416 -6123.7799
378.19416 -6126.0045
378.21076 -5737.7818
378.21076 -5740.0042
378.22737 -6193.8204
378.22737 -6196.0494
378.23845 -5780.5261
378.24398 -6068.9003
378.24398 -6071.1369
378.26059 -6011.0946
378.26059 -6013.3236
378.2772 -5886.0127
378.2772 -5813.7926
378.29381 -5791.7865
378.29381 -5793.9918
378.31042 -5495.6071
378.31042 -5497.8251
378.32703 -6001.8311
378.32703 -6004.0448
378.33256 -5733.1815
378.34364 -5711.6482
378.34364 -5713.8674
378.36024 -5788.6287
378.36024 -5790.8553
378.37685 -5821.8123
378.37685 -5824.0316
378.38793 -5487.3755
378.39346 -5646.5806
378.39346 -5648.797
378.41007 -5776.2596
378.41007 -5778.4763
378.42668 -5467.9499
378.42668 -5470.1687
378.44329 -5805.8448
378.44329 -5808.0647
378.4599 -5773.2138
378.4599 -5775.4281
378.47651 -5677.3573
378.47651 -5679.5656
378.49312 -5956.6609
378.49312 -5958.8876
378.49865 -5655.1684
378.50972 -5696.3678
378.50972 -5698.5844
378.52633 -5862.5496
378.52633 -5864.7646
378.54294 -5694.9274
378.54294 -5697.1417
378.55401 -5590.5652
378.55955 -5772.2034
378.55955 -5774.4118
378.57616 -5746.8755
378.57616 -5353.2711
378.59277 -5590.6405
378.59277 -5592.8534
378.60938 -5510.1721
378.60938 -5512.3879
378.62599 -5689.5288
378.62599 -5691.7436
378.63152 -5645.737
378.64259 -5580.4967
378.64259 -5582.7086
378.6592 -5667.7601
378.6592 -5669.9748
378.67581 -5670.3076
378.67581 -5672.5166
378.68688 -5415.614
378.69242 -5414.354
378.69242 -5416.5683
378.70903 -5476.0733
378.70903 -5478.2817
378.72564 -5648.0231
378.72564 -5650.2333
378.74225 -5638.578
378.74225 -5640.7832
378.75886 -5167.712
378.75886 -5169.9212
378.77547 -5276.5387
378.77547 -5278.7421
378.79207 -5543.3208
378.79207 -5545.5282
378.79761 -5435.7053
378.80868 -5367.9533
378.80868 -5370.1561
378.82529 -5119.8586
378.82529 -5122.0609
378.8419 -5282.1746
378.8419 -5284.3735
378.85297 -5284.9085
378.85851 -5516.4656
378.85851 -5518.6569
378.87512 -5088.4348
378.87512 -5090.6369
378.89173 -5062.1865
378.89173 -5064.3856
378.90834 -5115.641
378.90834 -5117.8551
378.92494 -5129.1427
378.92494 -5131.348
378.94155 -5142.8907
378.94155 -5145.0917
378.95816 -5459.56
378.95816 -5461.7578
378.9637 -5358.0521
378.97477 -5064.7255
378.97477 -5066.9355
378.99138 -5192.6695
378.99138 -5046.0263
379.00799 -5198.6849
379.00799 -5200.8728
379.0246 -4822.7761
379.0246 -4824.9612
379.04121 -4945.7412
379.04121 -4947.9268
379.04674 -5106.6816
379.05782 -4988.8378
379.05782 -4991.0297
379.07442 -4770.0751
379.07442 -4772.2672
379.09103 -4869.4155
379.09103 -4871.598
379.10211 -4601.1209
379.10764 -4711.9615
379.10764 -4714.1549
379.12425 -4886.4478
379.12425 -4888.6431
379.14086 -4615.972
379.14086 -4618.1515
379.15747 -4626.8007
379.15747 -4628.9935
379.17408 -4595.1451
379.17408 -4597.3382
379.19069 -4686.7098
379.19069 -4688.9032
379.20729 -4871.3208
379.20729 -4873.5138
379.21283 -4853.714
379.2239 -4619.8066
379.2239 -4621.9967
379.24051 -4709.0922
379.24051 -4711.2915
379.25712 -4778.5218
379.25712 -4780.7077
379.26819 -4676.2598
379.27373 -4665.0356
379.27373 -4667.2192
379.29034 -4732.3357
379.29034 -4734.5221
379.30695 -4741.8055
379.30695 -4743.998
379.32356 -4709.2137
379.32356 -4711.398
379.34017 -4334.2003
379.34017 -4336.386
379.35677 -4543.0316
379.35677 -4545.223
379.37338 -4647.0807
379.37338 -4649.2637
379.37892 -4438.187
379.38999 -4159.6623
379.38999 -4161.851
379.4066 -4362.5521
379.4066 -4364.74
379.42321 -4509.8384
379.42321 -4512.0266
379.43428 -4572.3134
379.43982 -4536.6749
379.43982 -4538.8556
379.45643 -4528.2527
379.45643 -4530.4342
379.47304 -4730.8771
379.47304 -4733.0563
379.48964 -4362.0221
379.48964 -4364.2161
379.50625 -4424.3713
379.50625 -4426.5542
379.52286 -4373.344
379.52286 -4375.5319
379.53947 -4432.6369
379.53947 -4434.8167
379.54501 -4417.6877
379.55608 -4304.9087
379.55608 -4307.0941
379.57269 -4494.7391
379.57269 -4496.9155
379.5893 -4580.4531
379.5893 -4582.6433
379.60037 -4443.0267
379.60591 -4295.2305
379.60591 -4297.4075
379.62252 -4303.2287
379.62252 -4305.4076
379.63912 -4340.8526
379.63912 -4343.0191
379.65573 -4132.9541
379.65573 -4135.1288
379.67234 -4218.8283
379.67234 -4221.0023
379.68895 -4311.6271
379.68895 -4313.7934
379.70556 -4530.9064
379.70556 -4533.0743
379.7111 -4596.3812
379.72217 -4397.9376
379.72217 -4400.1142
379.73878 -4252.4041
379.73878 -4254.5786
379.75539 -4333.79
379.75539 -4335.9577
379.76646 -4385.6191
379.772 -4338.9152
379.772 -4341.0839
379.7886 -4226.7079
379.7886 -4228.8742
379.80521 -4093.521
379.80521 -4095.6861
379.82182 -4383.7165
379.82182 -3891.0469
379.83843 -4144.8515
379.83843 -4147.0144
379.85504 -4268.9952
379.85504 -4271.1575
379.87165 -4105.2787
379.87165 -4107.4391
379.87718 -4156.108
379.88826 -3938.2291
379.88826 -3940.3938
379.90487 -4083.4029
379.90487 -4085.5677
379.92147 -4135.4787
379.92147 -4137.6431
379.93255 -4149.8331
379.93808 -3952.851
379.93808 -3955.0045
379.95469 -3768.0218
379.95469 -3770.1743
379.9713 -3885.1857
379.9713 -3887.3334
379.98791 -4076.752
379.98791 -4078.905
380.00452 -3837.3708
380.00452 -3839.5292
380.02113 -4049.019
380.02113 -4051.1875
380.03774 -4029.1854
380.03774 -4031.3438
380.04327 -3727.9282
380.05435 -3821.0979
380.05435 -3823.2458
380.07095 -4220.0909
380.07095 -4222.2487
380.08756 -3972.3596
380.08756 -3974.5116
380.09864 -3932.5902
380.10417 -4017.0092
380.10417 -4019.1681
380.12078 -4219.181
380.12078 -4221.3429
380.13739 -4166.0507
380.13739 -4168.2059
380.154 -4075.1029
380.154 -4077.2585
380.17061 -3856.5148
380.17061 -3858.6689
380.18722 -3963.3813
380.18722 -3965.5276
380.20382 -3821.9057
380.20382 -3824.0464
380.20936 -3934.5442
380.22043 -3782.3403
380.22043 -3784.4872
380.23704 -4049.7128
380.23704 -4051.8637
380.25365 -4336.3861
380.25365 -4338.5323
380.26472 -4038.5181
380.27026 -3826.8964
380.27026 -3829.042
380.28687 -3696.4343
380.28687 -3698.5781
380.30348 -4009.8511
380.30348 -4011.9948
380.32009 -4244.4547
380.32009 -4246.5993
380.3367 -4009.194
380.3367 -4011.3394
380.3533 -3946.7646
380.3533 -3948.9061
380.36991 -3913.1506
380.36991 -3915.2901
380.37545 -3800.7962
380.38652 -3821.5139
380.38652 -3823.6552
380.40313 -3859.9941
380.40313 -3862.13
380.41974 -3675.7474
380.41974 -3677.8895
380.43081 -3392.2747
380.43635 -3652.4343
380.43635 -3654.5795
380.45296 -3947.1015
380.45296 -3949.2449
380.46957 -3812.2417
380.46957 -3814.3818
380.48617 -3513.0527
380.48617 -3515.1958
380.50278 -3740.4481
380.50278 -3742.5866
380.51939 -3846.8796
380.51939 -3849.0136
380.536 -3760.3741
380.536 -3762.513
380.54154 -3355.082
380.55261 -3841.3956
380.55261 -3843.531
380.56922 -3789.5953
380.56922 -3791.7356
380.58583 -3641.497
380.58583 -3643.6374
380.5969 -3625.0411
380.60244 -3764.2189
380.60244 -3766.3555
380.61905 -3712.057
380.61905 -3714.2062
380.63565 -4002.075
380.63565 -4004.2067
380.65226 -4010.9435
380.65226 -4013.0658
380.66887 -3748.839
380.66887 -3750.9688
380.68548 -3871.9192
380.68548 -3874.0575
380.70209 -3960.5564
380.70209 -3962.6908
380.70763 -3891.3804
380.7187 -3936.2786
380.7187 -3938.4076
380.73531 -3883.5141
380.73531 -3885.643
380.75192 -3589.5503
380.75192 -3591.6778
380.76299 -3624.6244
380.76852 -3552.5854
380.76852 -3554.7183
380.78513 -3647.268
380.78513 -3649.3968
380.80174 -4046.8219
380.80174 -4048.9576
380.81835 -3664.6706
380.81835 -3666.7903
380.83496 -3800.6472
380.83496 -3802.7748
380.85157 -3596.7628
380.85157 -3598.8822
380.86818 -3924.9978
380.86818 -3927.121
380.87371 -3908.7562
380.88479 -3798.5053
380.88479 -3800.6253
380.9014 -3640.763
380.9014 -3642.8811
380.918 -3500.4472
380.918 -3502.5666
380.92908 -3846.989
380.93461 -3645.0812
380.93461 -3647.2013
380.95122 -3929.4274
380.95122 -3931.5515
380.96783 -3745.9593
380.96783 -3748.0693
380.98444 -3856.7027
380.98444 -3858.8215
381.00105 -3694.746
381.00105 -3696.8598
381.01766 -3926.8953
381.01766 -3929.0029
381.03427 -3639.7289
381.03427 -3641.8367
381.0398 -3726.5577
381.05088 -3512.4499
381.05088 -3514.5666
381.06748 -3724.3828
381.06748 -3726.5044
381.08409 -3857.2717
381.08409 -3859.3779
381.09517 -3781.1135
381.1007 -3883.2751
381.1007 -3885.3905
381.11731 -3618.8088
381.11731 -3620.92
381.13392 -3783.918
381.13392 -3786.0168
381.15053 -3854.719
381.15053 -3856.8245
381.16714 -3719.4178
381.16714 -3721.5246
381.18375 -3731.0464
381.18375 -3733.1525
381.20035 -3612.8649
381.20035 -3614.9611
381.20589 -3667.7734
381.21696 -3650.7626
381.21696 -3652.8692
381.23357 -3851.7468
381.23357 -3853.8507
381.25018 -3832.1698
381.25018 -3834.2704
381.26125 -3690.7542
381.26679 -3707.8595
381.26679 -3709.963
381.2834 -3639.8313
381.2834 -3641.9271
381.30001 -3763.0947
381.30001 -3765.1953
381.31662 -3622.5788
381.31662 -3624.6841
381.33323 -3671.1481
381.33323 -3673.2482
381.34983 -3570.9052
381.34983 -3573.0002
381.36644 -3602.0771
381.36644 -3604.1759
381.37198 -3530.1377
381.38305 -3761.46
381.38305 -3763.5598
381.39966 -3595.4873
381.39966 -3597.5853
381.41627 -3596.2938
381.41627 -3598.3874
381.42734 -3613.2476
381.43288 -3635.0229
381.43288 -3637.1198
381.44949 -3906.3884
381.44949 -3908.4892
381.4661 -3903.8927
381.4661 -3905.989
381.4827 -3711.5429
381.4827 -3713.6383
381.49931 -3813.8801
381.49931 -3815.9751
381.51592 -4033.4769
381.51592 -4035.5876
381.53253 -3694.7231
381.53253 -3696.8139
381.53807 -3783.1507
381.54914 -3484.143
381.54914 -3486.2359
381.56575 -3783.8842
381.56575 -3785.9817
381.58236 -4074.8034
381.58236 -4076.8967
381.59343 -3668.4786
381.59897 -3714.5192
381.59897 -3716.6128
381.61558 -3456.8386
381.61558 -3458.9359
381.63218 -3717.9488
381.63218 -3720.0425
381.64879 -3634.8669
381.64879 -3636.9677
381.6654 -3476.5287
381.6654 -3478.6294
381.68201 -3708.8953
381.68201 -3710.9839
381.69862 -3635.5531
381.69862 -3637.6533
381.71523 -3837.7009
381.71523 -3839.7826
381.73184 -3780.0107
381.73184 -3782.1132
381.74845 -3895.8506
381.74845 -3885.5358
381.76505 -3389.4086
381.76505 -3391.4959
381.78166 -3516.9197
381.78166 -3519.0183
381.79827 -3815.3
381.79827 -3817.3923
381.80381 -3951.5859
381.81488 -3649.6865
381.81488 -3651.7741
381.83149 -3661.8241
381.83149 -3663.9147
381.8481 -3469.1636
381.8481 -3471.2634
381.85917 -3674.3444
381.86471 -3664.698
381.86471 -3666.7931
381.88132 -3600.0252
381.88132 -3602.1187
381.89793 -3468.3065
381.89793 -3470.4055
381.91453 -3569.6292
381.91453 -3571.7215
381.93114 -3879.6227
381.93114 -3881.7131
381.94775 -3682.7563
381.94775 -3684.8476
381.96436 -3577.7213
381.96436 -3579.8197
381.9699 -3778.4807
381.98097 -3514.3464
381.98097 -3516.439
381.99758 -3635.9208
381.99758 -3638.0088
382.01419 -3750.6145
382.01419 -3752.7073
382.02526 -3483.2312
382.0308 -3667.1902
382.0308 -3669.2933
382.0474 -3533.6109
382.0474 -3535.7115
382.06401 -3726.0787
382.06401 -3728.1771
382.08062 -3574.8442
382.08062 -3576.9397
382.09723 -3515.2694
382.09723 -3517.3719
382.11384 -3666.3837
382.11384 -3668.4883
382.13045 -3676.1133
382.13045 -3678.2158
382.13599 -3650.8892
382.14706 -3590.1433
382.14706 -3592.2514
382.16367 -3553.744
382.16367 -3555.8468
382.18028 -3455.2986
382.18028 -3459.6848
382.19135 -3835.7526
382.19688 -3779.1272
382.19688 -3781.2337
382.21349 -3672.7692
382.21349 -3674.8628
382.2301 -3583.4704
382.2301 -3585.562
382.24671 -3611.8797
382.24671 -3613.9657
382.26332 -3686.9921
382.26332 -3689.0791
382.27993 -3628.1852
382.27993 -3630.2732
382.29654 -3339.8883
382.29654 -3341.9901
382.30207 -3640.5258
382.31315 -3748.217
382.31315 -3750.3114
382.32976 -3778.3796
382.32976 -3780.4718
382.34636 -3448.9454
382.34636 -3451.0456
382.35744 -3452.8005
382.36297 -3574.1041
382.36297 -3576.1969
382.37958 -3374.5958
382.37958 -3376.6904
382.39619 -3484.2385
382.39619 -3486.3333
382.4128 -3598.7738
382.4128 -3600.8686
382.42941 -3344.3068
382.42941 -3346.3988
382.44602 -3729.4149
382.44602 -3731.5114
382.46263 -3810.5567
382.46263 -3812.6474
382.46816 -3621.2605
382.47923 -3647.7922
382.47923 -3649.888
382.49584 -3030.7244
382.49584 -3032.8302
382.51245 -3488.7008
382.51245 -3490.7964
382.52352 -3760.9673
382.52906 -3834.063
382.52906 -3836.1606
382.54567 -3534.333
382.54567 -3536.4239
382.56228 -3786.137
382.56228 -3788.2378
382.57889 -3542.254
382.57889 -3544.3591
382.5955 -3716.0818
382.5955 -3718.1722
382.61211 -3507.5491
382.61211 -3509.65
382.62871 -3307.6591
382.62871 -3309.7511
382.63425 -3413.6943
382.64532 -3490.8214
382.64532 -3492.9145
382.66193 -3386.124
382.66193 -3388.2183
382.67854 -3519.3817
382.67854 -3521.4826
382.68961 -3556.4096
382.69515 -3627.5563
382.69515 -3629.655
382.71176 -3679.265
382.71176 -3681.3618
382.72837 -3563.4994
382.72837 -3565.5985
382.74498 -3368.7931
382.74498 -3370.8864
382.76158 -3732.6945
382.76158 -3734.7943
382.77819 -3556.337
382.77819 -3558.4237
382.7948 -3610.6457
382.7948 -3612.748
382.80034 -3519.7307
382.81141 -3361.9783
382.81141 -3364.0808
382.82802 -3693.2947
382.82802 -3695.3841
382.84463 -3538.6845
382.84463 -3540.7797
382.8557 -3522.3147
382.86124 -3495.7068
382.86124 -3497.8066
382.87785 -3654.76
382.87785 -3656.8589
382.89446 -3615.1365
382.89446 -3617.2418
382.91106 -3440.8728
382.91106 -3442.9736
382.92767 -3628.0273
382.92767 -3630.1201
382.94428 -3662.9917
382.94428 -3665.093
382.96089 -3804.7158
382.96089 -3806.8157
382.96643 -3650.2339
382.9775 -3737.7613
382.9775 -3739.8526
382.99411 -3592.2223
382.99411 -3594.3115
383.01072 -3429.6568
383.01072 -3431.7478
383.02179 -3710.1651
383.02733 -3672.6798
383.02733 -3674.779
383.04393 -3649.1391
383.04393 -3651.2282
383.06054 -3504.9233
383.06054 -3507.0096
383.07715 -3583.8849
383.07715 -3585.9769
383.09376 -3576.3422
383.09376 -3578.4289
383.11037 -3596.2803
383.11037 -3598.359
383.12698 -3733.5653
383.12698 -3735.6626
383.13252 -3791.6073
383.14359 -3654.1244
383.14359 -3656.2157
383.1602 -3382.6741
383.1602 -3384.7595
383.17681 -3858.8573
383.17681 -3860.9526
383.18788 -3260.6585
383.19341 -3311.1968
383.19341 -3313.2912
383.21002 -3617.3079
383.21002 -3619.4017
383.22663 -3782.3857
383.22663 -3784.4756
383.24324 -3642.1754
383.24324 -3644.2759
383.25985 -3725.9092
383.25985 -3727.9962
383.27646 -3492.8361
383.27646 -3494.9195
383.29307 -3554.4871
383.29307 -3556.5809
383.2986 -3540.4757
383.30968 -3435.3326
383.30968 -3437.4417
383.32628 -3529.0049
383.32628 -3531.0933
383.34289 -3745.4818
383.34289 -3747.577
383.35397 -3417.4795
383.3595 -3629.6026
383.3595 -3631.6952
383.37611 -3424.1239
383.37611 -3426.2182
383.39272 -3558.484
383.39272 -3560.5736
383.40933 -3700.1022
383.40933 -3702.193
383.42594 -3544.0415
383.42594 -3546.1376
383.44255 -3292.5907
383.44255 -3294.6846
383.45916 -3806.0628
383.45916 -3808.1552
383.46469 -3698.1903
383.47576 -3486.658
383.47576 -3488.7516
383.49237 -3613.7774
383.49237 -3615.868
383.50898 -3967.0174
383.50898 -3969.1043
383.52005 -3792.4913
383.52559 -3751.6991
383.52559 -3753.7807
383.5422 -3534.4894
383.5422 -3536.5769
383.55881 -3607.5503
383.55881 -3609.6393
383.57542 -3781.3073
383.57542 -3783.4021
383.59203 -3539.2417
383.59203 -3541.3316
383.60864 -3758.6616
383.60864 -3760.7494
383.62524 -3675.1024
383.62524 -3677.1909
383.63078 -3511.833
383.64185 -3679.9164
383.64185 -3682.0059
383.65846 -3657.7614
383.65846 -3659.8566
383.67507 -3874.0911
383.67507 -3876.179
383.68614 -3975.9076
383.69168 -3957.1009
383.69168 -3959.1928
383.70829 -3632.504
383.70829 -3634.5886
383.7249 -3807.492
383.7249 -3809.5805
383.74151 -3759.2924
383.74151 -3761.3764
383.75811 -3577.1665
383.75811 -3579.2541
383.77472 -3593.0875
383.77472 -3595.1756
383.79133 -3398.9393
383.79133 -3401.0318
383.79687 -3694.6117
383.80794 -3698.8105
383.80794 -3700.8999
383.82455 -3759.2437
383.82455 -3761.3241
383.84116 -3767.4473
383.84116 -3769.5329
383.85223 -3858.1881
383.85777 -3829.6209
383.85777 -3831.7115
383.87438 -3838.0054
383.87438 -3840.0899
383.89099 -3415.6688
383.89099 -3417.7515
383.90759 -3644.913
383.90759 -3646.9999
383.9242 -3806.0528
383.9242 -3808.1418
383.94081 -3838.1313
383.94081 -3840.2254
383.95742 -3797.2453
383.95742 -3799.3298
383.96296 -3758.0237
383.97403 -3639.7738
383.97403 -3641.865
383.99064 -3857.3656
383.99064 -3859.4525
384.00725 -3733.8129
384.00725 -3735.8974
384.01832 -3783.5913
384.02386 -3755.4184
384.02386 -3757.5079
384.04046 -3945.8873
384.04046 -3947.986
384.05707 -3662.131
384.05707 -3664.2336
384.07368 -3715.2789
384.07368 -3717.3645
384.09029 -3725.3415
384.09029 -3727.4287
384.1069 -3629.4396
384.1069 -3631.5329
384.12351 -3818.6819
384.12351 -3820.7756
384.12905 -3710.162
384.14012 -3975.1149
384.14012 -3977.2115
384.15673 -4061.2995
384.15673 -4063.3853
384.17334 -3695.3066
384.17334 -3697.3921
384.18441 -3588.8084
384.18994 -3648.8929
384.18994 -3650.9821
384.20655 -4099.8951
384.20655 -4101.9878
384.22316 -3718.3396
384.22316 -3720.4282
384.23977 -3958.3763
384.23977 -3960.4647
384.25638 -3773.8161
384.25638 -3775.9158
384.27299 -3657.144
384.27299 -3659.2378
384.2896 -3525.9039
384.2896 -3527.9982
384.29513 -3689.1203
384.30621 -3646.4277
384.30621 -3648.5163
384.32281 -3869.8617
384.32281 -3871.9492
384.33942 -3698.5096
384.33942 -3700.5974
384.3505 -3742.568
384.35603 -3628.3809
384.35603 -3630.4728
384.37264 -4042.4684
384.37264 -4044.5624
384.38925 -3690.1173
384.38925 -3692.2084
384.40586 -3694.4615
384.40586 -3696.5503
384.42247 -3721.2222
384.42247 -3723.3106
384.43908 -3787.7236
384.43908 -3789.7979
384.45569 -3892.9565
384.45569 -3895.0513
384.46122 -3911.2741
384.47229 -3971.2354
384.47229 -3973.3261
384.4889 -3962.9187
384.4889 -3965.0081
384.50551 -3761.6397
384.50551 -3763.7223
384.51658 -4097.0206
384.52212 -4007.1921
384.52212 -4009.2869
384.53873 -4062.7788
384.53873 -4064.8634
384.55534 -3999.737
384.55534 -4001.8249
384.57195 -4048.9446
384.57195 -4051.0273
384.58856 -3933.0057
384.58856 -3935.0958
384.60516 -4117.0837
384.60516 -4119.1706
384.62177 -3765.8532
384.62177 -3767.9348
384.62731 -3753.425
384.63838 -3435.0044
384.63838 -3437.0927
384.65499 -3647.9881
384.65499 -3650.0798
384.6716 -3828.2674
384.6716 -3830.3553
384.68267 -3954.5161
384.68821 -3981.7185
384.68821 -3983.8078
384.70482 -3838.1016
384.70482 -3840.1904
384.72143 -3971.6646
384.72143 -3973.7484
384.73804 -4224.9794
384.73804 -4227.077
384.75464 -3821.0811
384.75464 -3823.1751
384.77125 -3588.0893
384.77125 -3590.1775
384.78786 -3687.0581
384.78786 -3689.1457
384.7934 -4100.6928
384.80447 -3848.3116
384.80447 -3850.4045
384.82108 -3867.5733
384.82108 -3869.6554
384.83769 -4146.6605
384.83769 -4148.7525
384.84876 -3754.9379
384.8543 -3951.1336
384.8543 -3953.2237
384.87091 -3875.1784
384.87091 -3877.2589
384.88752 -3912.8526
384.88752 -3914.9424
384.90412 -4193.5396
384.90412 -4195.6299
384.92073 -3889.198
384.92073 -3891.2815
384.93734 -4081.302
384.93734 -4083.3886
384.95395 -4017.9568
384.95395 -4020.0412
384.95949 -3899.0936
384.97056 -3942.0686
384.97056 -3944.1516
384.98717 -3748.8888
384.98717 -3750.9718
385.00378 -3989.5856
385.00378 -3991.6676
385.01485 -4424.1891
385.02039 -4088.6939
385.02039 -4090.7787
385.03699 -3916.6014
385.03699 -3918.6919
385.0536 -3921.1961
385.0536 -3923.2848
385.07021 -3812.4478
385.07021 -3814.5307
385.08682 -4085.511
385.08682 -4087.6048
385.10343 -4100.1829
385.10343 -4102.2765
385.12004 -3732.6924
385.12004 -3734.7778
385.12557 -3802.4619
385.13665 -3933.7237
385.13665 -3935.8117
385.15326 -4064.5975
385.15326 -4066.6874
385.16987 -3894.1162
385.16987 -3896.2089
385.18094 -4181.4159
385.18647 -3778.65
385.18647 -3780.7374
385.20308 -4166.617
385.20308 -4168.7091
385.21969 -4153.9292
385.21969 -4156.0178
385.2363 -3942.1392
385.2363 -3944.2362
385.25291 -4482.8822
385.25291 -4484.9794
385.26952 -4132.8792
385.26952 -4134.9737
385.28613 -3935.4717
385.28613 -3937.5639
385.29166 -3980.8598
385.30274 -3626.4278
385.30274 -3628.5164
385.31934 -4055.8704
385.31934 -4057.9606
385.33595 -4329.1278
385.33595 -4331.2207
385.34703 -3990.5705
385.35256 -4044.1925
385.35256 -4046.2878
385.36917 -4045.1879
385.36917 -4047.2755
385.38578 -3885.298
385.38578 -3887.3919
385.40239 -4206.1424
385.40239 -4208.2298
385.419 -4060.0226
385.419 -4062.1115
385.43561 -3720.1671
385.43561 -3722.2508
385.45222 -4068.5656
385.45222 -4070.6481
385.45775 -3935.5902
385.46882 -4198.1144
385.46882 -4200.2001
385.48543 -4237.946
385.48543 -4240.0278
385.50204 -4008.2945
385.50204 -4010.3758
385.51311 -4315.5052
385.51865 -3932.3054
385.51865 -3934.3933
385.53526 -3995.9432
385.53526 -3998.0329
385.55187 -4105.4438
385.55187 -4107.5291
385.56848 -4112.9725
385.56848 -4115.0579
385.58509 -4036.7902
385.58509 -4038.8871
385.60169 -4092.4196
385.60169 -4094.5058
385.6183 -4278.3175
385.6183 -4280.4099
385.62384 -4289.8523
385.63491 -3994.6352
385.63491 -3996.7213
385.65152 -4289.5536
385.65152 -4291.64
385.66813 -3954.1176
385.66813 -3956.2037
385.6792 -4407.7033
385.68474 -4129.9061
385.68474 -4131.9894
385.70135 -4225.5002
385.70135 -4227.5795
385.71796 -3951.3334
385.71796 -3953.4107
385.73457 -4176.5156
385.73457 -4178.5967
385.75117 -4148.3848
385.75117 -4150.4654
385.76778 -4062.0881
385.76778 -4064.1726
385.78439 -4067.403
385.78439 -4069.4825
385.78993 -4118.8273
385.801 -3738.6555
385.801 -3740.7343
385.81761 -4029.2378
385.81761 -4031.3282
385.83422 -4094.8346
385.83422 -4096.9201
385.84529 -4179.6872
385.85083 -3998.4246
385.85083 -4000.507
385.86744 -4331.6594
385.86744 -4333.7465
385.88404 -3994.783
385.88404 -3996.8709
385.90065 -4305.6724
385.90065 -4307.7504
385.91726 -3943.6041
385.91726 -3945.696
385.93387 -3987.0399
385.93387 -3989.125
385.95048 -4193.65
385.95048 -4195.7429
385.95602 -4373.1438
385.96709 -3923.81
385.96709 -3925.8985
385.9837 -4001.6693
385.9837 -4003.7673
386.00031 -4285.2747
386.00031 -4287.3609
386.01138 -4465.54
386.01692 -4233.5052
386.01692 -4235.5979
386.03352 -3946.5857
386.03352 -3948.6756
386.05013 -3964.4969
386.05013 -3966.5823
386.06674 -4217.9682
386.06674 -4220.0611
386.08335 -3923.5312
386.08335 -3925.6136
386.09996 -4033.2742
386.09996 -4035.3531
386.11657 -3871.0904
386.11657 -3873.1735
386.1221 -3952.8941
386.13318 -4121.5402
386.13318 -4123.6356
386.14979 -4354.6003
386.14979 -4356.6802
386.1664 -4155.3356
386.1664 -4157.4106
386.17747 -4302.9641
386.183 -4376.5816
386.183 -4378.6582
386.19961 -4124.0876
386.19961 -4126.1561
386.21622 -3901.9515
386.21622 -3904.0303
386.23283 -4108.1017
386.23283 -4110.1841
386.24944 -4099.3227
386.24944 -4101.3983
386.26605 -4058.5867
386.26605 -4060.661
386.28266 -3883.845
386.28266 -3885.9208
386.28819 -4057.8918
386.29927 -4045.5223
386.29927 -4047.5962
386.31587 -3940.3129
386.31587 -3942.3884
386.33248 -3802.0561
386.33248 -3804.1334
386.34356 -4067.7373
386.34909 -3911.3568
386.34909 -3913.433
386.3657 -4226.6954
386.3657 -4228.7721
386.38231 -4352.9305
386.38231 -4355.013
386.39892 -4055.0598
386.39892 -4057.1416
386.41553 -3848.6346
386.41553 -3850.7061
386.43214 -4186.646
386.43214 -4188.7231
386.44875 -3923.1039
386.44875 -3925.1802
386.45428 -3924.929
386.46535 -4169.9958
386.46535 -4172.0761
386.48196 -4094.0132
386.48196 -4096.084
386.49857 -4094.6852
386.49857 -4096.7564
386.50964 -4250.6468
386.51518 -4136.9015
386.51518 -4138.9754
386.53179 -3998.7236
386.53179 -4000.7973
386.5484 -4074.1741
386.5484 -4076.2483
386.56501 -3954.9641
386.56501 -3957.0385
386.58162 -4214.6639
386.58162 -4216.7412
386.59822 -4079.6868
386.59822 -4081.7578
386.61483 -3977.7763
386.61483 -3979.8489
386.62037 -4146.2619
386.63144 -4301.7492
386.63144 -4303.8261
386.64805 -3970.6976
386.64805 -3972.7743
386.66466 -3824.8847
386.66466 -3826.9548
386.67573 -4196.3421
386.68127 -4137.4562
386.68127 -4139.5288
386.69788 -4114.2968
386.69788 -4116.375
386.71449 -4285.8021
386.71449 -4287.875
386.7311 -4301.2397
386.7311 -4303.3135
386.7477 -4226.6732
386.7477 -4228.75
386.76431 -3999.2881
386.76431 -4001.3551
386.78092 -3965.0343
386.78092 -3967.1075
386.78646 -4014.6163
386.79753 -4195.5479
386.79753 -4197.6252
386.81414 -4091.9741
386.81414 -4094.0496
386.83075 -4043.7536
386.83075 -4045.8213
386.84182 -3923.7356
386.84736 -3983.4648
386.84736 -3985.5372
386.86397 -4246.9902
386.86397 -4249.0648
386.88057 -4203.5932
386.88057 -4205.6698
386.89718 -4258.4146
386.89718 -4260.4881
386.91379 -4065.5438
386.91379 -4067.6149
386.9304 -4317.5005
386.9304 -4319.5709
386.94701 -4130.5852
386.94701 -4132.654
386.95255 -4100.4577
386.96362 -3971.6976
386.96362 -3973.7678
386.98023 -3929.9956
386.98023 -3932.0697
386.99684 -4158.2049
386.99684 -4160.2731
387.00791 -4054.5505
387.01345 -4271.6307
387.01345 -4273.7031
387.03005 -4003.0259
387.03005 -4005.0985
387.04666 -4214.1481
387.04666 -4216.2271
387.06327 -4148.5021
387.06327 -4150.57
387.07988 -4023.1492
387.07988 -4025.2072
387.09649 -4366.0973
387.09649 -4368.1652
387.1131 -4456.0286
387.1131 -4458.0921
387.11863 -4123.1094
387.12971 -4145.98
387.12971 -4148.0501
387.14632 -3977.3732
387.14632 -3979.436
387.16292 -4186.4441
387.16292 -4188.5145
387.174 -4343.1565
387.17953 -4470.409
387.17953 -4472.4709
387.19614 -3900.8001
387.19614 -3902.8621
387.21275 -4074.6497
387.21275 -4076.7212
387.22936 -4086.9718
387.22936 -4089.0331
387.24597 -4326.4878
387.24597 -4328.5597
387.26258 -4197.0233
387.26258 -4199.0867
387.27919 -4127.6608
387.27919 -4129.7223
387.28472 -4134.7958
387.2958 -4025.1715
387.2958 -4027.2306
387.3124 -4094.7444
387.3124 -4096.8103
387.32901 -4178.3607
387.32901 -4180.4156
387.34009 -4093.9106
387.34562 -4159.8269
387.34562 -4161.8949
387.36223 -4162.1252
387.36223 -4164.1923
387.37884 -4098.8777
387.37884 -4100.9463
387.39545 -4365.4655
387.39545 -4367.5281
387.41206 -4275.2751
387.41206 -4277.3345
387.42867 -4241.4424
387.42867 -4243.5133
387.44528 -4134.3413
387.44528 -4136.3982
387.45081 -4067.2611
387.46188 -4210.8988
387.46188 -4212.9594
387.47849 -4100.9273
387.47849 -4102.9922
387.4951 -4299.3947
387.4951 -4301.4603
387.50617 -4157.91
387.51171 -4225.2619
387.51171 -4227.3096
387.52832 -4270.3978
387.52832 -4272.4606
387.54493 -4415.1666
387.54493 -4417.2389
387.56154 -3909.3178
387.56154 -3911.3669
387.57815 -4214.3101
387.57815 -4216.3835
387.59475 -3936.6061
387.59475 -3938.671
387.61136 -4013.4986
387.61136 -4015.5589
387.6169 -3960.1413
387.62797 -4373.4909
387.62797 -4375.5508
387.64458 -4097.8886
387.64458 -4099.9527
387.66119 -4246.8553
387.66119 -4248.9243
387.67226 -3904.1915
387.6778 -3828.3388
387.6778 -3830.4083
387.69441 -4057.2653
387.69441 -4059.3281
387.71102 -4255.7932
387.71102 -4257.8567
387.72763 -3895.031
387.72763 -3897.1003
387.74423 -4193.0663
387.74423 -4195.15
387.76084 -4107.4607
387.76084 -4109.5316
387.77745 -4291.986
387.77745 -4294.0501
387.78299 -4179.9221
387.79406 -4146.5525
387.79406 -4148.616
387.81067 -4283.0747
387.81067 -4285.1398
387.82728 -4310.189
387.82728 -4312.2556
387.83835 -4179.5601
387.84389 -3965.0786
387.84389 -3967.1428
387.8605 -4355.387
387.8605 -4357.4389
387.8771 -4275.3011
387.8771 -4277.3637
387.89371 -4377.4832
387.89371 -4379.5406
387.91032 -4301.476
387.91032 -4303.5222
387.92693 -4403.0446
387.92693 -4405.0963
387.94354 -4281.7207
387.94354 -4283.7733
387.94908 -4052.0326
387.96015 -3771.5292
387.96015 -3773.5804
387.97676 -4129.1831
387.97676 -4131.2391
387.99337 -4315.3043
387.99337 -4317.36
388.00444 -4042.1399
388.00998 -4034.804
388.00998 -4036.8558
388.02658 -4147.7867
388.02658 -4149.8555
388.04319 -4252.3894
388.04319 -4254.4537
388.0598 -4257.2407
388.0598 -4259.3051
388.07641 -4389.5854
388.07641 -4391.6432
388.09302 -4378.6986
388.09302 -4380.7603
388.10963 -4018.6007
388.10963 -4020.6648
388.11516 -4130.3005
388.12624 -4052.2465
388.12624 -4054.3126
388.14285 -4252.7657
388.14285 -4254.8287
388.15945 -4178.5326
388.15945 -4180.5915
388.17053 -4111.3327
388.17606 -4287.5696
388.17606 -4289.6212
388.19267 -4001.3216
388.19267 -4003.389
388.20928 -4322.2217
388.20928 -4324.2877
388.22589 -4127.9143
388.22589 -4129.9789
388.2425 -4507.1395
388.2425 -4509.2069
388.25911 -4526.4119
388.25911 -4528.4754
388.27572 -4073.4627
388.27572 -4075.5301
388.28125 -4419.1336
388.29233 -4181.7295
388.29233 -4183.7969
388.30893 -4213.8598
388.30893 -4215.9283
388.32554 -4385.4238
388.32554 -4387.4886
388.33662 -4324.5749
388.34215 -4510.9479
388.34215 -4513.011
388.35876 -4100.3992
388.35876 -4102.4577
388.37537 -4235.5117
388.37537 -4237.5729
388.39198 -4451.3171
388.39198 -4453.374
388.40859 -4152.6449
388.40859 -4154.7062
388.4252 -3939.3682
388.4252 -3941.4367
388.4418 -4132.3136
388.4418 -4134.3686
388.44734 -4256.8915
388.45841 -4659.8068
388.45841 -4661.8639
388.47502 -4103.3444
388.47502 -4105.3924
388.49163 -4285.844
388.49163 -4287.91
388.5027 -4828.2806
388.50824 -4497.0331
388.50824 -4499.0943
388.52485 -4177.9181
388.52485 -4179.9754
388.54146 -4071.1361
388.54146 -4073.1935
388.55807 -4293.0335
388.55807 -4295.0866
388.57468 -4204.3879
388.57468 -4206.4419
388.59128 -4061.7353
388.59128 -4063.7893
388.60789 -4289.1435
388.60789 -4291.1976
388.61343 -4485.9551
388.6245 -4534.3974
388.6245 -4536.4484
388.64111 -4216.8886
388.64111 -4218.9416
388.65772 -4357.7792
388.65772 -4359.8348
388.66879 -4434.1803
388.67433 -4597.1981
388.67433 -4599.2654
388.69094 -4007.09
388.69094 -4009.1431
388.70755 -4089.9178
388.70755 -4091.9712
388.72416 -4400.7142
388.72416 -4402.7667
388.74076 -4274.5665
388.74076 -4223.4844
388.75737 -4105.2127
388.75737 -4107.2694
388.77398 -3771.7262
388.77398 -3773.7863
388.79059 -4225.9843
388.79059 -4228.0465
388.79613 -4398.8749
388.8072 -4036.8483
388.8072 -4038.9033
388.82381 -3983.2918
388.82381 -3985.3443
388.84042 -4068.9583
388.84042 -4071.0115
388.85149 -4172.3432
388.85703 -4008.3243
388.85703 -4010.3816
388.87363 -4008.6585
388.87363 -4010.7147
388.89024 -4071.9745
388.89024 -4074.0235
388.90685 -4161.1137
388.90685 -4163.1641
388.92346 -4174.8305
388.92346 -4176.8781
388.94007 -3839.1982
388.94007 -3841.2495
388.95668 -4103.2015
388.95668 -4105.2481
388.96221 -4005.1647
388.97329 -4246.4392
388.97329 -4248.4837
388.9899 -3910.9633
388.9899 -3913.006
389.00651 -3862.8229
389.00651 -3864.8768
389.01758 -4407.0311
389.02311 -4342.2491
389.02311 -4344.2976
389.03972 -4154.0411
389.03972 -4156.0891
389.05633 -3805.2594
389.05633 -3807.3136
389.07294 -4245.2864
389.07294 -4247.3363
389.08955 -4331.7694
389.08955 -4333.8207
389.10616 -3814.6068
389.10616 -3816.6531
389.12277 -4129.9898
389.12277 -4132.0344
389.1283 -4303.8727
389.13938 -4104.7556
389.13938 -4106.8017
389.15598 -4143.5106
389.15598 -4145.5568
389.17259 -4154.1975
389.17259 -4156.2413
389.18367 -3878.2171
389.1892 -3863.631
389.1892 -3865.6744
389.20581 -4245.1278
389.20581 -4247.1682
389.22242 -4106.803
389.22242 -4108.8456
389.23903 -3918.3943
389.23903 -3920.432
389.25564 -3692.5826
389.25564 -3694.6272
389.27225 -3845.2583
389.27225 -3847.2859
389.28886 -4220.4818
389.28886 -4222.5265
389.29439 -4178.4856
389.30546 -3720.198
389.30546 -3722.2466
389.32207 -3961.6892
389.32207 -3963.7395
389.33868 -4010.5243
389.33868 -4012.5723
389.34975 -3874.6188
389.35529 -3894.626
389.35529 -3896.6801
389.3719 -4008.28
389.3719 -4010.326
389.38851 -3824.6825
389.38851 -3826.734
389.40512 -4109.9198
389.40512 -4111.9706
389.42173 -3989.5291
389.42173 -3991.5774
389.43833 -4259.4255
389.43833 -4261.4681
389.45494 -4077.0121
389.45494 -4079.0513
389.46048 -4123.9384
389.47155 -3712.7286
389.47155 -3714.7747
389.48816 -4082.7976
389.48816 -4084.8409
389.50477 -4079.5347
389.50477 -4081.5738
389.51584 -3928.5149
389.52138 -3869.4863
389.52138 -3871.5282
389.53799 -3749.9299
389.53799 -3751.9805
389.5546 -4079.4128
389.5546 -4081.462
389.57121 -4440.9397
389.57121 -4442.9956
389.58781 -4331.4358
389.58781 -4333.4847
389.60442 -3921.3159
389.60442 -3923.3624
389.62103 -3832.664
389.62103 -3834.7254
389.62657 -3902.8973
389.63764 -4066.1805
389.63764 -4068.2298
389.65425 -3945.6434
389.65425 -3947.6944
389.67086 -4168.6047
389.67086 -4170.6574
389.68193 -4208.3727
389.68747 -4101.288
389.68747 -4103.3373
389.70408 -4279.2479
389.70408 -4281.3092
389.72068 -4006.3206
389.72068 -4008.3805
389.73729 -4144.5457
389.73729 -4146.596
389.7539 -4046.1509
389.7539 -4048.2061
389.77051 -4026.9679
389.77051 -4029.0165
389.78712 -3961.1126
389.78712 -3963.1629
389.79266 -4070.9177
389.80373 -3990.6866
389.80373 -3992.7261
389.82034 -4271.2513
389.82034 -4273.3045
389.83695 -4184.9272
389.83695 -4186.9666
389.84802 -3817.8769
389.85356 -4008.8896
389.85356 -4010.9343
389.87016 -4001.1164
389.87016 -4003.162
389.88677 -4027.1742
389.88677 -4029.2156
389.90338 -3901.3526
389.90338 -3903.3905
389.91999 -3798.1334
389.91999 -3800.1739
389.9366 -3920.4469
389.9366 -3922.4858
389.95321 -3976.9921
389.95321 -3979.0307
389.95874 -4209.3997
389.96982 -4075.7643
389.96982 -4077.7952
389.98643 -4047.8695
389.98643 -4049.8989
390.00304 -3991.9273
390.00304 -3993.9604
390.01411 -4021.0216
390.01964 -4039.4728
390.01964 -4046.9974
390.03625 -3701.2057
390.03625 -3703.2453
390.05286 -3949.8468
390.05286 -3951.8914
390.06947 -4026.7356
390.06947 -4028.7762
390.07501 -4093.4311
390.08608 -4007.0365
390.08608 -4009.0847
390.10269 -3819.2058
390.10269 -3821.2512
390.1193 -3573.4295
390.1193 -3575.4851
390.13037 -3981.184
390.13591 -4102.9856
390.13591 -4105.0267
390.15251 -3732.1818
390.15251 -3734.2235
390.16912 -3894.6031
390.16912 -3896.6392
390.18573 -4131.3968
390.18573 -4133.4284
390.20234 -3798.7335
390.20234 -3800.7698
390.21895 -3822.6353
390.21895 -3824.676
390.23556 -3887.1279
390.23556 -3889.1627
390.24109 -4102.2261
390.25217 -3958.8465
390.25217 -3960.884
390.26878 -3815.4581
390.26878 -3817.5027
390.28539 -3773.6299
390.28539 -3775.6605
390.29646 -3678.8396
390.30199 -3759.6536
390.30199 -3761.7012
390.3186 -3686.8622
390.3186 -3688.8974
390.33521 -3762.272
390.33521 -3764.3042
390.35182 -3723.8654
390.35182 -3725.9054
390.36843 -3571.1809
390.36843 -3573.2317
390.38504 -3609.8033
390.38504 -3611.8359
390.40165 -3541.1937
390.40165 -3543.2387
390.40718 -3708.335
390.41826 -3823.0764
390.41826 -3825.1111
390.43486 -3973.5542
390.43486 -3975.5914
390.45147 -3826.056
390.45147 -3828.0889
390.46255 -3641.9863
390.46808 -3814.0939
390.46808 -3816.1251
390.48469 -3855.8676
390.48469 -3857.9029
390.5013 -3940.397
390.5013 -3942.4315
390.51791 -3899.3976
390.51791 -3901.4333
390.53452 -3636.9985
390.53452 -3639.0342
390.55113 -3765.4317
390.55113 -3767.4734
390.56774 -3586.6267
390.56774 -3588.6647
390.57327 -3596.0664
390.58434 -3837.1836
390.58434 -3839.2233
390.60095 -3593.9065
390.60095 -3595.9413
390.61756 -3865.5804
390.61756 -3867.6139
390.62863 -3756.1568
390.63417 -3934.3787
390.63417 -3936.4113
390.65078 -3404.3923
390.65078 -3406.4174
390.66739 -3910.9337
390.66739 -3912.9642
390.684 -3615.0354
390.684 -3617.0631
390.70061 -3326.1654
390.70061 -3328.1903
390.71721 -3531.3576
390.71721 -3533.3906
390.73382 -3492.9413
390.73382 -3494.9697
390.75043 -3827.4954
390.75043 -3829.5203
390.76704 -3586.4386
390.76704 -3594.0115
390.78365 -3585.624
390.78365 -3587.6472
390.80026 -3501.502
390.80026 -3503.5223
390.81687 -3322.7754
390.81687 -3324.7998
390.8224 -3498.4376
390.83348 -3256.8754
390.83348 -3258.8971
390.85009 -3383.8613
390.85009 -3385.8883
390.86669 -3500.5573
390.86669 -3502.5787
390.87777 -3453.1478
390.8833 -3515.9557
390.8833 -3517.9769
390.89991 -3509.0434
390.89991 -3511.0641
390.91652 -3558.9306
390.91652 -3560.9425
390.93313 -3335.6097
390.93313 -3337.625
390.94974 -3590.6651
390.94974 -3592.6763
390.96635 -3582.8385
390.96635 -3584.8461
390.98296 -3204.3801
390.98296 -3206.3936
390.98849 -3416.6137
390.99956 -3097.2755
390.99956 -3099.296
391.01617 -3387.9242
391.01617 -3389.9524
391.03278 -3322.9599
391.03278 -3324.981
391.04386 -3213.3054
391.04939 -3221.7329
391.04939 -3223.7409
391.066 -3404.7119
391.066 -3406.724
391.08261 -3541.1549
391.08261 -3543.1723
391.09922 -3263.5496
391.09922 -3265.5674
391.11583 -3105.1003
391.11583 -3107.1096
391.13244 -3335.9719
391.13244 -3337.9754
391.14904 -3352.3821
391.14904 -3354.3926
391.15458 -3213.2872
391.16565 -3425.7101
391.16565 -3427.7207
391.18226 -3205.4772
391.18226 -3207.4845
391.19887 -3234.5865
391.19887 -3236.5905
391.20994 -3361.2977
391.21548 -3322.9387
391.21548 -3324.9514
391.23209 -3254.1077
391.23209 -3256.1204
391.2487 -3381.3583
391.2487 -3383.3658
391.26531 -3360.2051
391.26531 -3362.215
391.28191 -3166.3506
391.28191 -3168.3636
391.29852 -3254.7247
391.29852 -3256.7277
391.31513 -3101.938
391.31513 -3103.9394
391.32067 -3180.0078
391.33174 -3317.1974
391.33174 -3319.2055
391.34835 -3132.1477
391.34835 -3134.1515
391.36496 -3151.2248
391.36496 -3153.2333
391.37603 -2953.8191
391.38157 -3016.9874
391.38157 -3018.9949
391.39818 -2941.2797
391.39818 -2943.2874
391.41479 -3102.7014
391.41479 -3104.7084
391.43139 -2974.8569
391.43139 -2976.864
391.448 -3164.6721
391.448 -3166.6758
391.46461 -3166.5676
391.46461 -3168.5746
391.48122 -3054.5325
391.48122 -3056.537
391.48676 -2942.4319
391.49783 -3427.7221
391.49783 -3429.7275
391.51444 -3177.7148
391.51444 -3179.7104
391.53105 -3082.9738
391.53105 -3084.9701
391.54212 -2999.7322
391.54766 -2980.6558
391.54766 -2982.6545
391.56427 -2970.8961
391.56427 -2972.8931
391.58087 -3005.4274
391.58087 -3007.4277
391.59748 -3140.4605
391.59748 -3142.4602
391.61409 -3207.7048
391.61409 -3209.6989
391.6307 -3259.1088
391.6307 -3261.1018
391.64731 -3063.8459
391.64731 -3065.8438
391.65285 -2995.4204
391.66392 -2917.4614
391.66392 -2919.4582
391.68053 -3032.0832
391.68053 -3034.0738
391.69714 -3296.2146
391.69714 -3298.2097
391.70821 -2960.2025
391.71374 -2755.77
391.71374 -2757.7675
391.73035 -2861.2135
391.73035 -2863.2097
391.74696 -3031.5271
391.74696 -3033.5242
391.76357 -2889.377
391.76357 -2891.3849
391.78018 -3077.7045
391.78018 -3079.7067
391.79679 -2983.4538
391.79679 -2985.4656
391.8134 -2975.3868
391.8134 -2977.3876
391.81893 -3081.3566
391.83001 -2934.7429
391.83001 -2936.7477
391.84662 -3009.5372
391.84662 -3011.5397
391.86322 -3164.2747
391.86322 -3166.2744
391.8743 -3117.6702
391.87983 -3021.7609
391.87983 -3023.7538
391.89644 -3079.9413
391.89644 -3081.9431
391.91305 -2954.5888
391.91305 -2956.5828
391.92966 -2961.3612
391.92966 -2963.3521
391.94627 -2885.9281
391.94627 -2887.9221
391.96288 -2940.306
391.96288 -2942.2963
391.97949 -3059.299
391.97949 -3061.2862
391.98502 -2898.2364
391.99609 -2634.4401
391.99609 -2636.4287
392.0127 -2985.3952
392.0127 -2987.3839
392.02931 -3098.6531
392.02931 -3100.6414
392.04038 -2942.1756
392.04592 -2926.1973
392.04592 -2928.1745
392.06253 -2829.3971
392.06253 -2831.3821
392.07914 -2984.0799
392.07914 -2986.0543
392.09575 -3133.4011
392.09575 -3135.3797
392.11236 -2951.2489
392.11236 -2953.2316
392.12897 -2855.7358
392.12897 -2857.7188
392.14557 -2793.5328
392.14557 -2795.5084
392.15111 -2606.1299
392.16218 -2898.8578
392.16218 -2900.8432
392.17879 -2862.9575
392.17879 -2864.9374
392.1954 -2725.5062
392.1954 -2727.4919
392.20647 -3102.906
392.21201 -2945.878
392.21201 -2947.8588
392.22862 -2645.1381
392.22862 -2647.1229
392.24523 -2618.2635
392.24523 -2620.2498
392.26184 -2521.6563
392.26184 -2523.6403
392.27844 -3016.4402
392.27844 -3018.4212
392.29505 -2781.5717
392.29505 -2783.5559
392.31166 -2483.0693
392.31166 -2485.0534
392.3172 -2617.9013
392.32827 -3014.4478
392.32827 -3016.4256
392.34488 -3122.5754
392.34488 -3124.5538
392.36149 -2699.351
392.36149 -2701.3278
392.37256 -2846.0328
392.3781 -2804.7893
392.3781 -2806.7758
392.39471 -3030.2985
392.39471 -3032.274
392.41132 -3127.6861
392.41132 -3129.6617
392.42792 -2685.2747
392.42792 -2687.253
392.44453 -2780.109
392.44453 -2782.0913
392.46114 -2907.3211
392.46114 -2909.3027
392.47775 -3029.8634
392.47775 -3031.8399
392.48329 -3066.8959
392.49436 -2815.9129
392.49436 -2817.8885
392.51097 -2670.7073
392.51097 -2672.6882
392.52758 -2881.3494
392.52758 -2883.3228
392.53865 -2855.6326
392.54419 -2809.7918
392.54419 -2811.7614
392.56079 -2901.162
392.56079 -2903.1375
392.5774 -2729.054
392.5774 -2731.028
392.59401 -2668.8026
392.59401 -2670.7759
392.61062 -2853.1135
392.61062 -2855.086
392.62723 -2563.3378
392.62723 -2565.3121
392.64384 -2872.0801
392.64384 -2874.0567
392.64938 -2937.7667
392.66045 -2821.2679
392.66045 -2823.2371
392.67706 -2547.2843
392.67706 -2549.2609
392.69367 -2869.9878
392.69367 -2871.9572
392.70474 -2947.0705
392.71027 -2682.3785
392.71027 -2684.3538
392.72688 -2793.2624
392.72688 -2795.2329
392.74349 -2955.9855
392.74349 -2957.9558
392.7601 -2614.4329
392.7601 -2616.407
392.77671 -2824.8815
392.77671 -2826.8551
392.79332 -2691.8305
392.79332 -2693.8032
392.80993 -2672.5861
392.80993 -2674.5607
392.81546 -2759.6479
392.82654 -2627.6073
392.82654 -2629.5787
392.84315 -2724.6432
392.84315 -2726.6135
392.85975 -3024.2982
392.85975 -3026.2707
392.87083 -2871.27
392.87636 -2852.2796
392.87636 -2854.2459
392.89297 -2955.0006
392.89297 -2956.9686
392.90958 -2987.5311
392.90958 -2989.4985
392.92619 -2927.7885
392.92619 -2929.7492
392.9428 -3006.8252
392.9428 -3008.7881
392.95941 -2739.9118
392.95941 -2741.8864
392.97602 -2780.8492
392.97602 -2782.8256
392.98155 -2916.8546
392.99262 -2691.5618
392.99262 -2693.5248
393.00923 -2725.2242
393.00923 -2727.1845
393.02584 -3022.7148
393.02584 -3024.6784
393.03691 -2627.0735
393.04245 -2993.2951
393.04245 -2995.2533
393.05906 -2564.6598
393.05906 -2566.6212
393.07567 -2748.7065
393.07567 -2750.6536
393.09228 -3089.4634
393.09228 -3091.4201
393.10889 -2831.7944
393.10889 -2833.7441
393.1255 -2515.0169
393.1255 -2516.9685
393.1421 -2722.494
393.1421 -2724.4549
393.14764 -2733.9915
393.15871 -2782.6279
393.15871 -2784.5781
393.17532 -2920.0247
393.17532 -2921.9813
393.19193 -2718.2414
393.19193 -2720.1988
393.203 -2705.1411
393.20854 -2917.252
393.20854 -2919.201
393.22515 -2991.0151
393.22515 -2992.9725
393.24176 -2524.7476
393.24176 -2526.6973
393.25837 -2520.243
393.25837 -2522.1991
393.27497 -2858.3534
393.27497 -2860.3055
393.29158 -2863.134
393.29158 -2865.0869
393.30819 -2739.3687
393.30819 -2741.3201
393.31373 -2664.7714
393.3248 -2800.6571
393.3248 -2802.6035
393.34141 -2798.648
393.34141 -2800.5986
393.35802 -2675.4794
393.35802 -2677.4316
393.36909 -2707.8642
393.37463 -2859.1851
393.37463 -2861.1359
393.39124 -2608.187
393.39124 -2610.1332
393.40785 -2765.1156
393.40785 -2767.0706
393.42445 -3055.3807
393.42445 -3057.3319
393.44106 -2831.9161
393.44106 -2833.8655
393.45767 -2724.9235
393.45767 -2726.8743
393.47428 -2881.8211
393.47428 -2883.7767
393.47982 -2939.3948
393.49089 -2748.7146
393.49089 -2750.6696
393.5075 -2698.3148
393.5075 -2700.2645
393.52411 -2740.9488
393.52411 -2742.9037
393.53518 -2548.1745
393.54072 -2668.5262
393.54072 -2670.4825
393.55732 -2831.553
393.55732 -2833.4962
393.57393 -2802.6265
393.57393 -2804.5722
393.59054 -2927.4436
393.59054 -2929.3932
393.60715 -2867.3328
393.60715 -2869.2795
393.62376 -2755.602
393.62376 -2757.5477
393.64037 -3013.6761
393.64037 -3015.6224
393.64591 -2959.6264
393.65698 -2848.3519
393.65698 -2850.3043
393.67359 -2495.9171
393.67359 -2497.8733
393.6902 -2842.6591
393.6902 -2844.5998
393.70127 -2644.9238
393.7068 -2663.1752
393.7068 -2665.1261
393.72341 -2795.6129
